source,country_code,iso3,year,coicop_version,coicop,category,spending_mnac,total_mnac,share_pct,imputed_rent_share_pct,eurostat_pc_tot,diff_vs_eurostat,flag,frozen_back_data,high_tourism
Eurostat,AL,ALB,1995,1999,CP01,Food & non-alcoholic beverages,89168.4,245741.0,36.28552012077756,,36.3,-0.014479879222434988,e,False,False
Eurostat,AL,ALB,1995,1999,CP04,Housing & utilities (incl. imputed rent),24918.9,245741.0,10.140310326726107,6.521011959746237,10.1,0.04031032672610735,e,False,False
Eurostat,AL,ALB,1996,1999,CP01,Food & non-alcoholic beverages,116549.7,309487.4,37.65894831259689,,37.7,-0.041051687403111714,,False,False
Eurostat,AL,ALB,1996,1999,CP04,Housing & utilities (incl. imputed rent),30289.1,309487.4,9.78686046669428,6.293729567019529,9.8,-0.013139533305720263,,False,False
Eurostat,AL,ALB,1997,1999,CP01,Food & non-alcoholic beverages,118488.8,318372.9,37.21698674730167,,37.2,0.01698674730166516,,False,False
Eurostat,AL,ALB,1997,1999,CP04,Housing & utilities (incl. imputed rent),35857.1,318372.9,11.262610605362452,7.285827405536086,11.3,-0.037389394637548534,,False,False
Eurostat,AL,ALB,1998,1999,CP01,Food & non-alcoholic beverages,129252.9,360541.2,35.84968930041837,,35.8,0.04968930041837183,,False,False
Eurostat,AL,ALB,1998,1999,CP04,Housing & utilities (incl. imputed rent),44501.1,360541.2,12.342861231947971,7.8195779012218285,12.3,0.042861231947970424,,False,False
Eurostat,AL,ALB,1999,1999,CP01,Food & non-alcoholic beverages,134103.6,382929.8,35.020413663287634,,35.0,0.020413663287634165,,False,False
Eurostat,AL,ALB,1999,1999,CP04,Housing & utilities (incl. imputed rent),50204.1,382929.8,13.110523129826928,8.262297684849807,13.1,0.010523129826928823,,False,False
Eurostat,AL,ALB,2000,1999,CP01,Food & non-alcoholic beverages,137476.2,413438.9,33.251878330752135,,33.3,-0.04812166924786254,,False,False
Eurostat,AL,ALB,2000,1999,CP04,Housing & utilities (incl. imputed rent),60502.9,413438.9,14.634060800761612,9.17765599705301,14.6,0.03406080076161189,,False,False
Eurostat,AL,ALB,2001,1999,CP01,Food & non-alcoholic beverages,143617.5,444560.2,32.30552352639755,,32.3,0.005523526397553269,,False,False
Eurostat,AL,ALB,2001,1999,CP04,Housing & utilities (incl. imputed rent),69919.2,444560.2,15.727723714358593,9.826588165112396,15.7,0.027723714358593554,,False,False
Eurostat,AL,ALB,2002,1999,CP01,Food & non-alcoholic beverages,157359.1,486921.2,32.31715932680688,,32.3,0.017159326806883257,,False,False
Eurostat,AL,ALB,2002,1999,CP04,Housing & utilities (incl. imputed rent),75550.4,486921.2,15.515939745486538,9.421360170803817,15.5,0.01593974548653776,,False,False
Eurostat,AL,ALB,2003,1999,CP01,Food & non-alcoholic beverages,170428.8,534315.6,31.89665433687506,,31.9,-0.0033456631249393354,,False,False
Eurostat,AL,ALB,2003,1999,CP04,Housing & utilities (incl. imputed rent),79984.2,534315.6,14.969467483262703,9.004097952595808,15.0,-0.0305325167372974,,False,False
Eurostat,AL,ALB,2004,1999,CP01,Food & non-alcoholic beverages,173389.8,561221.9,30.895052384805368,,30.9,-0.004947615194630828,,False,False
Eurostat,AL,ALB,2004,1999,CP04,Housing & utilities (incl. imputed rent),87100.4,561221.9,15.519779253090443,9.368593777256375,15.5,0.019779253090442594,,False,False
Eurostat,AL,ALB,2005,1999,CP01,Food & non-alcoholic beverages,187129.3,616202.4,30.368155008808788,,30.4,-0.031844991191210426,,False,False
Eurostat,AL,ALB,2005,1999,CP04,Housing & utilities (incl. imputed rent),95439.7,616202.4,15.48836875675914,9.395662853633805,15.5,-0.011631243240859845,,False,False
Eurostat,AL,ALB,2006,1999,CP01,Food & non-alcoholic beverages,199725.8,672963.2,29.67856191839316,,29.7,-0.021438081606838466,,False,False
Eurostat,AL,ALB,2006,1999,CP04,Housing & utilities (incl. imputed rent),104536.8,672963.2,15.53380630619921,9.247400155015907,15.5,0.03380630619921021,,False,False
Eurostat,AL,ALB,2007,1999,CP01,Food & non-alcoholic beverages,222047.6,812699.6,27.322223365189302,,27.3,0.022223365189301347,,False,False
Eurostat,AL,ALB,2007,1999,CP04,Housing & utilities (incl. imputed rent),113848.2,812699.6,14.008644768620535,8.234924688039714,14.0,0.008644768620534649,,False,False
Eurostat,AL,ALB,2008,1999,CP01,Food & non-alcoholic beverages,247919.6,917236.5,27.02897235336797,,27.0,0.028972353367969106,,False,False
Eurostat,AL,ALB,2008,1999,CP04,Housing & utilities (incl. imputed rent),123522.8,917236.5,13.466843066101273,7.901626243613288,13.5,-0.0331569338987272,,False,False
Eurostat,AL,ALB,2009,1999,CP01,Food & non-alcoholic beverages,268474.5,953498.2,28.15679148633946,,28.2,-0.04320851366053802,,False,False
Eurostat,AL,ALB,2009,1999,CP04,Housing & utilities (incl. imputed rent),128209.3,953498.2,13.446202625238307,7.725310860576349,13.4,0.04620262523830654,,False,False
Eurostat,AL,ALB,2010,1999,CP01,Food & non-alcoholic beverages,280998.6,992068.0,28.32453017333489,,28.3,0.02453017333488816,,False,False
Eurostat,AL,ALB,2010,1999,CP04,Housing & utilities (incl. imputed rent),135783.0,992068.0,13.686864206889043,7.499727841236689,13.7,-0.013135793110956584,,False,False
Eurostat,AL,ALB,2011,1999,CP01,Food & non-alcoholic beverages,295684.2,1010500.7,29.261157364858832,,29.3,-0.03884263514116881,,False,False
Eurostat,AL,ALB,2011,1999,CP04,Housing & utilities (incl. imputed rent),143077.8,1010500.7,14.159099543424364,7.5046558602087075,14.2,-0.04090045657563479,,False,False
Eurostat,AL,ALB,2012,1999,CP01,Food & non-alcoholic beverages,305622.1,1036746.5,29.478961346867337,,29.5,-0.0210386531326634,,False,False
Eurostat,AL,ALB,2012,1999,CP04,Housing & utilities (incl. imputed rent),144701.3,1036746.5,13.957249915963063,7.431922847099074,14.0,-0.04275008403693725,,False,False
Eurostat,AL,ALB,2013,1999,CP01,Food & non-alcoholic beverages,312337.9,1042994.4,29.946268167882785,,29.9,0.046268167882786315,,False,False
Eurostat,AL,ALB,2013,1999,CP04,Housing & utilities (incl. imputed rent),150158.7,1042994.4,14.396884585382242,7.792103198253029,14.4,-0.0031154146177581055,,False,False
Eurostat,AL,ALB,2014,1999,CP01,Food & non-alcoholic beverages,325229.6,1100645.3,29.548992759065975,,29.5,0.04899275906597467,,False,False
Eurostat,AL,ALB,2014,1999,CP04,Housing & utilities (incl. imputed rent),153580.3,1100645.3,13.953659730341824,7.244077633366536,14.0,-0.046340269658175615,,False,False
Eurostat,AL,ALB,2015,1999,CP01,Food & non-alcoholic beverages,338082.7,1139503.6,29.669296349743867,,29.7,-0.03070365025613242,,False,False
Eurostat,AL,ALB,2015,1999,CP04,Housing & utilities (incl. imputed rent),155133.7,1139503.6,13.614147423492124,7.066375218121294,13.6,0.014147423492124389,,False,False
Eurostat,AL,ALB,2016,1999,CP01,Food & non-alcoholic beverages,345273.1,1192324.8,28.957973532044285,,29.0,-0.04202646795571496,,False,False
Eurostat,AL,ALB,2016,1999,CP04,Housing & utilities (incl. imputed rent),157877.9,1192324.8,13.24118226845571,6.871944624484872,13.2,0.04118226845571016,,False,False
Eurostat,AL,ALB,2017,1999,CP01,Food & non-alcoholic beverages,349009.7,1231786.2,28.33362640367298,,28.3,0.03362640367297942,,False,False
Eurostat,AL,ALB,2017,1999,CP04,Housing & utilities (incl. imputed rent),161980.3,1231786.2,13.150033666556746,6.748354543994729,13.2,-0.049966333443252964,,False,False
Eurostat,AL,ALB,2018,1999,CP01,Food & non-alcoholic beverages,361081.4,1280528.8,28.197835144355988,,28.2,-0.0021648556440112543,,False,False
Eurostat,AL,ALB,2018,1999,CP04,Housing & utilities (incl. imputed rent),166938.6,1280528.8,13.036692341476428,6.6900486736417015,13.0,0.03669234147642797,,False,False
Eurostat,AL,ALB,2019,1999,CP01,Food & non-alcoholic beverages,375725.2,1344504.0,27.94526457340402,,27.9,0.04526457340402246,,False,False
Eurostat,AL,ALB,2019,1999,CP04,Housing & utilities (incl. imputed rent),173589.1,1344504.0,12.911014024502718,6.781839250757157,12.9,0.01101402450271749,,False,False
Eurostat,AL,ALB,2020,1999,CP01,Food & non-alcoholic beverages,399649.6,1268882.6,31.496184122944072,,31.5,-0.0038158770559277855,,False,False
Eurostat,AL,ALB,2020,1999,CP04,Housing & utilities (incl. imputed rent),180313.2,1268882.6,14.21039267147331,7.554386828221933,14.2,0.010392671473310244,,False,False
Eurostat,AL,ALB,2021,1999,CP01,Food & non-alcoholic beverages,422715.9,1462830.4,28.897123002092385,,28.9,-0.002876997907613088,,False,False
Eurostat,AL,ALB,2021,1999,CP04,Housing & utilities (incl. imputed rent),188444.8,1462830.4,12.882204252796498,7.103325170163267,12.9,-0.017795747203502188,,False,False
Eurostat,AL,ALB,2022,1999,CP01,Food & non-alcoholic beverages,485539.5,1698539.5,28.585705542909068,,28.6,-0.014294457090933577,,False,False
Eurostat,AL,ALB,2022,1999,CP04,Housing & utilities (incl. imputed rent),197646.1,1698539.5,11.636238073945293,6.255009082803197,11.6,0.036238073945293436,,False,False
Eurostat,AL,ALB,2023,1999,CP01,Food & non-alcoholic beverages,533932.1,1894080.5,28.189514648400632,,28.2,-0.010485351599367476,,False,False
Eurostat,AL,ALB,2023,1999,CP04,Housing & utilities (incl. imputed rent),205839.4,1894080.5,10.867510646986757,5.817165637891315,10.9,-0.032489353013243516,,False,False
Eurostat,AL,ALB,2024,1999,CP01,Food & non-alcoholic beverages,551220.4,2019254.3,27.298215980027873,,27.3,-0.0017840199721277372,p,False,False
Eurostat,AL,ALB,2024,1999,CP04,Housing & utilities (incl. imputed rent),218266.0,2019254.3,10.809237845872111,5.73848969889528,10.8,0.00923784587211074,p,False,False
Eurostat,AL,ALB,2025,1999,CP01,Food & non-alcoholic beverages,,,,,,,,False,False
Eurostat,AL,ALB,2025,1999,CP04,Housing & utilities (incl. imputed rent),,,,,,,,False,False
Eurostat,AT,AUT,1995,2018,CP01,Food & non-alcoholic beverages,11313.3,97385.4,11.617039104424277,,11.6,0.017039104424277696,,False,False
Eurostat,AT,AUT,1995,2018,CP04,Housing & utilities (incl. imputed rent),17460.6,97385.4,17.929381611617345,7.645396537879395,17.9,0.029381611617345982,,False,False
Eurostat,AT,AUT,1996,2018,CP01,Food & non-alcoholic beverages,11492.1,101168.3,11.359388266878064,,11.4,-0.040611733121936666,,False,False
Eurostat,AT,AUT,1996,2018,CP04,Housing & utilities (incl. imputed rent),18743.8,101168.3,18.527345028037438,7.7753604637025635,18.5,0.027345028037437658,,False,False
Eurostat,AT,AUT,1997,2018,CP01,Food & non-alcoholic beverages,11722.9,102733.9,11.410936409500662,,11.4,0.010936409500661881,,False,False
Eurostat,AT,AUT,1997,2018,CP04,Housing & utilities (incl. imputed rent),19074.6,102733.9,18.56699687250265,7.96426496025168,18.6,-0.033003127497352125,,False,False
Eurostat,AT,AUT,1998,2018,CP01,Food & non-alcoholic beverages,11839.9,105939.6,11.17608524102413,,11.2,-0.023914758975870143,,False,False
Eurostat,AT,AUT,1998,2018,CP04,Housing & utilities (incl. imputed rent),19492.7,105939.6,18.399824050685485,8.00427790929926,18.4,-0.00017594931451370144,,False,False
Eurostat,AT,AUT,1999,2018,CP01,Food & non-alcoholic beverages,11798.4,108780.3,10.846081505566724,,10.8,0.046081505566723635,,False,False
Eurostat,AT,AUT,1999,2018,CP04,Housing & utilities (incl. imputed rent),20234.5,108780.3,18.60125408736692,8.166000645337437,18.6,0.0012540873669202313,,False,False
Eurostat,AT,AUT,2000,2018,CP01,Food & non-alcoholic beverages,12131.5,114450.9,10.5997418980541,,10.6,-0.0002581019458993694,,False,False
Eurostat,AT,AUT,2000,2018,CP04,Housing & utilities (incl. imputed rent),21043.2,114450.9,18.386225010026138,8.022654256104584,18.4,-0.01377498997386084,,False,False
Eurostat,AT,AUT,2001,2018,CP01,Food & non-alcoholic beverages,12618.5,118802.6,10.621400541738984,,10.6,0.021400541738984202,,False,False
Eurostat,AT,AUT,2001,2018,CP04,Housing & utilities (incl. imputed rent),22211.0,118802.6,18.695718780565407,8.065816741384447,18.7,-0.004281219434592032,,False,False
Eurostat,AT,AUT,2002,2018,CP01,Food & non-alcoholic beverages,12836.5,120820.3,10.624456320667967,,10.6,0.024456320667967546,,False,False
Eurostat,AT,AUT,2002,2018,CP04,Housing & utilities (incl. imputed rent),22594.2,120820.3,18.700665368319726,8.362005391478087,18.7,0.0006653683197264115,,False,False
Eurostat,AT,AUT,2003,2018,CP01,Food & non-alcoholic beverages,13046.3,125182.8,10.421799160907089,,10.4,0.021799160907088222,,False,False
Eurostat,AT,AUT,2003,2018,CP04,Housing & utilities (incl. imputed rent),23765.5,125182.8,18.98463686704563,8.546062238582298,19.0,-0.015363132954369974,,False,False
Eurostat,AT,AUT,2004,2018,CP01,Food & non-alcoholic beverages,13593.1,130067.4,10.450812424942761,,10.5,-0.04918757505723903,,False,False
Eurostat,AT,AUT,2004,2018,CP04,Housing & utilities (incl. imputed rent),24991.5,130067.4,19.214268909811373,8.737085541803712,19.2,0.014268909811374186,,False,False
Eurostat,AT,AUT,2005,2018,CP01,Food & non-alcoholic beverages,14019.5,136187.2,10.294286100308986,,10.3,-0.005713899691015101,,False,False
Eurostat,AT,AUT,2005,2018,CP04,Housing & utilities (incl. imputed rent),27214.8,136187.2,19.98337582386597,9.139184886685385,20.0,-0.016624176134030222,,False,False
Eurostat,AT,AUT,2006,2018,CP01,Food & non-alcoholic beverages,14356.2,141448.4,10.149425514887408,,10.1,0.04942551488740854,,False,False
Eurostat,AT,AUT,2006,2018,CP04,Housing & utilities (incl. imputed rent),28322.0,141448.4,20.02284932173146,9.093422053554512,20.0,0.022849321731460037,,False,False
Eurostat,AT,AUT,2007,2018,CP01,Food & non-alcoholic beverages,15003.2,146925.8,10.211412835594567,,10.2,0.011412835594567738,,False,False
Eurostat,AT,AUT,2007,2018,CP04,Housing & utilities (incl. imputed rent),28997.6,146925.8,19.736220595702047,9.111742117449761,19.7,0.03622059570204783,,False,False
Eurostat,AT,AUT,2008,2018,CP01,Food & non-alcoholic beverages,15695.3,152249.5,10.308933691079444,,10.3,0.008933691079443307,,False,False
Eurostat,AT,AUT,2008,2018,CP04,Housing & utilities (incl. imputed rent),30518.9,152249.5,20.045320345879627,9.03819060161117,20.0,0.04532034587962741,,False,False
Eurostat,AT,AUT,2009,2018,CP01,Food & non-alcoholic beverages,15764.8,152838.3,10.314692063442212,,10.3,0.014692063442211634,,False,False
Eurostat,AT,AUT,2009,2018,CP04,Housing & utilities (incl. imputed rent),31038.9,152838.3,20.30832585811279,9.332281241024011,20.3,0.00832585811279074,,False,False
Eurostat,AT,AUT,2010,2018,CP01,Food & non-alcoholic beverages,15982.5,157470.8,10.149500732834278,,10.1,0.04950073283427869,,False,False
Eurostat,AT,AUT,2010,2018,CP04,Housing & utilities (incl. imputed rent),32273.2,157470.8,20.494720290999986,9.31398075071696,20.5,-0.005279709000014066,,False,False
Eurostat,AT,AUT,2011,2018,CP01,Food & non-alcoholic beverages,16617.3,164542.2,10.099111352589182,,10.1,-0.0008886474108180664,,False,False
Eurostat,AT,AUT,2011,2018,CP04,Housing & utilities (incl. imputed rent),33676.4,164542.2,20.46672525346081,9.301443641813467,20.5,-0.03327474653918827,,False,False
Eurostat,AT,AUT,2012,2018,CP01,Food & non-alcoholic beverages,17314.6,169495.4,10.21538047640231,,10.2,0.015380476402309995,,False,False
Eurostat,AT,AUT,2012,2018,CP04,Housing & utilities (incl. imputed rent),35079.3,169495.4,20.696313882264654,9.383558491852877,20.7,-0.003686117735345107,,False,False
Eurostat,AT,AUT,2013,2018,CP01,Food & non-alcoholic beverages,17943.6,172628.1,10.394368008452853,,10.4,-0.005631991547147663,,False,False
Eurostat,AT,AUT,2013,2018,CP04,Housing & utilities (incl. imputed rent),36509.3,172628.1,21.149106084119563,9.680463377630872,21.1,0.04910608411956119,,False,False
Eurostat,AT,AUT,2014,2018,CP01,Food & non-alcoholic beverages,18237.6,175436.5,10.395556226896911,,10.4,-0.004443773103089299,,False,False
Eurostat,AT,AUT,2014,2018,CP04,Housing & utilities (incl. imputed rent),37289.3,175436.5,21.255154999102242,9.973409182239727,21.3,-0.04484500089775878,,False,False
Eurostat,AT,AUT,2015,2018,CP01,Food & non-alcoholic beverages,18642.6,180024.5,10.35559048907232,,10.4,-0.04440951092768053,,False,False
Eurostat,AT,AUT,2015,2018,CP04,Housing & utilities (incl. imputed rent),38419.7,180024.5,21.34137297978886,10.084460726178937,21.3,0.041372979788860675,,False,False
Eurostat,AT,AUT,2016,2018,CP01,Food & non-alcoholic beverages,18776.6,185915.1,10.09955619527408,,10.1,-0.00044380472592031595,,False,False
Eurostat,AT,AUT,2016,2018,CP04,Housing & utilities (incl. imputed rent),39878.2,185915.1,21.449683215618307,10.040604555520234,21.4,0.04968321561830891,,False,False
Eurostat,AT,AUT,2017,2018,CP01,Food & non-alcoholic beverages,19525.5,192630.3,10.136255822682102,,10.1,0.03625582268210259,,False,False
Eurostat,AT,AUT,2017,2018,CP04,Housing & utilities (incl. imputed rent),41383.0,192630.3,21.483120775911164,10.132102789644206,21.5,-0.016879224088835798,,False,False
Eurostat,AT,AUT,2018,2018,CP01,Food & non-alcoholic beverages,20002.6,198526.9,10.075511177578454,,10.1,-0.02448882242154582,,False,False
Eurostat,AT,AUT,2018,2018,CP04,Housing & utilities (incl. imputed rent),42640.4,198526.9,21.478399148931455,10.222594519936592,21.5,-0.021600851068544813,,False,False
Eurostat,AT,AUT,2019,2018,CP01,Food & non-alcoholic beverages,20362.5,203356.2,10.013218185626993,,10.0,0.013218185626993062,,False,False
Eurostat,AT,AUT,2019,2018,CP04,Housing & utilities (incl. imputed rent),44242.6,203356.2,21.75620905583405,10.270304028104379,21.8,-0.043790944165952084,,False,False
Eurostat,AT,AUT,2020,2018,CP01,Food & non-alcoholic beverages,22105.2,188086.6,11.752671375844956,,11.8,-0.04732862415504435,,False,False
Eurostat,AT,AUT,2020,2018,CP04,Housing & utilities (incl. imputed rent),46077.9,188086.6,24.49823645065624,11.660001297274766,24.5,-0.0017635493437602179,,False,False
Eurostat,AT,AUT,2021,2018,CP01,Food & non-alcoholic beverages,21764.8,195408.8,11.138085899918531,,11.1,0.038085899918531396,,False,False
Eurostat,AT,AUT,2021,2018,CP04,Housing & utilities (incl. imputed rent),48068.6,195408.8,24.598994518158857,11.470158969299234,24.6,-0.001005481841144018,,False,False
Eurostat,AT,AUT,2022,2018,CP01,Food & non-alcoholic beverages,23217.6,227652.6,10.19869748906887,,10.2,-0.0013025109311293193,b,False,False
Eurostat,AT,AUT,2022,2018,CP04,Housing & utilities (incl. imputed rent),51845.1,227652.6,22.773778994836867,10.324942478144331,22.8,-0.026221005163133526,b,False,False
Eurostat,AT,AUT,2023,2018,CP01,Food & non-alcoholic beverages,25364.8,246214.3,10.301919912856402,,10.3,0.0019199128564011403,,False,False
Eurostat,AT,AUT,2023,2018,CP04,Housing & utilities (incl. imputed rent),57038.6,246214.3,23.16624176581133,10.432009838583706,23.2,-0.033758234188670855,,False,False
Eurostat,AT,AUT,2024,2018,CP01,Food & non-alcoholic beverages,26256.7,257265.5,10.206071159949547,,10.2,0.006071159949547322,,False,False
Eurostat,AT,AUT,2024,2018,CP04,Housing & utilities (incl. imputed rent),58454.8,257265.5,22.721585288349974,10.676829967484952,22.7,0.021585288349974974,,False,False
Eurostat,AT,AUT,2025,2018,CP01,Food & non-alcoholic beverages,27360.1,265910.7,10.2892061131801,,10.3,-0.010793886819900678,,False,False
Eurostat,AT,AUT,2025,2018,CP04,Housing & utilities (incl. imputed rent),62011.9,265910.7,23.320573410547222,10.794638952099332,23.3,0.020573410547221727,,False,False
Eurostat,BA,BIH,1995,2018,CP01,Food & non-alcoholic beverages,,,,,,,,False,False
Eurostat,BA,BIH,1995,2018,CP04,Housing & utilities (incl. imputed rent),,,,,,,,False,False
Eurostat,BA,BIH,1996,2018,CP01,Food & non-alcoholic beverages,,,,,,,,False,False
Eurostat,BA,BIH,1996,2018,CP04,Housing & utilities (incl. imputed rent),,,,,,,,False,False
Eurostat,BA,BIH,1997,2018,CP01,Food & non-alcoholic beverages,,,,,,,,False,False
Eurostat,BA,BIH,1997,2018,CP04,Housing & utilities (incl. imputed rent),,,,,,,,False,False
Eurostat,BA,BIH,1998,2018,CP01,Food & non-alcoholic beverages,,,,,,,,False,False
Eurostat,BA,BIH,1998,2018,CP04,Housing & utilities (incl. imputed rent),,,,,,,,False,False
Eurostat,BA,BIH,1999,2018,CP01,Food & non-alcoholic beverages,,,,,,,,False,False
Eurostat,BA,BIH,1999,2018,CP04,Housing & utilities (incl. imputed rent),,,,,,,,False,False
Eurostat,BA,BIH,2000,2018,CP01,Food & non-alcoholic beverages,3126.2,12377.9,25.256303573304034,,25.3,-0.043696426695966295,,False,False
Eurostat,BA,BIH,2000,2018,CP04,Housing & utilities (incl. imputed rent),2438.0,12377.9,19.696394380306835,10.3054637701064,19.7,-0.003605619693164641,,False,False
Eurostat,BA,BIH,2001,2018,CP01,Food & non-alcoholic beverages,3482.9,13280.3,26.226064170237116,,26.2,0.026064170237116713,,False,False
Eurostat,BA,BIH,2001,2018,CP04,Housing & utilities (incl. imputed rent),2560.3,13280.3,19.27893195183844,9.746767768800405,19.3,-0.021068048161559716,,False,False
Eurostat,BA,BIH,2002,2018,CP01,Food & non-alcoholic beverages,3880.5,14161.7,27.40137130429256,,27.4,0.0013713042925616037,,False,False
Eurostat,BA,BIH,2002,2018,CP04,Housing & utilities (incl. imputed rent),2598.9,14161.7,18.35161032926838,9.308910653382009,18.4,-0.048389670731619816,,False,False
Eurostat,BA,BIH,2003,2018,CP01,Food & non-alcoholic beverages,4260.9,14941.0,28.518171474466232,,28.5,0.01817147446623224,,False,False
Eurostat,BA,BIH,2003,2018,CP04,Housing & utilities (incl. imputed rent),2617.9,14941.0,17.521584900609064,8.919081721437653,17.5,0.021584900609063595,,False,False
Eurostat,BA,BIH,2004,2018,CP01,Food & non-alcoholic beverages,4622.6,16084.7,28.739112324134116,,28.7,0.03911232413411625,,False,False
Eurostat,BA,BIH,2004,2018,CP04,Housing & utilities (incl. imputed rent),2681.7,16084.7,16.672365664264795,8.39431260763334,16.7,-0.02763433573520402,,False,False
Eurostat,BA,BIH,2005,2018,CP01,Food & non-alcoholic beverages,4880.4,17340.6,28.144354866613615,,28.1,0.0443548666136131,,False,False
Eurostat,BA,BIH,2005,2018,CP04,Housing & utilities (incl. imputed rent),2818.9,17340.6,16.256069570833766,7.883810248780319,16.3,-0.043930429166234575,,False,False
Eurostat,BA,BIH,2006,2018,CP01,Food & non-alcoholic beverages,5366.6,18626.5,28.81163933106059,,28.8,0.011639331060589342,,False,False
Eurostat,BA,BIH,2006,2018,CP04,Housing & utilities (incl. imputed rent),2956.8,18626.5,15.874157785950127,7.289077389740424,15.9,-0.025842214049873746,,False,False
Eurostat,BA,BIH,2007,2018,CP01,Food & non-alcoholic beverages,5880.8,20259.8,29.026940048766527,,29.0,0.02694004876652656,,False,False
Eurostat,BA,BIH,2007,2018,CP04,Housing & utilities (incl. imputed rent),3078.1,20259.8,15.193141097148047,6.68861489254583,15.2,-0.006858902851952564,,False,False
Eurostat,BA,BIH,2008,2018,CP01,Food & non-alcoholic beverages,6777.1,22538.8,30.068592826592365,,30.1,-0.031407173407636435,,False,False
Eurostat,BA,BIH,2008,2018,CP04,Housing & utilities (incl. imputed rent),3257.7,22538.8,14.45374199158784,6.1023656982625525,14.5,-0.04625800841215977,,False,False
Eurostat,BA,BIH,2009,2018,CP01,Food & non-alcoholic beverages,6462.9,21890.0,29.524440383736867,,29.5,0.024440383736866522,,False,False
Eurostat,BA,BIH,2009,2018,CP04,Housing & utilities (incl. imputed rent),3386.9,21890.0,15.472361809045227,6.480584741891274,15.5,-0.02763819095477338,,False,False
Eurostat,BA,BIH,2010,2018,CP01,Food & non-alcoholic beverages,6453.9,22226.1,29.037482959223617,,29.0,0.037482959223616774,,False,False
Eurostat,BA,BIH,2010,2018,CP04,Housing & utilities (incl. imputed rent),3445.5,22226.1,15.502044893166145,6.385285767633548,15.5,0.0020448931661452008,,False,False
Eurostat,BA,BIH,2011,2018,CP01,Food & non-alcoholic beverages,6789.8,23054.6,29.450955557676128,,29.5,-0.04904444232387206,,False,False
Eurostat,BA,BIH,2011,2018,CP04,Housing & utilities (incl. imputed rent),3505.8,23054.6,15.206509763778165,6.151050115812029,15.2,0.006509763778165478,,False,False
Eurostat,BA,BIH,2012,2018,CP01,Food & non-alcoholic beverages,7009.8,23508.1,29.818658249709678,,29.8,0.01865824970967722,,False,False
Eurostat,BA,BIH,2012,2018,CP04,Housing & utilities (incl. imputed rent),3572.7,23508.1,15.197740353325024,6.133205150565125,15.2,-0.0022596466749753574,,False,False
Eurostat,BA,BIH,2013,2018,CP01,Food & non-alcoholic beverages,7107.9,23822.4,29.837044126536366,,29.8,0.03704412653636524,,False,False
Eurostat,BA,BIH,2013,2018,CP04,Housing & utilities (incl. imputed rent),3599.3,23822.4,15.108889112767814,6.2991134394519435,15.1,0.008889112767814566,,False,False
Eurostat,BA,BIH,2014,2018,CP01,Food & non-alcoholic beverages,7055.6,24235.6,29.112545181468587,,29.1,0.012545181468585298,,False,False
Eurostat,BA,BIH,2014,2018,CP04,Housing & utilities (incl. imputed rent),3563.8,24235.6,14.704814405255082,6.1471554242519275,14.7,0.004814405255082477,,False,False
Eurostat,BA,BIH,2015,2018,CP01,Food & non-alcoholic beverages,7061.8,24559.4,28.753959787291222,,28.8,-0.04604021270877823,,False,False
Eurostat,BA,BIH,2015,2018,CP04,Housing & utilities (incl. imputed rent),3627.2,24559.4,14.76909045009243,6.054301000838783,14.8,-0.030909549907571332,,False,False
Eurostat,BA,BIH,2016,2018,CP01,Food & non-alcoholic beverages,7012.1,24892.2,28.169868472854954,,28.2,-0.030131527145044856,,False,False
Eurostat,BA,BIH,2016,2018,CP04,Housing & utilities (incl. imputed rent),3684.3,24892.2,14.801022006893728,6.091064670860752,14.8,0.001022006893727223,,False,False
Eurostat,BA,BIH,2017,2018,CP01,Food & non-alcoholic beverages,7104.1,25593.9,27.757004598752044,,27.8,-0.04299540124795698,,False,False
Eurostat,BA,BIH,2017,2018,CP04,Housing & utilities (incl. imputed rent),3833.6,25593.9,14.978569112171257,6.300720093459769,15.0,-0.021430887828742584,,False,False
Eurostat,BA,BIH,2018,2018,CP01,Food & non-alcoholic beverages,7196.0,26475.3,27.1800508398394,,27.2,-0.019949160160599888,,False,False
Eurostat,BA,BIH,2018,2018,CP04,Housing & utilities (incl. imputed rent),3975.1,26475.3,15.014371886248693,6.341004634508391,15.0,0.014371886248692789,,False,False
Eurostat,BA,BIH,2019,2018,CP01,Food & non-alcoholic beverages,7529.2,27630.5,27.24959736523045,,27.2,0.04959736523045066,,False,False
Eurostat,BA,BIH,2019,2018,CP04,Housing & utilities (incl. imputed rent),4052.4,27630.5,14.666401259477752,6.187727330305279,14.7,-0.03359874052224754,,False,False
Eurostat,BA,BIH,2020,2018,CP01,Food & non-alcoholic beverages,7658.4,25642.6,29.865926232129347,,29.9,-0.03407376787065175,,False,False
Eurostat,BA,BIH,2020,2018,CP04,Housing & utilities (incl. imputed rent),4075.2,25642.6,15.892304212521353,6.736836358247604,15.9,-0.007695787478647631,,False,False
Eurostat,BA,BIH,2021,2018,CP01,Food & non-alcoholic beverages,8114.9,28345.6,28.628429103635135,,28.6,0.0284291036351334,,False,False
Eurostat,BA,BIH,2021,2018,CP04,Housing & utilities (incl. imputed rent),4202.8,28345.6,14.826992549108153,6.29656807405735,14.8,0.02699254910815263,,False,False
Eurostat,BA,BIH,2022,2018,CP01,Food & non-alcoholic beverages,9491.7,33325.8,28.481536827322973,,28.5,-0.018463172677027018,,False,False
Eurostat,BA,BIH,2022,2018,CP04,Housing & utilities (incl. imputed rent),4634.2,33325.8,13.905742697849712,5.6742823878196464,13.9,0.005742697849711931,,False,False
Eurostat,BA,BIH,2023,2018,CP01,Food & non-alcoholic beverages,10808.6,37145.1,29.098319832225517,,29.1,-0.0016801677744844312,,False,False
Eurostat,BA,BIH,2023,2018,CP04,Housing & utilities (incl. imputed rent),5007.6,37145.1,13.481185943771859,5.626044888827868,13.5,-0.01881405622814114,,False,False
Eurostat,BA,BIH,2024,2018,CP01,Food & non-alcoholic beverages,11419.4,39344.0,29.024501830012202,,29.0,0.024501830012201964,,False,False
Eurostat,BA,BIH,2024,2018,CP04,Housing & utilities (incl. imputed rent),5218.8,39344.0,13.2645384302562,5.485969906466043,13.3,-0.035461569743800325,,False,False
Eurostat,BA,BIH,2025,2018,CP01,Food & non-alcoholic beverages,,,,,,,,False,False
Eurostat,BA,BIH,2025,2018,CP04,Housing & utilities (incl. imputed rent),,,,,,,,False,False
Eurostat,BE,BEL,1995,2018,CP01,Food & non-alcoholic beverages,16047.0,108321.3,14.814260907134608,,14.8,0.014260907134607592,,False,False
Eurostat,BE,BEL,1995,2018,CP04,Housing & utilities (incl. imputed rent),22991.6,108321.3,21.225373033743132,10.87551571112976,21.2,0.025373033743132822,,False,False
Eurostat,BE,BEL,1996,2018,CP01,Food & non-alcoholic beverages,16063.6,111072.8,14.462226575723308,,14.5,-0.037773424276691614,,False,False
Eurostat,BE,BEL,1996,2018,CP04,Housing & utilities (incl. imputed rent),24434.5,111072.8,21.998635129392614,11.110911042127327,22.0,-0.0013648706073858818,,False,False
Eurostat,BE,BEL,1997,2018,CP01,Food & non-alcoholic beverages,16247.7,114530.7,14.186327334068508,,14.2,-0.013672665931490968,,False,False
Eurostat,BE,BEL,1997,2018,CP04,Housing & utilities (incl. imputed rent),25108.9,114530.7,21.92329218279466,11.202935108228623,21.9,0.023292182794662608,,False,False
Eurostat,BE,BEL,1998,2018,CP01,Food & non-alcoholic beverages,16423.9,119592.5,13.733219056378953,,13.7,0.03321905637895384,,False,False
Eurostat,BE,BEL,1998,2018,CP04,Housing & utilities (incl. imputed rent),25783.9,119592.5,21.559796810000627,11.070844743608504,21.6,-0.040203189999374445,,False,False
Eurostat,BE,BEL,1999,2018,CP01,Food & non-alcoholic beverages,16645.8,122509.7,13.587332268383644,,13.6,-0.012667731616355482,,False,False
Eurostat,BE,BEL,1999,2018,CP04,Housing & utilities (incl. imputed rent),26387.3,122509.7,21.53894752823654,11.175604870471483,21.5,0.03894752823654102,,False,False
Eurostat,BE,BEL,2000,2018,CP01,Food & non-alcoholic beverages,16848.0,130163.2,12.94375061461304,,12.9,0.04375061461303886,,False,False
Eurostat,BE,BEL,2000,2018,CP04,Housing & utilities (incl. imputed rent),28093.0,130163.2,21.582905152915725,10.866358540662798,21.6,-0.017094847084276665,,False,False
Eurostat,BE,BEL,2001,2018,CP01,Food & non-alcoholic beverages,17702.3,134376.0,13.173706614276359,,13.2,-0.026293385723640483,,False,False
Eurostat,BE,BEL,2001,2018,CP04,Housing & utilities (incl. imputed rent),29285.6,134376.0,21.793772697505506,10.930672143835208,21.8,-0.0062273024944943245,,False,False
Eurostat,BE,BEL,2002,2018,CP01,Food & non-alcoholic beverages,18510.5,136197.5,13.590924943556232,,13.6,-0.009075056443768048,,False,False
Eurostat,BE,BEL,2002,2018,CP04,Housing & utilities (incl. imputed rent),29495.3,136197.5,21.656271223774297,11.093448851851171,21.7,-0.04372877622570215,,False,False
Eurostat,BE,BEL,2003,2018,CP01,Food & non-alcoholic beverages,19410.0,139126.7,13.951312005531646,,14.0,-0.048687994468354034,,False,False
Eurostat,BE,BEL,2003,2018,CP04,Housing & utilities (incl. imputed rent),30347.5,139126.7,21.812851163723423,11.106998153481682,21.8,0.012851163723421877,,False,False
Eurostat,BE,BEL,2004,2018,CP01,Food & non-alcoholic beverages,19752.1,144369.9,13.681591522886697,,13.7,-0.018408477113302624,,False,False
Eurostat,BE,BEL,2004,2018,CP04,Housing & utilities (incl. imputed rent),31165.4,144369.9,21.587186802789226,10.92700071136712,21.6,-0.012813197210775229,,False,False
Eurostat,BE,BEL,2005,2018,CP01,Food & non-alcoholic beverages,19917.8,150374.4,13.245472633639768,,13.2,0.04547263363976839,,False,False
Eurostat,BE,BEL,2005,2018,CP04,Housing & utilities (incl. imputed rent),32986.9,150374.4,21.936513129894454,11.16333631256384,21.9,0.03651312989445543,,False,False
Eurostat,BE,BEL,2006,2018,CP01,Food & non-alcoholic beverages,19685.5,157353.0,12.51040653816578,,12.5,0.010406538165780077,,False,False
Eurostat,BE,BEL,2006,2018,CP04,Housing & utilities (incl. imputed rent),34796.0,157353.0,22.11333752772429,11.162545359796127,22.1,0.013337527724289089,,False,False
Eurostat,BE,BEL,2007,2018,CP01,Food & non-alcoholic beverages,20292.7,164823.4,12.311783399687181,,12.3,0.011783399687180562,,False,False
Eurostat,BE,BEL,2007,2018,CP04,Housing & utilities (incl. imputed rent),35421.2,164823.4,21.490395174471587,10.941892959373487,21.5,-0.00960482552841313,,False,False
Eurostat,BE,BEL,2008,2018,CP01,Food & non-alcoholic beverages,21692.6,172143.6,12.601455993716874,,12.6,0.0014559937168741044,,False,False
Eurostat,BE,BEL,2008,2018,CP04,Housing & utilities (incl. imputed rent),38718.9,172143.6,22.492209992122856,10.633215524713089,22.5,-0.007790007877144234,,False,False
Eurostat,BE,BEL,2009,2018,CP01,Food & non-alcoholic beverages,21990.3,172458.2,12.751089829303563,,12.8,-0.04891017069643766,b,False,False
Eurostat,BE,BEL,2009,2018,CP04,Housing & utilities (incl. imputed rent),39657.0,172458.2,22.99513737241836,11.345415874687315,23.0,-0.004862627581641021,b,False,False
Eurostat,BE,BEL,2010,2018,CP01,Food & non-alcoholic beverages,22666.9,181810.7,12.467308029725423,,12.5,-0.03269197027457693,,False,False
Eurostat,BE,BEL,2010,2018,CP04,Housing & utilities (incl. imputed rent),43150.4,181810.7,23.733696641616802,11.486507669790612,23.7,0.03369664161680319,,False,False
Eurostat,BE,BEL,2011,2018,CP01,Food & non-alcoholic beverages,22756.1,187957.4,12.10705191708334,,12.1,0.007051917083339632,,False,False
Eurostat,BE,BEL,2011,2018,CP04,Housing & utilities (incl. imputed rent),46017.0,187957.4,24.482675329622563,11.851089661806345,24.5,-0.017324670377437457,,False,False
Eurostat,BE,BEL,2012,2018,CP01,Food & non-alcoholic beverages,23860.3,194702.1,12.25477280419677,,12.3,-0.0452271958032302,,False,False
Eurostat,BE,BEL,2012,2018,CP04,Housing & utilities (incl. imputed rent),48867.1,194702.1,25.098393905355927,12.108960303972069,25.1,-0.0016060946440745738,,False,False
Eurostat,BE,BEL,2013,2018,CP01,Food & non-alcoholic beverages,24476.5,199004.3,12.299482975995996,,12.3,-0.0005170240040044405,,False,False
Eurostat,BE,BEL,2013,2018,CP04,Housing & utilities (incl. imputed rent),49747.6,199004.3,24.99825380657604,12.25867983757135,25.0,-0.001746193423958431,,False,False
Eurostat,BE,BEL,2014,2018,CP01,Food & non-alcoholic beverages,24902.3,202142.5,12.319180775937767,,12.3,0.019180775937766015,,False,False
Eurostat,BE,BEL,2014,2018,CP04,Housing & utilities (incl. imputed rent),48886.4,202142.5,24.184127533794232,12.356728545456793,24.2,-0.01587246620576721,,False,False
Eurostat,BE,BEL,2015,2018,CP01,Food & non-alcoholic beverages,25604.9,207248.3,12.354697239977362,,12.4,-0.04530276002263811,,False,False
Eurostat,BE,BEL,2015,2018,CP04,Housing & utilities (incl. imputed rent),49590.8,207248.3,23.928205924970193,12.223501953936413,23.9,0.028205924970194474,,False,False
Eurostat,BE,BEL,2016,2018,CP01,Food & non-alcoholic beverages,26072.5,213124.5,12.233459785242898,,12.2,0.03345978524289883,,False,False
Eurostat,BE,BEL,2016,2018,CP04,Housing & utilities (incl. imputed rent),50926.2,213124.5,23.895047261107944,12.174151728215197,23.9,-0.004952738892054498,,False,False
Eurostat,BE,BEL,2017,2018,CP01,Food & non-alcoholic beverages,26607.3,221859.6,11.992854940692222,,12.0,-0.007145059307777757,,False,False
Eurostat,BE,BEL,2017,2018,CP04,Housing & utilities (incl. imputed rent),52807.3,221859.6,23.80212530807772,12.042435846814833,23.8,0.002125308077719268,,False,False
Eurostat,BE,BEL,2018,2018,CP01,Food & non-alcoholic beverages,27235.6,229273.3,11.879098002253206,,11.9,-0.02090199774679391,,False,False
Eurostat,BE,BEL,2018,2018,CP04,Housing & utilities (incl. imputed rent),54430.1,229273.3,23.740269800277662,11.907928223652734,23.7,0.04026980027766314,,False,False
Eurostat,BE,BEL,2019,2018,CP01,Food & non-alcoholic beverages,27761.1,235252.9,11.80053465865883,,11.8,0.000534658658828846,,False,False
Eurostat,BE,BEL,2019,2018,CP04,Housing & utilities (incl. imputed rent),55874.8,235252.9,23.750950572766584,11.939661530208555,23.8,-0.049049427233416765,,False,False
Eurostat,BE,BEL,2020,2018,CP01,Food & non-alcoholic beverages,28946.2,222228.4,13.025427893104572,,13.0,0.025427893104572163,,False,False
Eurostat,BE,BEL,2020,2018,CP04,Housing & utilities (incl. imputed rent),56224.0,222228.4,25.300096657312928,13.10710062260269,25.3,9.665731292685109e-05,,False,False
Eurostat,BE,BEL,2021,2018,CP01,Food & non-alcoholic beverages,29278.8,239860.0,12.206620528641707,,12.2,0.0066205286417080345,,False,False
Eurostat,BE,BEL,2021,2018,CP04,Housing & utilities (incl. imputed rent),60429.4,239860.0,25.193612940882183,12.63949804052364,25.2,-0.0063870591178165625,,False,False
Eurostat,BE,BEL,2022,2018,CP01,Food & non-alcoholic beverages,30038.8,273426.0,10.986080328864116,,11.0,-0.013919671135884215,,False,False
Eurostat,BE,BEL,2022,2018,CP04,Housing & utilities (incl. imputed rent),71402.7,273426.0,26.114085712404815,11.89850270274224,26.1,0.014085712404813933,,False,False
Eurostat,BE,BEL,2023,2018,CP01,Food & non-alcoholic beverages,31959.2,292676.9,10.919618186471155,,10.9,0.01961818647115443,,False,False
Eurostat,BE,BEL,2023,2018,CP04,Housing & utilities (incl. imputed rent),71454.7,292676.9,24.414191895568113,11.849893175716977,24.4,0.014191895568114177,,False,False
Eurostat,BE,BEL,2024,2018,CP01,Food & non-alcoholic beverages,33053.9,300826.6,10.987691912882704,,11.0,-0.012308087117295585,p,False,False
Eurostat,BE,BEL,2024,2018,CP04,Housing & utilities (incl. imputed rent),72687.8,300826.6,24.16269040038348,12.129977867648673,24.2,-0.03730959961652047,p,False,False
Eurostat,BE,BEL,2025,2018,CP01,Food & non-alcoholic beverages,,,,,,,,False,False
Eurostat,BE,BEL,2025,2018,CP04,Housing & utilities (incl. imputed rent),,,,,,,,False,False
Eurostat,BG,BGR,1995,2018,CP01,Food & non-alcoholic beverages,101.3,383.1,26.442182197859566,,26.4,0.04218219785956734,,False,False
Eurostat,BG,BGR,1995,2018,CP04,Housing & utilities (incl. imputed rent),105.6,383.1,27.564604541895065,17.07126076742365,27.6,-0.035395458104936495,,False,False
Eurostat,BG,BGR,1996,2018,CP01,Food & non-alcoholic beverages,238.2,841.9,28.29314645444827,,28.3,-0.006853545551731344,,False,False
Eurostat,BG,BGR,1996,2018,CP04,Housing & utilities (incl. imputed rent),243.2,841.9,28.88704121629647,21.403967217009146,28.9,-0.012958783703528098,,False,False
Eurostat,BG,BGR,1997,2018,CP01,Food & non-alcoholic beverages,1782.4,6473.6,27.533366287691546,,27.5,0.03336628769154615,,False,False
Eurostat,BG,BGR,1997,2018,CP04,Housing & utilities (incl. imputed rent),1692.6,6473.6,26.146193771626297,18.07804003954523,26.1,0.0461937716262959,,False,False
Eurostat,BG,BGR,1998,2018,CP01,Food & non-alcoholic beverages,2161.9,7960.7,27.15715954627106,,27.2,-0.042840453728938854,,False,False
Eurostat,BG,BGR,1998,2018,CP04,Housing & utilities (incl. imputed rent),2066.7,7960.7,25.961284811637164,17.69819237001771,26.0,-0.03871518836283627,,False,False
Eurostat,BG,BGR,1999,2018,CP01,Food & non-alcoholic beverages,2335.2,8676.4,26.914388456041678,,26.9,0.014388456041679376,,False,False
Eurostat,BG,BGR,1999,2018,CP04,Housing & utilities (incl. imputed rent),2262.1,8676.4,26.071873127103405,17.81614494490803,26.1,-0.02812687289659621,,False,False
Eurostat,BG,BGR,2000,2018,CP01,Food & non-alcoholic beverages,2913.9,10084.8,28.893979057591622,,28.9,-0.006020942408376584,,False,False
Eurostat,BG,BGR,2000,2018,CP04,Housing & utilities (incl. imputed rent),2120.9,10084.8,21.030660003173093,12.549579565286372,21.0,0.03066000317309303,,False,False
Eurostat,BG,BGR,2001,2018,CP01,Food & non-alcoholic beverages,3160.2,11294.3,27.98048573174079,,28.0,-0.01951426825921132,,False,False
Eurostat,BG,BGR,2001,2018,CP04,Housing & utilities (incl. imputed rent),2344.2,11294.3,20.755602383503184,12.371727331485795,20.8,-0.04439761649681628,,False,False
Eurostat,BG,BGR,2002,2018,CP01,Food & non-alcoholic beverages,3178.5,12250.6,25.945667967283235,,25.9,0.04566796728323652,,False,False
Eurostat,BG,BGR,2002,2018,CP04,Housing & utilities (incl. imputed rent),2497.8,12250.6,20.38920542667298,12.504693647658074,20.4,-0.010794573327018497,,False,False
Eurostat,BG,BGR,2003,2018,CP01,Food & non-alcoholic beverages,3201.6,13239.2,24.18273007432473,,24.2,-0.017269925675268638,,False,False
Eurostat,BG,BGR,2003,2018,CP04,Housing & utilities (incl. imputed rent),2657.2,13239.2,20.070699135899446,11.505982234576106,20.1,-0.029300864100555657,,False,False
Eurostat,BG,BGR,2004,2018,CP01,Food & non-alcoholic beverages,3585.5,14995.8,23.910028141212873,,23.9,0.01002814121287443,,False,False
Eurostat,BG,BGR,2004,2018,CP04,Housing & utilities (incl. imputed rent),2750.8,14995.8,18.343802931487485,11.203803731711545,18.3,0.04380293148748393,,False,False
Eurostat,BG,BGR,2005,2018,CP01,Food & non-alcoholic beverages,3694.0,17342.1,21.300765189913566,,21.3,0.0007651899135652229,,False,False
Eurostat,BG,BGR,2005,2018,CP04,Housing & utilities (incl. imputed rent),2934.9,17342.1,16.923555970730188,10.606558605935845,16.9,0.023555970730189557,,False,False
Eurostat,BG,BGR,2006,2018,CP01,Food & non-alcoholic beverages,3394.2,19138.9,17.734561547424356,,17.7,0.034561547424356576,,False,False
Eurostat,BG,BGR,2006,2018,CP04,Housing & utilities (incl. imputed rent),3372.1,19138.9,17.619089916348376,10.534043231324683,17.6,0.019089916348374203,,False,False
Eurostat,BG,BGR,2007,2018,CP01,Food & non-alcoholic beverages,4979.3,23431.0,21.25090691818531,,21.3,-0.0490930818146893,,False,False
Eurostat,BG,BGR,2007,2018,CP04,Housing & utilities (incl. imputed rent),3807.4,23431.0,16.249413170585978,9.633391660620545,16.2,0.049413170585978605,,False,False
Eurostat,BG,BGR,2008,2018,CP01,Food & non-alcoholic beverages,5224.0,25646.4,20.36933058830869,,20.4,-0.03066941169130999,,False,False
Eurostat,BG,BGR,2008,2018,CP04,Housing & utilities (incl. imputed rent),4450.2,25646.4,17.35214299082912,10.723922265893068,17.4,-0.04785700917087965,,False,False
Eurostat,BG,BGR,2009,2018,CP01,Food & non-alcoholic beverages,4690.7,24867.9,18.86246928771629,,18.9,-0.03753071228370786,,False,False
Eurostat,BG,BGR,2009,2018,CP04,Housing & utilities (incl. imputed rent),4772.0,24867.9,19.189396772546132,12.083851069048853,19.2,-0.010603227453866992,,False,False
Eurostat,BG,BGR,2010,2018,CP01,Food & non-alcoholic beverages,5171.6,26366.6,19.61420888548391,,19.6,0.014208885483910194,,False,False
Eurostat,BG,BGR,2010,2018,CP04,Housing & utilities (incl. imputed rent),5001.6,26366.6,18.969453778644198,11.799018455166763,19.0,-0.030546221355802317,,False,False
Eurostat,BG,BGR,2011,2018,CP01,Food & non-alcoholic beverages,5317.2,27853.4,19.089949521422877,,19.1,-0.010050478577124267,,False,False
Eurostat,BG,BGR,2011,2018,CP04,Housing & utilities (incl. imputed rent),5449.5,27853.4,19.564936417098092,11.569503184530435,19.6,-0.03506358290190903,,False,False
Eurostat,BG,BGR,2012,2018,CP01,Food & non-alcoholic beverages,5469.3,29571.2,18.495360350611406,,18.5,-0.004639649388593625,,False,False
Eurostat,BG,BGR,2012,2018,CP04,Housing & utilities (incl. imputed rent),5667.9,29571.2,19.16695974461638,10.950857591169786,19.2,-0.03304025538361799,,False,False
Eurostat,BG,BGR,2013,2018,CP01,Food & non-alcoholic beverages,5243.2,28143.6,18.63016813769383,,18.6,0.030168137693827646,,False,False
Eurostat,BG,BGR,2013,2018,CP04,Housing & utilities (incl. imputed rent),5583.3,28143.6,19.83861339700678,11.330817663696187,19.8,0.038613397006781014,,False,False
Eurostat,BG,BGR,2014,2018,CP01,Food & non-alcoholic beverages,5533.2,28816.2,19.201699044287587,,19.2,0.0016990442875872702,,False,False
Eurostat,BG,BGR,2014,2018,CP04,Housing & utilities (incl. imputed rent),5702.0,28816.2,19.787480653243662,10.407340315516967,19.8,-0.012519346756338479,,False,False
Eurostat,BG,BGR,2015,2018,CP01,Food & non-alcoholic beverages,5821.7,29944.6,19.441568763650206,,19.4,0.041568763650207785,,False,False
Eurostat,BG,BGR,2015,2018,CP04,Housing & utilities (incl. imputed rent),5954.0,29944.6,19.883384650320927,10.166106743786859,19.9,-0.0166153496790713,,False,False
Eurostat,BG,BGR,2016,2018,CP01,Food & non-alcoholic beverages,6138.6,31254.1,19.640943108264196,,19.6,0.04094310826419445,,False,False
Eurostat,BG,BGR,2016,2018,CP04,Housing & utilities (incl. imputed rent),5987.8,31254.1,19.158446411830766,10.489503777104444,19.2,-0.041553588169232825,,False,False
Eurostat,BG,BGR,2017,2018,CP01,Food & non-alcoholic beverages,6453.3,33446.1,19.294626279297137,,19.3,-0.005373720702863238,,False,False
Eurostat,BG,BGR,2017,2018,CP04,Housing & utilities (incl. imputed rent),6512.3,33446.1,19.47102950717722,10.916369920558749,19.5,-0.028970492822779192,,False,False
Eurostat,BG,BGR,2018,2018,CP01,Food & non-alcoholic beverages,6802.9,35411.9,19.210773779435726,,19.2,0.010773779435726993,,False,False
Eurostat,BG,BGR,2018,2018,CP04,Housing & utilities (incl. imputed rent),7062.9,35411.9,19.94499024339276,11.280388795856759,19.9,0.044990243392760476,,False,False
Eurostat,BG,BGR,2019,2018,CP01,Food & non-alcoholic beverages,7076.5,38102.2,18.57241839053913,,18.6,-0.027581609460870737,,False,False
Eurostat,BG,BGR,2019,2018,CP04,Housing & utilities (incl. imputed rent),7576.3,38102.2,19.884153670916643,10.88126144947011,19.9,-0.015846329083355926,,False,False
Eurostat,BG,BGR,2020,2018,CP01,Food & non-alcoholic beverages,7518.1,36187.8,20.77523364227723,,20.8,-0.024766357722771914,,False,False
Eurostat,BG,BGR,2020,2018,CP04,Housing & utilities (incl. imputed rent),7252.2,36187.8,20.040455623165816,10.97800916330918,20.0,0.040455623165815524,,False,False
Eurostat,BG,BGR,2021,2018,CP01,Food & non-alcoholic beverages,8329.7,41996.0,19.834508048385562,,19.8,0.034508048385561096,,False,False
Eurostat,BG,BGR,2021,2018,CP04,Housing & utilities (incl. imputed rent),8046.9,41996.0,19.161110581960187,10.001666825411945,19.2,-0.03888941803981183,,False,False
Eurostat,BG,BGR,2022,2018,CP01,Food & non-alcoholic beverages,10634.0,51222.2,20.760529614112635,,20.8,-0.03947038588736618,,False,False
Eurostat,BG,BGR,2022,2018,CP04,Housing & utilities (incl. imputed rent),9449.0,51222.2,18.447079586585506,9.095860779115307,18.4,0.04707958658550737,,False,False
Eurostat,BG,BGR,2023,2018,CP01,Food & non-alcoholic beverages,11374.3,56163.1,20.25226527737963,,20.3,-0.04773472262036904,,False,False
Eurostat,BG,BGR,2023,2018,CP04,Housing & utilities (incl. imputed rent),10035.3,56163.1,17.86813762060855,9.260350657282094,17.9,-0.031862379391448314,,False,False
Eurostat,BG,BGR,2024,2018,CP01,Food & non-alcoholic beverages,12431.6,61711.9,20.14457503334041,,20.1,0.0445750333404078,,False,False
Eurostat,BG,BGR,2024,2018,CP04,Housing & utilities (incl. imputed rent),10262.7,61711.9,16.630017873376126,8.915622432626446,16.6,0.03001787337612427,,False,False
Eurostat,BG,BGR,2025,2018,CP01,Food & non-alcoholic beverages,,,,,,,,False,False
Eurostat,BG,BGR,2025,2018,CP04,Housing & utilities (incl. imputed rent),,,,,,,,False,False
Eurostat,CH,CHE,1995,2018,CP01,Food & non-alcoholic beverages,22281.1,225657.4,9.87386188088669,,9.9,-0.026138119113310765,,False,False
Eurostat,CH,CHE,1995,2018,CP04,Housing & utilities (incl. imputed rent),52621.4,225657.4,23.31915549855666,,23.3,0.019155498556660433,,False,False
Eurostat,CH,CHE,1996,2018,CP01,Food & non-alcoholic beverages,22116.3,229967.5,9.617141552610695,,9.6,0.0171415526106955,,False,False
Eurostat,CH,CHE,1996,2018,CP04,Housing & utilities (incl. imputed rent),54340.1,229967.5,23.629469381543046,,23.6,0.029469381543044904,,False,False
Eurostat,CH,CHE,1997,2018,CP01,Food & non-alcoholic beverages,22338.7,236095.1,9.46173808774515,,9.5,-0.03826191225484976,,False,False
Eurostat,CH,CHE,1997,2018,CP04,Housing & utilities (incl. imputed rent),54714.4,236095.1,23.174729166340175,,23.2,-0.025270833659824632,,False,False
Eurostat,CH,CHE,1998,2018,CP01,Food & non-alcoholic beverages,22725.8,241707.3,9.402198444151253,,9.4,0.0021984441512525876,,False,False
Eurostat,CH,CHE,1998,2018,CP04,Housing & utilities (incl. imputed rent),54992.0,241707.3,22.751484957218917,,22.8,-0.04851504278108365,,False,False
Eurostat,CH,CHE,1999,2018,CP01,Food & non-alcoholic beverages,23202.5,248803.2,9.325643721624159,,9.3,0.02564372162415829,,False,False
Eurostat,CH,CHE,1999,2018,CP04,Housing & utilities (incl. imputed rent),56327.9,248803.2,22.639540005916324,,22.6,0.03954000591632223,,False,False
Eurostat,CH,CHE,2000,2018,CP01,Food & non-alcoholic beverages,23792.0,257997.1,9.22180908235015,,9.2,0.021809082350150888,,False,False
Eurostat,CH,CHE,2000,2018,CP04,Housing & utilities (incl. imputed rent),58454.4,257997.1,22.6569988577391,,22.7,-0.04300114226089846,,False,False
Eurostat,CH,CHE,2001,2018,CP01,Food & non-alcoholic beverages,25096.6,265759.1,9.443364310008576,,9.4,0.04336431000857566,,False,False
Eurostat,CH,CHE,2001,2018,CP04,Housing & utilities (incl. imputed rent),60830.4,265759.1,22.88930087436329,,22.9,-0.010699125636708828,,False,False
Eurostat,CH,CHE,2002,2018,CP01,Food & non-alcoholic beverages,25416.2,264234.0,9.618822710173557,,9.6,0.01882271017355741,,False,False
Eurostat,CH,CHE,2002,2018,CP04,Housing & utilities (incl. imputed rent),61619.1,264234.0,23.319898271986194,,23.3,0.019898271986193095,,False,False
Eurostat,CH,CHE,2003,2018,CP01,Food & non-alcoholic beverages,25883.9,267738.3,9.667611992755614,,9.7,-0.03238800724438562,,False,False
Eurostat,CH,CHE,2003,2018,CP04,Housing & utilities (incl. imputed rent),62495.7,267738.3,23.342084416013698,,23.3,0.04208441601369728,,False,False
Eurostat,CH,CHE,2004,2018,CP01,Food & non-alcoholic beverages,25865.3,274292.2,9.429834315376082,,9.4,0.029834315376081832,,False,False
Eurostat,CH,CHE,2004,2018,CP04,Housing & utilities (incl. imputed rent),64230.1,274292.2,23.41667025165134,,23.4,0.01667025165134106,,False,False
Eurostat,CH,CHE,2005,2018,CP01,Food & non-alcoholic beverages,26360.7,282089.8,9.3447902051049,,9.3,0.04479020510489917,,False,False
Eurostat,CH,CHE,2005,2018,CP04,Housing & utilities (incl. imputed rent),66884.1,282089.8,23.71021568309099,,23.7,0.010215683090990524,,False,False
Eurostat,CH,CHE,2006,2018,CP01,Food & non-alcoholic beverages,26961.8,291321.2,9.255007874469829,,9.3,-0.044992125530171734,,False,False
Eurostat,CH,CHE,2006,2018,CP04,Housing & utilities (incl. imputed rent),69165.4,291321.2,23.74197277781363,,23.7,0.04197277781362985,,False,False
Eurostat,CH,CHE,2007,2018,CP01,Food & non-alcoholic beverages,27458.4,302649.9,9.072661183763813,,9.1,-0.027338816236186503,,False,False
Eurostat,CH,CHE,2007,2018,CP04,Housing & utilities (incl. imputed rent),70824.8,302649.9,23.40156068116989,,23.4,0.001560681169891609,,False,False
Eurostat,CH,CHE,2008,2018,CP01,Food & non-alcoholic beverages,29154.3,313667.7,9.294645256747826,,9.3,-0.005354743252174998,,False,False
Eurostat,CH,CHE,2008,2018,CP04,Housing & utilities (incl. imputed rent),75546.4,313667.7,24.08485158019139,,24.1,-0.015148419808610925,,False,False
Eurostat,CH,CHE,2009,2018,CP01,Food & non-alcoholic beverages,29657.6,314776.2,9.421805079291254,,9.4,0.021805079291253193,,False,False
Eurostat,CH,CHE,2009,2018,CP04,Housing & utilities (incl. imputed rent),76054.8,314776.2,24.161547156360612,,24.2,-0.03845284363938717,,False,False
Eurostat,CH,CHE,2010,2018,CP01,Food & non-alcoholic beverages,29336.2,322392.9,9.099518010477277,,9.1,-0.00048198952272215934,,False,False
Eurostat,CH,CHE,2010,2018,CP04,Housing & utilities (incl. imputed rent),78783.9,322392.9,24.437231713229412,,24.4,0.03723171322941354,,False,False
Eurostat,CH,CHE,2011,2018,CP01,Food & non-alcoholic beverages,29037.3,324655.1,8.944045542484933,,8.9,0.0440455424849322,,False,False
Eurostat,CH,CHE,2011,2018,CP04,Housing & utilities (incl. imputed rent),80181.2,324655.1,24.697348047204557,,24.7,-0.0026519527954427247,,False,False
Eurostat,CH,CHE,2012,2018,CP01,Food & non-alcoholic beverages,28450.1,326486.9,8.714009658580482,,8.7,0.01400965858048231,,False,False
Eurostat,CH,CHE,2012,2018,CP04,Housing & utilities (incl. imputed rent),81629.4,326486.9,25.00235078344644,,25.0,0.0023507834464382427,,False,False
Eurostat,CH,CHE,2013,2018,CP01,Food & non-alcoholic beverages,29332.5,332120.2,8.83189279062219,,8.8,0.03189279062218908,,False,False
Eurostat,CH,CHE,2013,2018,CP04,Housing & utilities (incl. imputed rent),83145.8,332120.2,25.034851839785716,,25.0,0.034851839785716265,,False,False
Eurostat,CH,CHE,2014,2018,CP01,Food & non-alcoholic beverages,30049.1,334590.3,8.980864059717213,,9.0,-0.01913594028278709,,False,False
Eurostat,CH,CHE,2014,2018,CP04,Housing & utilities (incl. imputed rent),84090.3,334590.3,25.13231854001745,,25.1,0.03231854001744949,,False,False
Eurostat,CH,CHE,2015,2018,CP01,Food & non-alcoholic beverages,30210.3,337177.2,8.959769521782611,,9.0,-0.040230478217388566,,False,False
Eurostat,CH,CHE,2015,2018,CP04,Housing & utilities (incl. imputed rent),85309.7,337177.2,25.30114728991165,,25.3,0.001147289911649807,,False,False
Eurostat,CH,CHE,2016,2018,CP01,Food & non-alcoholic beverages,30565.8,340081.9,8.987776179796688,,9.0,-0.01222382020331203,,False,False
Eurostat,CH,CHE,2016,2018,CP04,Housing & utilities (incl. imputed rent),87319.4,340081.9,25.67599157732299,,25.7,-0.02400842267701009,,False,False
Eurostat,CH,CHE,2017,2018,CP01,Food & non-alcoholic beverages,30976.2,346735.2,8.933676188630402,,8.9,0.03367618863040178,,False,False
Eurostat,CH,CHE,2017,2018,CP04,Housing & utilities (incl. imputed rent),88336.4,346735.2,25.47661731488467,,25.5,-0.023382685115329593,,False,False
Eurostat,CH,CHE,2018,2018,CP01,Food & non-alcoholic beverages,31746.6,352596.1,9.003673041193592,,9.0,0.0036730411935916862,,False,False
Eurostat,CH,CHE,2018,2018,CP04,Housing & utilities (incl. imputed rent),89909.0,352596.1,25.49914760826907,,25.5,-0.0008523917309304352,,False,False
Eurostat,CH,CHE,2019,2018,CP01,Food & non-alcoholic beverages,32446.2,356821.1,9.093128181040864,,9.1,-0.006871818959135467,,False,False
Eurostat,CH,CHE,2019,2018,CP04,Housing & utilities (incl. imputed rent),92134.3,356821.1,25.820866535078785,,25.8,0.020866535078784665,,False,False
Eurostat,CH,CHE,2020,2018,CP01,Food & non-alcoholic beverages,34824.0,341281.7,10.20388728724687,,10.2,0.0038872872468704855,,False,False
Eurostat,CH,CHE,2020,2018,CP04,Housing & utilities (incl. imputed rent),93395.5,341281.7,27.366102548129597,,27.4,-0.03389745187040205,,False,False
Eurostat,CH,CHE,2021,2018,CP01,Food & non-alcoholic beverages,35553.1,350769.2,10.135753082083603,,10.1,0.035753082083603616,,False,False
Eurostat,CH,CHE,2021,2018,CP04,Housing & utilities (incl. imputed rent),96401.5,350769.2,27.482886182709315,,27.5,-0.017113817290685063,,False,False
Eurostat,CH,CHE,2022,2018,CP01,Food & non-alcoholic beverages,33814.9,373625.8,9.05047242454884,,9.1,-0.04952757545115993,p,False,False
Eurostat,CH,CHE,2022,2018,CP04,Housing & utilities (incl. imputed rent),98776.5,373625.8,26.437280294883276,,26.4,0.037280294883277776,p,False,False
Eurostat,CH,CHE,2023,2018,CP01,Food & non-alcoholic beverages,34457.3,389630.8,8.84357704781039,,8.8,0.0435770478103894,p,False,False
Eurostat,CH,CHE,2023,2018,CP04,Housing & utilities (incl. imputed rent),103536.8,389630.8,26.573053259649903,,26.6,-0.026946740350098253,p,False,False
Eurostat,CH,CHE,2024,2018,CP01,Food & non-alcoholic beverages,35568.9,401580.1,8.85723670072297,,8.9,-0.0427632992770306,p,False,False
Eurostat,CH,CHE,2024,2018,CP04,Housing & utilities (incl. imputed rent),108309.5,401580.1,26.97083346510447,,27.0,-0.02916653489553056,p,False,False
Eurostat,CH,CHE,2025,2018,CP01,Food & non-alcoholic beverages,,,,,,,,False,False
Eurostat,CH,CHE,2025,2018,CP04,Housing & utilities (incl. imputed rent),,,,,,,,False,False
Eurostat,CY,CYP,1995,2018,CP01,Food & non-alcoholic beverages,876.7,5882.9,14.902514066191847,,14.9,0.0025140661918463536,,False,False
Eurostat,CY,CYP,1995,2018,CP04,Housing & utilities (incl. imputed rent),636.5,5882.9,10.819493787077802,6.858862125822299,10.8,0.019493787077800917,,False,False
Eurostat,CY,CYP,1996,2018,CP01,Food & non-alcoholic beverages,893.9,6086.9,14.685636366623406,,14.7,-0.014363633376593299,,False,False
Eurostat,CY,CYP,1996,2018,CP04,Housing & utilities (incl. imputed rent),693.2,6086.9,11.38839146363502,7.240138658430401,11.4,-0.011608536364979827,,False,False
Eurostat,CY,CYP,1997,2018,CP01,Food & non-alcoholic beverages,934.6,6365.6,14.682040970214905,,14.7,-0.01795902978509467,,False,False
Eurostat,CY,CYP,1997,2018,CP04,Housing & utilities (incl. imputed rent),749.0,6365.6,11.76636923463617,7.565665451803444,11.8,-0.03363076536383147,,False,False
Eurostat,CY,CYP,1998,2018,CP01,Food & non-alcoholic beverages,948.7,6833.9,13.882263422057683,,13.9,-0.01773657794231731,,False,False
Eurostat,CY,CYP,1998,2018,CP04,Housing & utilities (incl. imputed rent),802.4,6833.9,11.741465341898477,7.571079471458464,11.7,0.04146534189847806,,False,False
Eurostat,CY,CYP,1999,2018,CP01,Food & non-alcoholic beverages,1000.7,7377.7,13.56384781164862,,13.6,-0.03615218835138023,,False,False
Eurostat,CY,CYP,1999,2018,CP04,Housing & utilities (incl. imputed rent),847.6,7377.7,11.488675332420675,7.435921764235467,11.5,-0.011324667579325265,,False,False
Eurostat,CY,CYP,2000,2018,CP01,Food & non-alcoholic beverages,1133.2,8231.5,13.766628196561989,,13.8,-0.03337180343801194,,False,False
Eurostat,CY,CYP,2000,2018,CP04,Housing & utilities (incl. imputed rent),914.1,8231.5,11.104901901233069,7.015732248071433,11.1,0.004901901233068884,,False,False
Eurostat,CY,CYP,2001,2018,CP01,Food & non-alcoholic beverages,1201.4,8818.9,13.623014208121194,,13.6,0.023014208121194812,,False,False
Eurostat,CY,CYP,2001,2018,CP04,Housing & utilities (incl. imputed rent),966.7,8818.9,10.961684563834492,6.960051707129007,11.0,-0.03831543616550803,,False,False
Eurostat,CY,CYP,2002,2018,CP01,Food & non-alcoholic beverages,1209.2,8890.1,13.601646775626822,,13.6,0.001646775626822361,,False,False
Eurostat,CY,CYP,2002,2018,CP04,Housing & utilities (incl. imputed rent),1040.6,8890.1,11.705155172607732,7.623086354484202,11.7,0.005155172607732794,,False,False
Eurostat,CY,CYP,2003,2018,CP01,Food & non-alcoholic beverages,1210.7,9212.3,13.142212042595228,,13.1,0.04221204259522793,,False,False
Eurostat,CY,CYP,2003,2018,CP04,Housing & utilities (incl. imputed rent),1150.6,9212.3,12.489823388296083,8.304115150396752,12.5,-0.01017661170391726,,False,False
Eurostat,CY,CYP,2004,2018,CP01,Food & non-alcoholic beverages,1301.0,9777.9,13.305515499238076,,13.3,0.005515499238075705,,False,False
Eurostat,CY,CYP,2004,2018,CP04,Housing & utilities (incl. imputed rent),1290.2,9777.9,13.195062334448092,8.940570061056055,13.2,-0.004937665551906889,,False,False
Eurostat,CY,CYP,2005,2018,CP01,Food & non-alcoholic beverages,1359.4,10372.9,13.105303242102018,,13.1,0.0053032421020180465,,False,False
Eurostat,CY,CYP,2005,2018,CP04,Housing & utilities (incl. imputed rent),1480.8,10372.9,14.275660615642686,9.754263513578652,14.3,-0.024339384357315197,,False,False
Eurostat,CY,CYP,2006,2018,CP01,Food & non-alcoholic beverages,1414.1,11080.0,12.762635379061372,,12.8,-0.03736462093862869,,False,False
Eurostat,CY,CYP,2006,2018,CP04,Housing & utilities (incl. imputed rent),1710.4,11080.0,15.436823104693143,10.41245487364621,15.4,0.036823104693143094,,False,False
Eurostat,CY,CYP,2007,2018,CP01,Food & non-alcoholic beverages,1494.2,12296.3,12.151622845896734,,12.2,-0.048377154103265596,,False,False
Eurostat,CY,CYP,2007,2018,CP04,Housing & utilities (incl. imputed rent),1892.4,12296.3,15.38999536445923,10.373039044265349,15.4,-0.010004635540770579,,False,False
Eurostat,CY,CYP,2008,2018,CP01,Food & non-alcoholic beverages,1665.2,13489.6,12.34432451666469,,12.3,0.044324516664689284,,False,False
Eurostat,CY,CYP,2008,2018,CP04,Housing & utilities (incl. imputed rent),2174.9,13489.6,16.12279089076029,10.47918396394259,16.1,0.022790890760287397,,False,False
Eurostat,CY,CYP,2009,2018,CP01,Food & non-alcoholic beverages,1509.5,12493.9,12.081895965231034,,12.1,-0.018104034768965604,,False,False
Eurostat,CY,CYP,2009,2018,CP04,Housing & utilities (incl. imputed rent),2270.5,12493.9,18.172868359759565,12.50930454061582,18.2,-0.027131640240433796,,False,False
Eurostat,CY,CYP,2010,2018,CP01,Food & non-alcoholic beverages,1498.6,13283.5,11.281665223773855,,11.3,-0.018334776226145877,,False,False
Eurostat,CY,CYP,2010,2018,CP04,Housing & utilities (incl. imputed rent),2508.6,13283.5,18.88508299770392,12.380773139609289,18.9,-0.014917002296080284,,False,False
Eurostat,CY,CYP,2011,2018,CP01,Food & non-alcoholic beverages,1577.4,13786.0,11.442042651965762,,11.4,0.042042651965761735,,False,False
Eurostat,CY,CYP,2011,2018,CP04,Housing & utilities (incl. imputed rent),2613.0,13786.0,18.95401131582765,12.255186421006819,19.0,-0.04598868417235025,,False,False
Eurostat,CY,CYP,2012,2018,CP01,Food & non-alcoholic beverages,1620.9,13890.6,11.669042373979526,,11.7,-0.030957626020473583,,False,False
Eurostat,CY,CYP,2012,2018,CP04,Housing & utilities (incl. imputed rent),2826.4,13890.6,20.347573178984348,12.740990309993808,20.3,0.04757317898434721,,False,False
Eurostat,CY,CYP,2013,2018,CP01,Food & non-alcoholic beverages,1604.0,13192.9,12.158054711246201,,12.2,-0.04194528875379788,,False,False
Eurostat,CY,CYP,2013,2018,CP04,Housing & utilities (incl. imputed rent),2517.4,13192.9,19.08147564220149,12.184584132374232,19.1,-0.018524357798511915,,False,False
Eurostat,CY,CYP,2014,2018,CP01,Food & non-alcoholic beverages,1619.6,13027.0,12.432639901742535,,12.4,0.032639901742534505,,False,False
Eurostat,CY,CYP,2014,2018,CP04,Housing & utilities (incl. imputed rent),2137.0,13027.0,16.404390880479006,10.169647654870653,16.4,0.004390880479007819,,False,False
Eurostat,CY,CYP,2015,2018,CP01,Food & non-alcoholic beverages,1646.1,13200.5,12.469982197644027,,12.5,-0.030017802355972734,,False,False
Eurostat,CY,CYP,2015,2018,CP04,Housing & utilities (incl. imputed rent),2078.5,13200.5,15.745615696375136,9.995075944093028,15.7,0.04561569637513685,,False,False
Eurostat,CY,CYP,2016,2018,CP01,Food & non-alcoholic beverages,1690.2,13844.3,12.208634600521515,,12.2,0.008634600521515878,,False,False
Eurostat,CY,CYP,2016,2018,CP04,Housing & utilities (incl. imputed rent),2087.2,13844.3,15.076240763346648,9.433485261082179,15.1,-0.023759236653351223,,False,False
Eurostat,CY,CYP,2017,2018,CP01,Food & non-alcoholic beverages,1746.3,14640.2,11.928115736123821,,11.9,0.028115736123821122,,False,False
Eurostat,CY,CYP,2017,2018,CP04,Housing & utilities (incl. imputed rent),2138.9,14640.2,14.609773090531549,8.975970273630141,14.6,0.0097730905315494,,False,False
Eurostat,CY,CYP,2018,2018,CP01,Food & non-alcoholic beverages,1769.8,15568.3,11.367972097146124,,11.4,-0.032027902853876355,,False,False
Eurostat,CY,CYP,2018,2018,CP04,Housing & utilities (incl. imputed rent),2411.4,15568.3,15.489167089534503,9.721678025217912,15.5,-0.010832910465497392,,False,False
Eurostat,CY,CYP,2019,2018,CP01,Food & non-alcoholic beverages,1837.7,16122.1,11.398639135100266,,11.4,-0.0013608648997340822,,False,False
Eurostat,CY,CYP,2019,2018,CP04,Housing & utilities (incl. imputed rent),2627.8,16122.1,16.299365467277838,10.41179498948648,16.3,-0.0006345327221630725,,False,False
Eurostat,CY,CYP,2020,2018,CP01,Food & non-alcoholic beverages,1899.4,13506.0,14.063379238856804,,14.1,-0.03662076114319568,,False,False
Eurostat,CY,CYP,2020,2018,CP04,Housing & utilities (incl. imputed rent),2734.9,13506.0,20.249518732415222,13.123056419369169,20.2,0.049518732415222644,,False,False
Eurostat,CY,CYP,2021,2018,CP01,Food & non-alcoholic beverages,1924.2,15356.4,12.530280534500275,,12.5,0.03028053450027457,,False,False
Eurostat,CY,CYP,2021,2018,CP04,Housing & utilities (incl. imputed rent),3004.3,15356.4,19.563830064338,12.724987627308485,19.6,-0.03616993566200222,,False,False
Eurostat,CY,CYP,2022,2018,CP01,Food & non-alcoholic beverages,2222.1,18344.4,12.113233466343951,,12.1,0.013233466343951505,,False,False
Eurostat,CY,CYP,2022,2018,CP04,Housing & utilities (incl. imputed rent),3458.0,18344.4,18.850439371143235,11.613353393951286,18.9,-0.0495606288567636,,False,False
Eurostat,CY,CYP,2023,2018,CP01,Food & non-alcoholic beverages,2462.6,20253.3,12.159006186646126,,12.2,-0.04099381335387342,,False,False
Eurostat,CY,CYP,2023,2018,CP04,Housing & utilities (incl. imputed rent),3601.9,20253.3,17.78426231774575,11.085600865044215,17.8,-0.015737682254250984,,False,False
Eurostat,CY,CYP,2024,2018,CP01,Food & non-alcoholic beverages,2665.8,21411.8,12.450144312948936,,12.5,-0.049855687051064024,p,False,False
Eurostat,CY,CYP,2024,2018,CP04,Housing & utilities (incl. imputed rent),3804.9,21411.8,17.77010807125043,11.376904323784082,17.8,-0.029891928749570695,p,False,False
Eurostat,CY,CYP,2025,2018,CP01,Food & non-alcoholic beverages,,,,,,,,False,False
Eurostat,CY,CYP,2025,2018,CP04,Housing & utilities (incl. imputed rent),,,,,,,,False,False
Eurostat,CZ,CZE,1995,2018,CP01,Food & non-alcoholic beverages,151141.0,806884.0,18.731440950619916,,18.7,0.03144095061991692,,False,False
Eurostat,CZ,CZE,1995,2018,CP04,Housing & utilities (incl. imputed rent),165758.0,806884.0,20.542977677088654,9.554657175009048,20.5,0.042977677088654076,,False,False
Eurostat,CZ,CZE,1996,2018,CP01,Food & non-alcoholic beverages,172151.0,938122.0,18.350598323032614,,18.4,-0.049401676967384844,,False,False
Eurostat,CZ,CZE,1996,2018,CP04,Housing & utilities (incl. imputed rent),186509.0,938122.0,19.881102884273048,9.217457857293613,19.9,-0.01889711572695063,,False,False
Eurostat,CZ,CZE,1997,2018,CP01,Food & non-alcoholic beverages,186773.0,1048633.0,17.811093108837888,,17.8,0.011093108837886945,,False,False
Eurostat,CZ,CZE,1997,2018,CP04,Housing & utilities (incl. imputed rent),216470.0,1048633.0,20.643065781832156,9.458885997293619,20.6,0.043065781832154926,,False,False
Eurostat,CZ,CZE,1998,2018,CP01,Food & non-alcoholic beverages,202305.0,1135570.0,17.81528219308365,,17.8,0.015282193083649531,,False,False
Eurostat,CZ,CZE,1998,2018,CP04,Housing & utilities (incl. imputed rent),252927.0,1135570.0,22.273131555078066,10.016115254894018,22.3,-0.026868444921934298,,False,False
Eurostat,CZ,CZE,1999,2018,CP01,Food & non-alcoholic beverages,209281.0,1189616.0,17.5923155034902,,17.6,-0.007684496509799743,,False,False
Eurostat,CZ,CZE,1999,2018,CP04,Housing & utilities (incl. imputed rent),268889.0,1189616.0,22.60300802948178,10.418487982676764,22.6,0.003008029481780028,,False,False
Eurostat,CZ,CZE,2000,2018,CP01,Food & non-alcoholic beverages,217112.0,1250444.0,17.362792736020165,,17.4,-0.03720726397983398,,False,False
Eurostat,CZ,CZE,2000,2018,CP04,Housing & utilities (incl. imputed rent),288147.0,1250444.0,23.04357492218764,10.587679256328151,23.0,0.04357492218764136,,False,False
Eurostat,CZ,CZE,2001,2018,CP01,Food & non-alcoholic beverages,228169.0,1333277.0,17.113398041067235,,17.1,0.013398041067233635,,False,False
Eurostat,CZ,CZE,2001,2018,CP04,Housing & utilities (incl. imputed rent),313775.0,1333277.0,23.534119316541123,10.615648511149596,23.5,0.03411931654112266,,False,False
Eurostat,CZ,CZE,2002,2018,CP01,Food & non-alcoholic beverages,233049.0,1377235.0,16.92151303154509,,16.9,0.021513031545090655,,False,False
Eurostat,CZ,CZE,2002,2018,CP04,Housing & utilities (incl. imputed rent),340351.0,1377235.0,24.71263074203023,11.1583716649664,24.7,0.012630742030228959,,False,False
Eurostat,CZ,CZE,2003,2018,CP01,Food & non-alcoholic beverages,232645.0,1443383.0,16.118036584884262,,16.1,0.01803658488426052,,False,False
Eurostat,CZ,CZE,2003,2018,CP04,Housing & utilities (incl. imputed rent),360141.0,1443383.0,24.951173735592008,11.432308680371046,25.0,-0.048826264407992426,,False,False
Eurostat,CZ,CZE,2004,2018,CP01,Food & non-alcoholic beverages,241562.0,1536722.0,15.719303816825686,,15.7,0.019303816825686937,,False,False
Eurostat,CZ,CZE,2004,2018,CP04,Housing & utilities (incl. imputed rent),383093.0,1536722.0,24.92923248316872,11.527589245159502,24.9,0.029232483168723178,,False,False
Eurostat,CZ,CZE,2005,2018,CP01,Food & non-alcoholic beverages,245307.0,1626987.0,15.077379229213264,,15.1,-0.022620770786735633,,False,False
Eurostat,CZ,CZE,2005,2018,CP04,Housing & utilities (incl. imputed rent),405912.0,1626987.0,24.94869350523391,11.515211860942957,24.9,0.04869350523390992,,False,False
Eurostat,CZ,CZE,2006,2018,CP01,Food & non-alcoholic beverages,252096.0,1728242.0,14.586846055124225,,14.6,-0.013153944875774926,,False,False
Eurostat,CZ,CZE,2006,2018,CP04,Housing & utilities (incl. imputed rent),435426.0,1728242.0,25.194735459501622,11.56643571907175,25.2,-0.005264540498377102,,False,False
Eurostat,CZ,CZE,2007,2018,CP01,Food & non-alcoholic beverages,267740.0,1843385.0,14.524366857710136,,14.5,0.024366857710136358,,False,False
Eurostat,CZ,CZE,2007,2018,CP04,Housing & utilities (incl. imputed rent),466730.0,1843385.0,25.31918183125066,11.735855504954202,25.3,0.019181831250659087,,False,False
Eurostat,CZ,CZE,2008,2018,CP01,Food & non-alcoholic beverages,283477.0,1968849.0,14.398107726900337,,14.4,-0.001892273099663555,,False,False
Eurostat,CZ,CZE,2008,2018,CP04,Housing & utilities (incl. imputed rent),512447.0,1968849.0,26.027745144498134,12.109460908378448,26.0,0.02774514449813381,,False,False
Eurostat,CZ,CZE,2009,2018,CP01,Food & non-alcoholic beverages,285347.0,1985892.0,14.368706858177585,,14.4,-0.03129314182241494,,False,False
Eurostat,CZ,CZE,2009,2018,CP04,Housing & utilities (incl. imputed rent),552402.0,1985892.0,27.81631629514596,13.060780747392103,27.8,0.016316295145959003,,False,False
Eurostat,CZ,CZE,2010,2018,CP01,Food & non-alcoholic beverages,288556.0,2066371.0,13.964384904743628,,14.0,-0.03561509525637163,,False,False
Eurostat,CZ,CZE,2010,2018,CP04,Housing & utilities (incl. imputed rent),621511.0,2066371.0,30.077415914179976,15.266232443254383,30.1,-0.022584085820025024,,False,False
Eurostat,CZ,CZE,2011,2018,CP01,Food & non-alcoholic beverages,304958.0,2104934.0,14.487770162864964,,14.5,-0.012229837135036448,,False,False
Eurostat,CZ,CZE,2011,2018,CP04,Housing & utilities (incl. imputed rent),621641.0,2104934.0,29.532564916524702,15.257628030142511,29.5,0.03256491652470217,,False,False
Eurostat,CZ,CZE,2012,2018,CP01,Food & non-alcoholic beverages,322724.0,2128188.0,15.164261803938373,,15.2,-0.03573819606162587,,False,False
Eurostat,CZ,CZE,2012,2018,CP04,Housing & utilities (incl. imputed rent),627302.0,2128188.0,29.475873372089307,15.072399618830667,29.5,-0.024126627910693088,,False,False
Eurostat,CZ,CZE,2013,2018,CP01,Food & non-alcoholic beverages,331123.0,2153226.0,15.377995621453577,,15.4,-0.022004378546423453,,False,False
Eurostat,CZ,CZE,2013,2018,CP04,Housing & utilities (incl. imputed rent),634040.0,2153226.0,29.446049787620993,14.821853349346515,29.4,0.04604978762099421,,False,False
Eurostat,CZ,CZE,2014,2018,CP01,Food & non-alcoholic beverages,347296.0,2199687.0,15.788428080904238,,15.8,-0.01157191909576305,,False,False
Eurostat,CZ,CZE,2014,2018,CP04,Housing & utilities (incl. imputed rent),627272.0,2199687.0,28.51642074531513,15.070280453537253,28.5,0.016420745315130603,,False,False
Eurostat,CZ,CZE,2015,2018,CP01,Food & non-alcoholic beverages,354442.0,2294455.0,15.447764283893125,,15.4,0.047764283893124926,,False,False
Eurostat,CZ,CZE,2015,2018,CP04,Housing & utilities (incl. imputed rent),655794.0,2294455.0,28.581689333632603,15.242791861248095,28.6,-0.0183106663673982,,False,False
Eurostat,CZ,CZE,2016,2018,CP01,Food & non-alcoholic beverages,367669.0,2399089.0,15.325358917489096,,15.3,0.025358917489095134,,False,False
Eurostat,CZ,CZE,2016,2018,CP04,Housing & utilities (incl. imputed rent),684504.0,2399089.0,28.531830207216156,15.466412459062587,28.5,0.03183020721615648,,False,False
Eurostat,CZ,CZE,2017,2018,CP01,Food & non-alcoholic beverages,394206.0,2578286.0,15.289459741859515,,15.3,-0.010540258140485648,,False,False
Eurostat,CZ,CZE,2017,2018,CP04,Housing & utilities (incl. imputed rent),736076.0,2578286.0,28.5490438221361,15.65260797289362,28.5,0.049043822136098925,,False,False
Eurostat,CZ,CZE,2018,2018,CP01,Food & non-alcoholic beverages,406024.0,2734063.0,14.850572207004738,,14.9,-0.04942779299526201,,False,False
Eurostat,CZ,CZE,2018,2018,CP04,Housing & utilities (incl. imputed rent),800099.0,2734063.0,29.26410254628368,16.476577167387877,29.3,-0.035897453716319916,,False,False
Eurostat,CZ,CZE,2019,2018,CP01,Food & non-alcoholic beverages,426489.0,2896103.0,14.726306350292099,,14.7,0.026306350292099268,,False,False
Eurostat,CZ,CZE,2019,2018,CP04,Housing & utilities (incl. imputed rent),854528.0,2896103.0,29.50613289651646,17.02929764583649,29.5,0.00613289651645843,,False,False
Eurostat,CZ,CZE,2020,2018,CP01,Food & non-alcoholic beverages,442304.0,2731251.0,16.19419086711547,,16.2,-0.005809132884529333,,False,False
Eurostat,CZ,CZE,2020,2018,CP04,Housing & utilities (incl. imputed rent),911167.0,2731251.0,33.360793277512755,19.914866850392,33.4,-0.03920672248724344,,False,False
Eurostat,CZ,CZE,2021,2018,CP01,Food & non-alcoholic beverages,444461.0,2956854.0,15.031550424877253,,15.0,0.03155042487725268,,False,False
Eurostat,CZ,CZE,2021,2018,CP04,Housing & utilities (incl. imputed rent),997093.0,2956854.0,33.72141471983399,20.460090352787116,33.7,0.021414719833984464,,False,False
Eurostat,CZ,CZE,2022,2018,CP01,Food & non-alcoholic beverages,496803.0,3399382.0,14.614509343168846,,14.6,0.014509343168846556,,False,False
Eurostat,CZ,CZE,2022,2018,CP04,Housing & utilities (incl. imputed rent),1116796.0,3399382.0,32.85291267648061,19.755561452052167,32.9,-0.047087323519392044,,False,False
Eurostat,CZ,CZE,2023,2018,CP01,Food & non-alcoholic beverages,519614.0,3624757.0,14.335140259057367,,14.3,0.03514025905736595,,False,False
Eurostat,CZ,CZE,2023,2018,CP04,Housing & utilities (incl. imputed rent),1155338.0,3624757.0,31.87352972902735,18.870727058393154,31.9,-0.026470270972648535,,False,False
Eurostat,CZ,CZE,2024,2018,CP01,Food & non-alcoholic beverages,529912.0,3827584.0,13.844555730194294,,13.8,0.044555730194293375,,False,False
Eurostat,CZ,CZE,2024,2018,CP04,Housing & utilities (incl. imputed rent),1220235.0,3827584.0,31.880031894793166,18.70592519981273,31.9,-0.01996810520683212,,False,False
Eurostat,CZ,CZE,2025,2018,CP01,Food & non-alcoholic beverages,561803.0,4040439.0,13.904503941279648,,13.9,0.004503941279647705,,False,False
Eurostat,CZ,CZE,2025,2018,CP04,Housing & utilities (incl. imputed rent),1303238.0,4040439.0,32.25486141481161,19.347204598312214,32.3,-0.04513858518838987,,False,False
Eurostat,DE,DEU,1995,2018,CP01,Food & non-alcoholic beverages,113645.0,1006886.0,11.28677923816599,,11.3,-0.01322076183401144,,False,False
Eurostat,DE,DEU,1995,2018,CP04,Housing & utilities (incl. imputed rent),230365.0,1006886.0,22.878955512342014,8.425084865615373,22.9,-0.021044487657984945,,False,False
Eurostat,DE,DEU,1996,2018,CP01,Food & non-alcoholic beverages,113644.0,1033888.0,10.991906279983905,,11.0,-0.008093720016095318,,False,False
Eurostat,DE,DEU,1996,2018,CP04,Housing & utilities (incl. imputed rent),242978.0,1033888.0,23.50138506298555,8.626949921074623,23.5,0.001385062985548302,,False,False
Eurostat,DE,DEU,1997,2018,CP01,Food & non-alcoholic beverages,113632.0,1055345.0,10.76728463203976,,10.8,-0.03271536796024144,,False,False
Eurostat,DE,DEU,1997,2018,CP04,Housing & utilities (incl. imputed rent),252033.0,1055345.0,23.88157427192056,8.839668544409648,23.9,-0.018425728079439097,,False,False
Eurostat,DE,DEU,1998,2018,CP01,Food & non-alcoholic beverages,115592.0,1074878.0,10.753964635986597,,10.8,-0.046035364013404134,,False,False
Eurostat,DE,DEU,1998,2018,CP04,Housing & utilities (incl. imputed rent),255911.0,1074878.0,23.808376392483613,8.908452866278777,23.8,0.008376392483611994,,False,False
Eurostat,DE,DEU,1999,2018,CP01,Food & non-alcoholic beverages,118770.0,1113503.0,10.666338572954002,,10.7,-0.03366142704599717,,False,False
Eurostat,DE,DEU,1999,2018,CP04,Housing & utilities (incl. imputed rent),260934.0,1113503.0,23.433614458155926,8.835539733615445,23.4,0.03361445815592745,,False,False
Eurostat,DE,DEU,2000,2018,CP01,Food & non-alcoholic beverages,122742.0,1148172.0,10.690210177569215,,10.7,-0.009789822430784412,,False,False
Eurostat,DE,DEU,2000,2018,CP04,Housing & utilities (incl. imputed rent),269504.0,1148172.0,23.472441411217133,8.790146424054933,23.5,-0.027558588782866877,,False,False
Eurostat,DE,DEU,2001,2018,CP01,Food & non-alcoholic beverages,127692.0,1184292.0,10.782138188892604,,10.8,-0.017861811107396264,,False,False
Eurostat,DE,DEU,2001,2018,CP04,Housing & utilities (incl. imputed rent),280647.0,1184292.0,23.697449615466457,8.764645881252259,23.7,-0.0025503845335421715,,False,False
Eurostat,DE,DEU,2002,2018,CP01,Food & non-alcoholic beverages,127484.0,1194901.0,10.669001030210872,,10.7,-0.03099896978912753,,False,False
Eurostat,DE,DEU,2002,2018,CP04,Housing & utilities (incl. imputed rent),283341.0,1194901.0,23.712508400277514,8.9388995406314,23.7,0.012508400277514653,,False,False
Eurostat,DE,DEU,2003,2018,CP01,Food & non-alcoholic beverages,128502.0,1221230.0,10.522342228736601,,10.5,0.0223422287366013,,False,False
Eurostat,DE,DEU,2003,2018,CP04,Housing & utilities (incl. imputed rent),292049.0,1221230.0,23.914332271562277,8.955315542526797,23.9,0.01433227156227801,,False,False
Eurostat,DE,DEU,2004,2018,CP01,Food & non-alcoholic beverages,132163.0,1241608.0,10.64450293490377,,10.6,0.04450293490377,,False,False
Eurostat,DE,DEU,2004,2018,CP04,Housing & utilities (incl. imputed rent),297529.0,1241608.0,23.963199335055833,9.002922017255043,24.0,-0.03680066494416678,,False,False
Eurostat,DE,DEU,2005,2018,CP01,Food & non-alcoholic beverages,136070.0,1270771.0,10.707672743554896,,10.7,0.00767274355489711,,False,False
Eurostat,DE,DEU,2005,2018,CP04,Housing & utilities (incl. imputed rent),307263.0,1270771.0,24.179258103938476,8.996113383135121,24.2,-0.02074189606152288,,False,False
Eurostat,DE,DEU,2006,2018,CP01,Food & non-alcoholic beverages,138585.0,1306657.0,10.60607336125701,,10.6,0.006073361257010745,,False,False
Eurostat,DE,DEU,2006,2018,CP04,Housing & utilities (incl. imputed rent),317644.0,1306657.0,24.309669637862115,8.947795787264752,24.3,0.009669637862113944,,False,False
Eurostat,DE,DEU,2007,2018,CP01,Food & non-alcoholic beverages,142733.0,1329123.0,10.73888571637087,,10.7,0.03888571637087068,,False,False
Eurostat,DE,DEU,2007,2018,CP04,Housing & utilities (incl. imputed rent),319915.0,1329123.0,24.069630876901535,8.992094787314644,24.1,-0.030369123098466844,,False,False
Eurostat,DE,DEU,2008,2018,CP01,Food & non-alcoholic beverages,148225.0,1355992.0,10.93111168797456,,10.9,0.0311116879745601,,False,False
Eurostat,DE,DEU,2008,2018,CP04,Housing & utilities (incl. imputed rent),335628.0,1355992.0,24.751473460020414,9.009418934624982,24.8,-0.04852653997958711,,False,False
Eurostat,DE,DEU,2009,2018,CP01,Food & non-alcoholic beverages,142678.0,1360253.0,10.489078134729349,,10.5,-0.01092186527065131,,False,False
Eurostat,DE,DEU,2009,2018,CP04,Housing & utilities (incl. imputed rent),336622.0,1360253.0,24.747013974606194,9.153003154560217,24.7,0.04701397460619461,,False,False
Eurostat,DE,DEU,2010,2018,CP01,Food & non-alcoholic beverages,141767.0,1390923.0,10.19229676984276,,10.2,-0.007703230157240171,,False,False
Eurostat,DE,DEU,2010,2018,CP04,Housing & utilities (incl. imputed rent),345019.0,1390923.0,24.805039531304033,9.121856493853363,24.8,0.005039531304031897,,False,False
Eurostat,DE,DEU,2011,2018,CP01,Food & non-alcoholic beverages,139992.0,1435480.0,9.752277983670968,,9.8,-0.04772201632903261,,False,False
Eurostat,DE,DEU,2011,2018,CP04,Housing & utilities (incl. imputed rent),350597.0,1435480.0,24.42367709755622,9.058224426672611,24.4,0.02367709755622016,,False,False
Eurostat,DE,DEU,2012,2018,CP01,Food & non-alcoholic beverages,144340.0,1474461.0,9.789339968978494,,9.8,-0.01066003102150681,,False,False
Eurostat,DE,DEU,2012,2018,CP04,Housing & utilities (incl. imputed rent),363368.0,1474461.0,24.644124191823316,9.080742047432928,24.6,0.04412419182331462,,False,False
Eurostat,DE,DEU,2013,2018,CP01,Food & non-alcoholic beverages,146963.0,1500520.0,9.794138032148854,,9.8,-0.0058619678511462325,,False,False
Eurostat,DE,DEU,2013,2018,CP04,Housing & utilities (incl. imputed rent),377405.0,1500520.0,25.151614107109538,9.231066563591288,25.2,-0.04838589289046169,,False,False
Eurostat,DE,DEU,2014,2018,CP01,Food & non-alcoholic beverages,152742.0,1535729.0,9.945895402118472,,9.9,0.04589540211847165,,False,False
Eurostat,DE,DEU,2014,2018,CP04,Housing & utilities (incl. imputed rent),380152.0,1535729.0,24.753846544540085,9.35946381164906,24.8,-0.04615345545991545,,False,False
Eurostat,DE,DEU,2015,2018,CP01,Food & non-alcoholic beverages,160713.0,1582915.0,10.152977260307724,,10.2,-0.04702273969227555,,False,False
Eurostat,DE,DEU,2015,2018,CP04,Housing & utilities (incl. imputed rent),388369.0,1582915.0,24.535050839748184,9.384647943825158,24.5,0.035050839748183904,,False,False
Eurostat,DE,DEU,2016,2018,CP01,Food & non-alcoholic beverages,163913.0,1632957.0,10.03780258757579,,10.0,0.037802587575789914,,False,False
Eurostat,DE,DEU,2016,2018,CP04,Housing & utilities (incl. imputed rent),396675.0,1632957.0,24.29182152377558,9.400859912416555,24.3,-0.008178476224419029,,False,False
Eurostat,DE,DEU,2017,2018,CP01,Food & non-alcoholic beverages,169668.0,1687547.0,10.05411997413998,,10.1,-0.04588002586002027,,False,False
Eurostat,DE,DEU,2017,2018,CP04,Housing & utilities (incl. imputed rent),408693.0,1687547.0,24.21816992356361,9.451292319562063,24.2,0.01816992356361169,,False,False
Eurostat,DE,DEU,2018,2018,CP01,Food & non-alcoholic beverages,176838.0,1745722.0,10.12979157047915,,10.1,0.0297915704791496,,False,False
Eurostat,DE,DEU,2018,2018,CP04,Housing & utilities (incl. imputed rent),422578.0,1745722.0,24.20648877656351,9.52918047661655,24.2,0.006488776563511323,,False,False
Eurostat,DE,DEU,2019,2018,CP01,Food & non-alcoholic beverages,182517.0,1807195.0,10.099463533265642,,10.1,-0.0005364667343581431,,False,False
Eurostat,DE,DEU,2019,2018,CP04,Housing & utilities (incl. imputed rent),438698.0,1807195.0,24.2750782289681,9.588561278666663,24.3,-0.024921771031902296,,False,False
Eurostat,DE,DEU,2020,2018,CP01,Food & non-alcoholic beverages,196507.0,1718099.0,11.437466641910623,,11.4,0.037466641910622656,p,False,False
Eurostat,DE,DEU,2020,2018,CP04,Housing & utilities (incl. imputed rent),451908.0,1718099.0,26.302791631914108,10.504575114705265,26.3,0.002791631914107029,p,False,False
Eurostat,DE,DEU,2021,2018,CP01,Food & non-alcoholic beverages,204576.0,1810245.0,11.301011741504603,,11.3,0.0010117415046018152,p,False,False
Eurostat,DE,DEU,2021,2018,CP04,Housing & utilities (incl. imputed rent),476862.0,1810245.0,26.34240116669291,10.387709950863004,26.3,0.042401166692908276,p,False,False
Eurostat,DE,DEU,2022,2018,CP01,Food & non-alcoholic beverages,223650.0,2039004.0,10.96859054714949,,11.0,-0.03140945285050911,p,False,False
Eurostat,DE,DEU,2022,2018,CP04,Housing & utilities (incl. imputed rent),505279.0,2039004.0,24.780677232609648,9.639559314253429,24.8,-0.01932276739035288,p,False,False
Eurostat,DE,DEU,2023,2018,CP01,Food & non-alcoholic beverages,237128.0,2161230.0,10.971900260499808,,11.0,-0.028099739500191845,p,False,False
Eurostat,DE,DEU,2023,2018,CP04,Housing & utilities (incl. imputed rent),536427.0,2161230.0,24.82044946627615,9.493066448272511,24.8,0.020449466276147632,p,False,False
Eurostat,DE,DEU,2024,2018,CP01,Food & non-alcoholic beverages,257495.0,2243023.0,11.479819868097652,,11.5,-0.020180131902348464,p,False,False
Eurostat,DE,DEU,2024,2018,CP04,Housing & utilities (incl. imputed rent),551473.0,2243023.0,24.586150030561434,9.535479573771646,24.6,-0.0138499694385672,p,False,False
Eurostat,DE,DEU,2025,2018,CP01,Food & non-alcoholic beverages,266098.0,2326103.0,11.439648201304928,,11.4,0.039648201304927966,p,False,False
Eurostat,DE,DEU,2025,2018,CP04,Housing & utilities (incl. imputed rent),567251.0,2326103.0,24.386323391526517,9.5411080248811,24.4,-0.013676608473481622,p,False,False
Eurostat,DK,DNK,1975,2018,CP01,Food & non-alcoholic beverages,21644.0,124714.5,17.354838451022133,,17.4,-0.04516154897786606,,False,False
Eurostat,DK,DNK,1975,2018,CP04,Housing & utilities (incl. imputed rent),25987.2,124714.5,20.83735251314001,7.8289212561490436,20.8,0.03735251314001076,,False,False
Eurostat,DK,DNK,1976,2018,CP01,Food & non-alcoholic beverages,25232.9,147151.0,17.147623869358686,,17.1,0.047623869358684345,,False,False
Eurostat,DK,DNK,1976,2018,CP04,Housing & utilities (incl. imputed rent),31083.7,147151.0,21.12367568008372,8.02216770528233,21.1,0.023675680083719897,,False,False
Eurostat,DK,DNK,1977,2018,CP01,Food & non-alcoholic beverages,28023.7,163937.0,17.094188621238647,,17.1,-0.005811378761354291,,False,False
Eurostat,DK,DNK,1977,2018,CP04,Housing & utilities (incl. imputed rent),35782.6,163937.0,21.827043315419946,8.403228069319312,21.8,0.027043315419945202,,False,False
Eurostat,DK,DNK,1978,2018,CP01,Food & non-alcoholic beverages,30784.7,179879.7,17.114049000526464,,17.1,0.014049000526462407,,False,False
Eurostat,DK,DNK,1978,2018,CP04,Housing & utilities (incl. imputed rent),40521.0,179879.7,22.5267220258873,8.638829173052878,22.5,0.026722025887298884,,False,False
Eurostat,DK,DNK,1979,2018,CP01,Food & non-alcoholic beverages,32134.3,198532.1,16.185946756217255,,16.2,-0.014053243782743863,,False,False
Eurostat,DK,DNK,1979,2018,CP04,Housing & utilities (incl. imputed rent),47426.7,198532.1,23.888680974008736,8.728512920580602,23.9,-0.011319025991262777,,False,False
Eurostat,DK,DNK,1980,2018,CP01,Food & non-alcoholic beverages,34347.5,211639.3,16.229263657553204,,16.2,0.029263657553205036,,False,False
Eurostat,DK,DNK,1980,2018,CP04,Housing & utilities (incl. imputed rent),54796.4,211639.3,25.891410527250848,9.01954410168622,25.9,-0.008589472749150673,,False,False
Eurostat,DK,DNK,1981,2018,CP01,Food & non-alcoholic beverages,38782.8,235683.0,16.45549318364074,,16.5,-0.04450681635925946,,False,False
Eurostat,DK,DNK,1981,2018,CP04,Housing & utilities (incl. imputed rent),61929.7,235683.0,26.276693694496423,8.96857219230916,26.3,-0.023306305503577818,,False,False
Eurostat,DK,DNK,1982,2018,CP01,Food & non-alcoholic beverages,42831.0,263946.8,16.227133649659706,,16.2,0.02713364965970655,,False,False
Eurostat,DK,DNK,1982,2018,CP04,Housing & utilities (incl. imputed rent),68636.3,263946.8,26.003838652334487,8.901111890729496,26.0,0.0038386523344868806,,False,False
Eurostat,DK,DNK,1983,2018,CP01,Food & non-alcoholic beverages,44719.2,287852.3,15.535467321261635,,15.5,0.035467321261634766,,False,False
Eurostat,DK,DNK,1983,2018,CP04,Housing & utilities (incl. imputed rent),72398.3,287852.3,25.1511973327988,9.153652758723831,25.2,-0.048802667201197636,,False,False
Eurostat,DK,DNK,1984,2018,CP01,Food & non-alcoholic beverages,49080.0,319188.1,15.376513096822848,,15.4,-0.02348690317715274,,False,False
Eurostat,DK,DNK,1984,2018,CP04,Housing & utilities (incl. imputed rent),76903.3,319188.1,24.093410750588763,8.705023777515516,24.1,-0.006589249411238285,,False,False
Eurostat,DK,DNK,1985,2018,CP01,Food & non-alcoholic beverages,50387.7,344610.6,14.621633809290834,,14.6,0.021633809290834805,,False,False
Eurostat,DK,DNK,1985,2018,CP04,Housing & utilities (incl. imputed rent),83091.8,344610.6,24.111794587862363,8.694480088540516,24.1,0.011794587862361539,,False,False
Eurostat,DK,DNK,1986,2018,CP01,Food & non-alcoholic beverages,51878.7,369098.0,14.055535386265976,,14.1,-0.04446461373402322,,False,False
Eurostat,DK,DNK,1986,2018,CP04,Housing & utilities (incl. imputed rent),88916.3,369098.0,24.090160336821114,8.659272063246076,24.1,-0.009839663178887292,,False,False
Eurostat,DK,DNK,1987,2018,CP01,Food & non-alcoholic beverages,51952.3,376726.4,13.790459070561553,,13.8,-0.00954092943844742,,False,False
Eurostat,DK,DNK,1987,2018,CP04,Housing & utilities (incl. imputed rent),95872.9,376726.4,25.44894650335097,9.345748001732822,25.4,0.04894650335097239,,False,False
Eurostat,DK,DNK,1988,2018,CP01,Food & non-alcoholic beverages,53854.2,386013.2,13.951388190870157,,14.0,-0.04861180912984331,,False,False
Eurostat,DK,DNK,1988,2018,CP04,Housing & utilities (incl. imputed rent),97617.9,386013.2,25.288746602447787,9.785805252255622,25.3,-0.011253397552213329,,False,False
Eurostat,DK,DNK,1989,2018,CP01,Food & non-alcoholic beverages,56651.6,405042.5,13.98658165501151,,14.0,-0.013418344988490816,,False,False
Eurostat,DK,DNK,1989,2018,CP04,Housing & utilities (incl. imputed rent),103973.1,405042.5,25.66967663887123,10.011344488541326,25.7,-0.030323361128768767,,False,False
Eurostat,DK,DNK,1990,2018,CP01,Food & non-alcoholic beverages,57870.8,417800.8,13.85128989700355,,13.9,-0.04871010299645029,,False,False
Eurostat,DK,DNK,1990,2018,CP04,Housing & utilities (incl. imputed rent),109743.2,417800.8,26.266871676645902,10.379635462641525,26.3,-0.033128323354098654,,False,False
Eurostat,DK,DNK,1991,2018,CP01,Food & non-alcoholic beverages,58950.9,438288.6,13.450247165908491,,13.5,-0.049752834091508547,,False,False
Eurostat,DK,DNK,1991,2018,CP04,Housing & utilities (incl. imputed rent),116204.1,438288.6,26.513146816960337,10.473487104159224,26.5,0.013146816960336594,,False,False
Eurostat,DK,DNK,1992,2018,CP01,Food & non-alcoholic beverages,61202.4,455052.4,13.449528010400561,,13.4,0.04952801040056087,,False,False
Eurostat,DK,DNK,1992,2018,CP04,Housing & utilities (incl. imputed rent),120143.8,455052.4,26.402190165352383,10.587000530048847,26.4,0.0021901653523848097,,False,False
Eurostat,DK,DNK,1993,2018,CP01,Food & non-alcoholic beverages,59727.6,453605.4,13.167303563846462,,13.2,-0.03269643615353779,,False,False
Eurostat,DK,DNK,1993,2018,CP04,Housing & utilities (incl. imputed rent),124353.4,453605.4,27.414444360671187,11.158332771170713,27.4,0.01444436067118815,,False,False
Eurostat,DK,DNK,1994,2018,CP01,Food & non-alcoholic beverages,63784.2,494977.9,12.886272296197465,,12.9,-0.013727703802535629,,False,False
Eurostat,DK,DNK,1994,2018,CP04,Housing & utilities (incl. imputed rent),128199.9,494977.9,25.900126046031545,10.599846983067325,25.9,0.0001260460315464229,,False,False
Eurostat,DK,DNK,1995,2018,CP01,Food & non-alcoholic beverages,66640.5,512218.9,13.010160304510435,,13.0,0.01016030451043548,,False,False
Eurostat,DK,DNK,1995,2018,CP04,Housing & utilities (incl. imputed rent),132458.2,512218.9,25.85968616152196,10.567435133689912,25.9,-0.04031383847803838,,False,False
Eurostat,DK,DNK,1996,2018,CP01,Food & non-alcoholic beverages,68043.3,532897.4,12.768555448009316,,12.8,-0.031444551990684744,,False,False
Eurostat,DK,DNK,1996,2018,CP04,Housing & utilities (incl. imputed rent),139050.5,532897.4,26.09329675843793,10.411460067172404,26.1,-0.006703241562071582,,False,False
Eurostat,DK,DNK,1997,2018,CP01,Food & non-alcoholic beverages,70570.5,556350.0,12.684551091938529,,12.7,-0.01544890806147059,,False,False
Eurostat,DK,DNK,1997,2018,CP04,Housing & utilities (incl. imputed rent),142493.2,556350.0,25.612150624606816,10.319690842095802,25.6,0.012150624606814375,,False,False
Eurostat,DK,DNK,1998,2018,CP01,Food & non-alcoholic beverages,71922.9,577690.6,12.45007275520841,,12.5,-0.04992724479158994,,False,False
Eurostat,DK,DNK,1998,2018,CP04,Housing & utilities (incl. imputed rent),147703.5,577690.6,25.567925114239355,10.23303823880811,25.6,-0.032074885760646765,,False,False
Eurostat,DK,DNK,1999,2018,CP01,Food & non-alcoholic beverages,70825.2,588975.1,12.025160316624591,,12.0,0.02516031662459106,,False,False
Eurostat,DK,DNK,1999,2018,CP04,Housing & utilities (incl. imputed rent),151440.6,588975.1,25.712564079534094,10.282709744435715,25.7,0.012564079534094219,,False,False
Eurostat,DK,DNK,2000,2018,CP01,Food & non-alcoholic beverages,72884.8,608299.9,11.981721515982494,,12.0,-0.018278484017505647,,False,False
Eurostat,DK,DNK,2000,2018,CP04,Housing & utilities (incl. imputed rent),157709.4,608299.9,25.926257755426228,10.362536636945032,25.9,0.026257755426229323,,False,False
Eurostat,DK,DNK,2001,2018,CP01,Food & non-alcoholic beverages,75750.7,626305.2,12.094854074339475,,12.1,-0.005145925660524853,,False,False
Eurostat,DK,DNK,2001,2018,CP04,Housing & utilities (incl. imputed rent),166121.4,626305.2,26.5240333307148,10.52721580469075,26.5,0.024033330714800627,,False,False
Eurostat,DK,DNK,2002,2018,CP01,Food & non-alcoholic beverages,77038.2,647387.8,11.89985353446574,,11.9,-0.0001464655342608978,,False,False
Eurostat,DK,DNK,2002,2018,CP04,Housing & utilities (incl. imputed rent),172577.0,647387.8,26.65743778304132,10.688956449287428,26.7,-0.04256221695867879,,False,False
Eurostat,DK,DNK,2003,2018,CP01,Food & non-alcoholic beverages,77554.9,662576.1,11.705055464572295,,11.7,0.005055464572295776,,False,False
Eurostat,DK,DNK,2003,2018,CP04,Housing & utilities (incl. imputed rent),180072.3,662576.1,27.17760269348683,10.878267417131408,27.2,-0.02239730651317018,,False,False
Eurostat,DK,DNK,2004,2018,CP01,Food & non-alcoholic beverages,79991.7,703794.2,11.36577993964713,,11.4,-0.03422006035287062,,False,False
Eurostat,DK,DNK,2004,2018,CP04,Housing & utilities (incl. imputed rent),186933.7,703794.2,26.56084690666675,10.649178410393265,26.6,-0.03915309333325112,,False,False
Eurostat,DK,DNK,2005,2018,CP01,Food & non-alcoholic beverages,81527.9,745481.2,10.936278473555069,,10.9,0.0362784735550683,,False,False
Eurostat,DK,DNK,2005,2018,CP04,Housing & utilities (incl. imputed rent),197139.0,745481.2,26.444530056559444,10.413837397911577,26.4,0.044530056559445086,,False,False
Eurostat,DK,DNK,2006,2018,CP01,Food & non-alcoholic beverages,84503.7,783484.2,10.78562911670714,,10.8,-0.014370883292860626,,False,False
Eurostat,DK,DNK,2006,2018,CP04,Housing & utilities (incl. imputed rent),204434.5,783484.2,26.09299587662393,10.34473956207413,26.1,-0.007004123376070481,,False,False
Eurostat,DK,DNK,2007,2018,CP01,Food & non-alcoholic beverages,87657.6,810119.9,10.820324250768312,,10.8,0.020324250768311458,,False,False
Eurostat,DK,DNK,2007,2018,CP04,Housing & utilities (incl. imputed rent),210279.0,810119.9,25.95652816330027,10.418889845811712,26.0,-0.043471836699730204,,False,False
Eurostat,DK,DNK,2008,2018,CP01,Food & non-alcoholic beverages,94372.0,836036.2,11.288027958597965,,11.3,-0.011972041402035671,,False,False
Eurostat,DK,DNK,2008,2018,CP04,Housing & utilities (incl. imputed rent),220980.6,836036.2,26.431941583390767,10.420912395898647,26.4,0.03194158339076836,,False,False
Eurostat,DK,DNK,2009,2018,CP01,Food & non-alcoholic beverages,91642.8,810507.7,11.306838910969015,,11.3,0.0068389109690141225,,False,False
Eurostat,DK,DNK,2009,2018,CP04,Housing & utilities (incl. imputed rent),229371.7,810507.7,28.29975581971646,11.1815717481771,28.3,-0.0002441802835413398,,False,False
Eurostat,DK,DNK,2010,2018,CP01,Food & non-alcoholic beverages,94482.0,841950.4,11.2218011892387,,11.2,0.021801189238701113,,False,False
Eurostat,DK,DNK,2010,2018,CP04,Housing & utilities (incl. imputed rent),249362.0,841950.4,29.61718410015602,11.63410576204964,29.6,0.0171841001560189,,False,False
Eurostat,DK,DNK,2011,2018,CP01,Food & non-alcoholic beverages,96905.0,864964.5,11.20334996407367,,11.2,0.0033499640736707192,,False,False
Eurostat,DK,DNK,2011,2018,CP04,Housing & utilities (incl. imputed rent),256486.3,864964.5,29.652812340853295,12.089224471062106,29.7,-0.04718765914670442,,False,False
Eurostat,DK,DNK,2012,2018,CP01,Food & non-alcoholic beverages,101134.2,886844.1,11.403830729662632,,11.4,0.003830729662631427,,False,False
Eurostat,DK,DNK,2012,2018,CP04,Housing & utilities (incl. imputed rent),265166.9,886844.1,29.90005796960255,12.138334122085269,29.9,5.7969602551111166e-05,,False,False
Eurostat,DK,DNK,2013,2018,CP01,Food & non-alcoholic beverages,103847.3,910184.4,11.409479222012594,,11.4,0.00947922201259388,,False,False
Eurostat,DK,DNK,2013,2018,CP04,Housing & utilities (incl. imputed rent),275113.8,910184.4,30.226160764785682,12.158887803394565,30.2,0.026160764785682744,,False,False
Eurostat,DK,DNK,2014,2018,CP01,Food & non-alcoholic beverages,104337.3,914195.9,11.4130133377321,,11.4,0.013013337732099117,,False,False
Eurostat,DK,DNK,2014,2018,CP04,Housing & utilities (incl. imputed rent),276390.0,914195.9,30.23312618225481,12.459627088679788,30.2,0.033126182254811454,,False,False
Eurostat,DK,DNK,2015,2018,CP01,Food & non-alcoholic beverages,105928.4,937240.5,11.302157770604236,,11.3,0.002157770604235054,,False,False
Eurostat,DK,DNK,2015,2018,CP04,Housing & utilities (incl. imputed rent),280468.8,937240.5,29.924955227607004,12.497539318883467,29.9,0.024955227607005526,,False,False
Eurostat,DK,DNK,2016,2018,CP01,Food & non-alcoholic beverages,111468.9,972592.4,11.461008743230977,,11.5,-0.03899125676902315,,False,False
Eurostat,DK,DNK,2016,2018,CP04,Housing & utilities (incl. imputed rent),286412.3,972592.4,29.448338276137054,12.341038239657228,29.4,0.04833827613705566,,False,False
Eurostat,DK,DNK,2017,2018,CP01,Food & non-alcoholic beverages,116073.1,1011997.1,11.469706780780301,,11.5,-0.03029321921969874,,False,False
Eurostat,DK,DNK,2017,2018,CP04,Housing & utilities (incl. imputed rent),292018.4,1011997.1,28.85565581166191,12.13430354691728,28.9,-0.044344188338087065,,False,False
Eurostat,DK,DNK,2018,2018,CP01,Food & non-alcoholic beverages,119421.6,1055157.7,11.317891155037774,,11.3,0.017891155037773387,,False,False
Eurostat,DK,DNK,2018,2018,CP04,Housing & utilities (incl. imputed rent),302589.3,1055157.7,28.677163612605018,11.862539599530953,28.7,-0.022836387394981728,,False,False
Eurostat,DK,DNK,2019,2018,CP01,Food & non-alcoholic beverages,122175.4,1081235.6,11.299609446821764,,11.3,-0.0003905531782368854,,False,False
Eurostat,DK,DNK,2019,2018,CP04,Housing & utilities (incl. imputed rent),309734.8,1081235.6,28.64637457368218,11.891164145908624,28.6,0.04637457368217923,,False,False
Eurostat,DK,DNK,2020,2018,CP01,Food & non-alcoholic beverages,130773.3,1066567.4,12.261137927148347,,12.3,-0.03886207285165355,,False,False
Eurostat,DK,DNK,2020,2018,CP04,Housing & utilities (incl. imputed rent),318897.1,1066567.4,29.899385636575804,12.393281474757247,29.9,-0.0006143634241944085,,False,False
Eurostat,DK,DNK,2021,2018,CP01,Food & non-alcoholic beverages,137173.3,1138876.4,12.04461695755571,,12.0,0.04461695755571071,,False,False
Eurostat,DK,DNK,2021,2018,CP04,Housing & utilities (incl. imputed rent),332206.2,1138876.4,29.16964474810436,11.750318120561635,29.2,-0.030355251895638702,,False,False
Eurostat,DK,DNK,2022,2018,CP01,Food & non-alcoholic beverages,145836.4,1218722.8,11.96633065369746,,12.0,-0.03366934630254015,,False,False
Eurostat,DK,DNK,2022,2018,CP04,Housing & utilities (incl. imputed rent),358024.8,1218722.8,29.377049481637663,11.36418388168335,29.4,-0.02295051836233597,,False,False
Eurostat,DK,DNK,2023,2018,CP01,Food & non-alcoholic beverages,149089.1,1230680.7,12.114360776113578,,12.1,0.014360776113578666,,False,False
Eurostat,DK,DNK,2023,2018,CP04,Housing & utilities (incl. imputed rent),353266.4,1230680.7,28.70495978363844,11.832224231679266,28.7,0.00495978363844074,,False,False
Eurostat,DK,DNK,2024,2018,CP01,Food & non-alcoholic beverages,149662.4,1260577.7,11.87252479557587,,11.9,-0.027475204424129984,,False,False
Eurostat,DK,DNK,2024,2018,CP04,Housing & utilities (incl. imputed rent),364924.2,1260577.7,28.948965224436385,11.909737892396478,28.9,0.048965224436386734,,False,False
Eurostat,DK,DNK,2025,2018,CP01,Food & non-alcoholic beverages,158687.9,1321251.1,12.010427086872435,,12.0,0.010427086872434543,,False,False
Eurostat,DK,DNK,2025,2018,CP04,Housing & utilities (incl. imputed rent),378624.1,1321251.1,28.656483237743373,11.807717700291791,28.7,-0.04351676225662615,,False,False
Eurostat,EE,EST,1995,2018,CP01,Food & non-alcoholic beverages,482.5,1728.9,27.907918329573718,,27.9,0.007918329573719518,,False,False
Eurostat,EE,EST,1995,2018,CP04,Housing & utilities (incl. imputed rent),378.8,1728.9,21.909884897911965,13.453641043438022,21.9,0.009884897911966561,,False,False
Eurostat,EE,EST,1996,2018,CP01,Food & non-alcoholic beverages,590.9,2384.0,24.786073825503355,,24.8,-0.013926174496646126,,False,False
Eurostat,EE,EST,1996,2018,CP04,Housing & utilities (incl. imputed rent),489.3,2384.0,20.524328859060404,12.96979865771812,20.5,0.02432885906040383,,False,False
Eurostat,EE,EST,1997,2018,CP01,Food & non-alcoholic beverages,707.7,2935.2,24.1107931316435,,24.1,0.010793131643499265,,False,False
Eurostat,EE,EST,1997,2018,CP04,Housing & utilities (incl. imputed rent),651.2,2935.2,22.18588171163805,14.94957754156446,22.2,-0.014118288361949283,,False,False
Eurostat,EE,EST,1998,2018,CP01,Food & non-alcoholic beverages,716.3,3232.9,22.156577685669212,,22.2,-0.043422314330786804,,False,False
Eurostat,EE,EST,1998,2018,CP04,Housing & utilities (incl. imputed rent),729.3,3232.9,22.558693433140522,14.466887314794766,22.6,-0.04130656685947898,,False,False
Eurostat,EE,EST,1999,2018,CP01,Food & non-alcoholic beverages,707.2,3305.8,21.3927037328332,,21.4,-0.007296267166797321,,False,False
Eurostat,EE,EST,1999,2018,CP04,Housing & utilities (incl. imputed rent),752.1,3305.8,22.750922620848204,14.876883054026258,22.8,-0.04907737915179666,,False,False
Eurostat,EE,EST,2000,2018,CP01,Food & non-alcoholic beverages,756.2,3635.8,20.79872380218934,,20.8,-0.0012761978106610172,,False,False
Eurostat,EE,EST,2000,2018,CP04,Housing & utilities (incl. imputed rent),787.8,3635.8,21.6678585180703,14.588261180482972,21.7,-0.03214148192969901,,False,False
Eurostat,EE,EST,2001,2018,CP01,Food & non-alcoholic beverages,836.8,4112.7,20.346730858073773,,20.3,0.0467308580737722,,False,False
Eurostat,EE,EST,2001,2018,CP04,Housing & utilities (incl. imputed rent),879.5,4112.7,21.384978238140395,14.243684197728983,21.4,-0.0150217618596038,,False,False
Eurostat,EE,EST,2002,2018,CP01,Food & non-alcoholic beverages,917.9,4588.3,20.005230695464547,,20.0,0.0052306954645473525,,False,False
Eurostat,EE,EST,2002,2018,CP04,Housing & utilities (incl. imputed rent),935.3,4588.3,20.384456116644508,13.290325392847022,20.4,-0.015543883355491062,,False,False
Eurostat,EE,EST,2003,2018,CP01,Food & non-alcoholic beverages,970.9,5043.4,19.250902169171592,,19.3,-0.04909783082840846,,False,False
Eurostat,EE,EST,2003,2018,CP04,Housing & utilities (incl. imputed rent),1002.7,5043.4,19.881429194590954,12.886148233334655,19.9,-0.018570805409044766,,False,False
Eurostat,EE,EST,2004,2018,CP01,Food & non-alcoholic beverages,1104.0,5709.2,19.337210117004133,,19.3,0.03721011700413257,,False,False
Eurostat,EE,EST,2004,2018,CP04,Housing & utilities (incl. imputed rent),1096.0,5709.2,19.19708540601135,12.493869543894064,19.2,-0.002914593988649017,,False,False
Eurostat,EE,EST,2005,2018,CP01,Food & non-alcoholic beverages,1226.7,6485.9,18.91333508071355,,18.9,0.013335080713552827,,False,False
Eurostat,EE,EST,2005,2018,CP04,Housing & utilities (incl. imputed rent),1159.8,6485.9,17.881866818791533,11.62675958617925,17.9,-0.018133181208465743,,False,False
Eurostat,EE,EST,2006,2018,CP01,Food & non-alcoholic beverages,1355.5,7591.1,17.85643714349699,,17.9,-0.04356285650300862,,False,False
Eurostat,EE,EST,2006,2018,CP04,Housing & utilities (incl. imputed rent),1344.6,7591.1,17.7128479403512,11.687370736783866,17.7,0.012847940351200293,,False,False
Eurostat,EE,EST,2007,2018,CP01,Food & non-alcoholic beverages,1502.8,8741.9,17.190770885047872,,17.2,-0.009229114952127304,,False,False
Eurostat,EE,EST,2007,2018,CP04,Housing & utilities (incl. imputed rent),1576.3,8741.9,18.03154920555028,11.96650613710978,18.0,0.031549205550280846,,False,False
Eurostat,EE,EST,2008,2018,CP01,Food & non-alcoholic beverages,1772.3,8996.6,19.699664317631104,,19.7,-0.0003356823688953625,,False,False
Eurostat,EE,EST,2008,2018,CP04,Housing & utilities (incl. imputed rent),1608.6,8996.6,17.880088033257007,11.88448969610742,17.9,-0.019911966742991893,,False,False
Eurostat,EE,EST,2009,2018,CP01,Food & non-alcoholic beverages,1571.8,7753.0,20.27344253837224,,20.3,-0.026557461627760404,,False,False
Eurostat,EE,EST,2009,2018,CP04,Housing & utilities (incl. imputed rent),1571.1,7753.0,20.264413775312782,12.92144976138269,20.3,-0.035586224687218504,,False,False
Eurostat,EE,EST,2010,2018,CP01,Food & non-alcoholic beverages,1572.7,7934.5,19.82103472178461,,19.8,0.02103472178460919,,False,False
Eurostat,EE,EST,2010,2018,CP04,Housing & utilities (incl. imputed rent),1662.6,7934.5,20.954061377528514,13.051862121116642,21.0,-0.0459386224714855,,False,False
Eurostat,EE,EST,2011,2018,CP01,Food & non-alcoholic beverages,1714.0,8629.4,19.862331100655897,,19.9,-0.03766889934410145,,False,False
Eurostat,EE,EST,2011,2018,CP04,Housing & utilities (incl. imputed rent),1770.9,8629.4,20.521704869399958,12.156117458919507,20.5,0.02170486939995797,,False,False
Eurostat,EE,EST,2012,2018,CP01,Food & non-alcoholic beverages,1827.0,9496.7,19.2382617119631,,19.2,0.03826171196310213,,False,False
Eurostat,EE,EST,2012,2018,CP04,Housing & utilities (incl. imputed rent),2003.1,9496.7,21.092590057598954,12.611749344509146,21.1,-0.007409942401046976,,False,False
Eurostat,EE,EST,2013,2018,CP01,Food & non-alcoholic beverages,2021.3,10231.5,19.75565655084787,,19.8,-0.04434344915213018,,False,False
Eurostat,EE,EST,2013,2018,CP04,Housing & utilities (incl. imputed rent),2161.2,10231.5,21.12300249230318,12.787958754825784,21.1,0.023002492303177746,,False,False
Eurostat,EE,EST,2014,2018,CP01,Food & non-alcoholic beverages,2179.9,10758.2,20.26268334851555,,20.3,-0.03731665148444918,,False,False
Eurostat,EE,EST,2014,2018,CP04,Housing & utilities (incl. imputed rent),2251.6,10758.2,20.92915171682995,13.1192950493577,20.9,0.029151716829950658,,False,False
Eurostat,EE,EST,2015,2018,CP01,Food & non-alcoholic beverages,2221.8,11150.1,19.926278688083514,,19.9,0.026278688083515078,,False,False
Eurostat,EE,EST,2015,2018,CP04,Housing & utilities (incl. imputed rent),2331.5,11150.1,20.91012636657967,13.36759311575681,20.9,0.010126366579672919,,False,False
Eurostat,EE,EST,2016,2018,CP01,Food & non-alcoholic beverages,2278.0,11697.5,19.47424663389613,,19.5,-0.02575336610387069,,False,False
Eurostat,EE,EST,2016,2018,CP04,Housing & utilities (incl. imputed rent),2461.9,11697.5,21.046377431075015,13.45672152169267,21.0,0.04637743107501535,,False,False
Eurostat,EE,EST,2017,2018,CP01,Food & non-alcoholic beverages,2406.2,12504.2,19.24313430687289,,19.2,0.043134306872889994,,False,False
Eurostat,EE,EST,2017,2018,CP04,Housing & utilities (incl. imputed rent),2631.8,12504.2,21.047328097759152,13.537051550678973,21.0,0.04732809775915214,,False,False
Eurostat,EE,EST,2018,2018,CP01,Food & non-alcoholic beverages,2532.9,13433.0,18.855802873520435,,18.9,-0.04419712647956331,,False,False
Eurostat,EE,EST,2018,2018,CP04,Housing & utilities (incl. imputed rent),2832.8,13433.0,21.0883644755453,13.628377875381522,21.1,-0.011635524454700175,,False,False
Eurostat,EE,EST,2019,2018,CP01,Food & non-alcoholic beverages,2658.1,14286.9,18.60515577207092,,18.6,0.0051557720709176635,,False,False
Eurostat,EE,EST,2019,2018,CP04,Housing & utilities (incl. imputed rent),3060.0,14286.9,21.418222287550133,13.90854559071597,21.4,0.018222287550134553,,False,False
Eurostat,EE,EST,2020,2018,CP01,Food & non-alcoholic beverages,2799.9,13707.3,20.42634216804185,,20.4,0.0263421680418503,,False,False
Eurostat,EE,EST,2020,2018,CP04,Housing & utilities (incl. imputed rent),2999.0,13707.3,21.878852874016037,14.268309586862477,21.9,-0.021147125983961956,,False,False
Eurostat,EE,EST,2021,2018,CP01,Food & non-alcoholic beverages,2944.2,15299.6,19.243640356610626,,19.2,0.04364035661062715,,False,False
Eurostat,EE,EST,2021,2018,CP04,Housing & utilities (incl. imputed rent),3390.6,15299.6,22.161363695782896,13.629768098512379,22.2,-0.0386363042171034,,False,False
Eurostat,EE,EST,2022,2018,CP01,Food & non-alcoholic beverages,3451.6,18708.3,18.449565166263103,,18.4,0.04956516626310403,,False,False
Eurostat,EE,EST,2022,2018,CP04,Housing & utilities (incl. imputed rent),4467.7,18708.3,23.880844331125754,13.373208682777163,23.9,-0.01915566887424447,,False,False
Eurostat,EE,EST,2023,2018,CP01,Food & non-alcoholic beverages,3832.7,20095.6,19.072334242321702,,19.1,-0.027665757678299485,,False,False
Eurostat,EE,EST,2023,2018,CP04,Housing & utilities (incl. imputed rent),4886.8,20095.6,24.317761101932764,13.80501204243715,24.3,0.017761101932762813,,False,False
Eurostat,EE,EST,2024,2018,CP01,Food & non-alcoholic beverages,3875.1,20804.7,18.626079683917578,,18.6,0.02607968391757609,,False,False
Eurostat,EE,EST,2024,2018,CP04,Housing & utilities (incl. imputed rent),5192.3,20804.7,24.9573413699789,14.092969377111903,25.0,-0.042658630021101374,,False,False
Eurostat,EE,EST,2025,2018,CP01,Food & non-alcoholic beverages,4073.1,21424.2,19.011678382390006,,19.0,0.011678382390005737,,False,False
Eurostat,EE,EST,2025,2018,CP04,Housing & utilities (incl. imputed rent),5290.9,21424.2,24.695904631211434,14.052333342668572,24.7,-0.004095368788565423,,False,False
Eurostat,EL,GRC,1995,2018,CP01,Food & non-alcoholic beverages,10591.5,64922.4,16.31409190048427,,16.3,0.01409190048427078,,False,True
Eurostat,EL,GRC,1995,2018,CP04,Housing & utilities (incl. imputed rent),11939.0,64922.4,18.389646716695623,10.893620691779724,18.4,-0.010353283304375793,,False,True
Eurostat,EL,GRC,1996,2018,CP01,Food & non-alcoholic beverages,10376.8,71016.9,14.611733263490803,,14.6,0.011733263490803836,,False,True
Eurostat,EL,GRC,1996,2018,CP04,Housing & utilities (incl. imputed rent),13206.8,71016.9,18.59670022205982,11.045399052901494,18.6,-0.0032997779401817695,,False,True
Eurostat,EL,GRC,1997,2018,CP01,Food & non-alcoholic beverages,12053.3,78364.7,15.381032531228984,,15.4,-0.018967468771016627,,False,True
Eurostat,EL,GRC,1997,2018,CP04,Housing & utilities (incl. imputed rent),14281.2,78364.7,18.224021785319156,10.890873058915558,18.2,0.024021785319156663,,False,True
Eurostat,EL,GRC,1998,2018,CP01,Food & non-alcoholic beverages,12893.5,85823.7,15.023239501443076,,15.0,0.02323950144307574,,False,True
Eurostat,EL,GRC,1998,2018,CP04,Housing & utilities (incl. imputed rent),15607.2,85823.7,18.18518660929324,10.652069300204955,18.2,-0.014813390706759577,,False,True
Eurostat,EL,GRC,1999,2018,CP01,Food & non-alcoholic beverages,14168.1,89955.7,15.750085875603215,,15.8,-0.04991412439678555,,False,True
Eurostat,EL,GRC,1999,2018,CP04,Housing & utilities (incl. imputed rent),15329.8,89955.7,17.04149931577432,10.323859410798871,17.0,0.04149931577432042,,False,True
Eurostat,EL,GRC,2000,2018,CP01,Food & non-alcoholic beverages,14233.7,93606.8,15.20583974668507,,15.2,0.0058397466850710344,,False,True
Eurostat,EL,GRC,2000,2018,CP04,Housing & utilities (incl. imputed rent),15566.6,93606.8,16.629774759953335,10.152253896084474,16.6,0.029774759953333785,,False,True
Eurostat,EL,GRC,2001,2018,CP01,Food & non-alcoholic beverages,16633.0,101846.1,16.331504102758963,,16.3,0.031504102758962205,,False,True
Eurostat,EL,GRC,2001,2018,CP04,Housing & utilities (incl. imputed rent),16773.2,101846.1,16.46916278581114,10.19587397062823,16.5,-0.03083721418886043,,False,True
Eurostat,EL,GRC,2002,2018,CP01,Food & non-alcoholic beverages,18139.7,110703.8,16.385797054843646,,16.4,-0.014202945156352342,,False,True
Eurostat,EL,GRC,2002,2018,CP04,Housing & utilities (incl. imputed rent),19060.1,110703.8,17.217204829463846,10.046628932340171,17.2,0.017204829463846494,,False,True
Eurostat,EL,GRC,2003,2018,CP01,Food & non-alcoholic beverages,20119.4,117928.9,17.06061872874249,,17.1,-0.03938127125751123,,False,True
Eurostat,EL,GRC,2003,2018,CP04,Housing & utilities (incl. imputed rent),20079.8,117928.9,17.027039173603757,10.140940855040622,17.0,0.027039173603757405,,False,True
Eurostat,EL,GRC,2004,2018,CP01,Food & non-alcoholic beverages,20346.5,126633.1,16.067284146088188,,16.1,-0.03271585391181375,,False,True
Eurostat,EL,GRC,2004,2018,CP04,Housing & utilities (incl. imputed rent),21587.0,126633.1,17.046885845801768,10.102019140335345,17.0,0.0468858458017678,,False,True
Eurostat,EL,GRC,2005,2018,CP01,Food & non-alcoholic beverages,20873.1,134407.5,15.529713743652696,,15.5,0.029713743652695968,,False,True
Eurostat,EL,GRC,2005,2018,CP04,Housing & utilities (incl. imputed rent),24137.6,134407.5,17.95852165987761,10.192809181035283,18.0,-0.0414783401223886,,False,True
Eurostat,EL,GRC,2006,2018,CP01,Food & non-alcoholic beverages,20727.3,141345.5,14.664280079662953,,14.7,-0.03571992033704596,,False,True
Eurostat,EL,GRC,2006,2018,CP04,Housing & utilities (incl. imputed rent),25048.6,141345.5,17.72154048059542,10.30934836977477,17.7,0.021540480595419353,,False,True
Eurostat,EL,GRC,2007,2018,CP01,Food & non-alcoholic beverages,22713.4,152298.1,14.913777650541931,,14.9,0.013777650541930697,,False,True
Eurostat,EL,GRC,2007,2018,CP04,Housing & utilities (incl. imputed rent),26824.4,152298.1,17.613089066771025,10.218183943200868,17.6,0.013089066771023283,,False,True
Eurostat,EL,GRC,2008,2018,CP01,Food & non-alcoholic beverages,23868.1,163384.1,14.60858186322904,,14.6,0.008581863229039755,,False,True
Eurostat,EL,GRC,2008,2018,CP04,Housing & utilities (incl. imputed rent),30527.4,163384.1,18.684437469741546,10.148294723905202,18.7,-0.015562530258453222,,False,True
Eurostat,EL,GRC,2009,2018,CP01,Food & non-alcoholic beverages,24101.1,160649.1,15.002324942996879,,15.0,0.002324942996878576,,False,True
Eurostat,EL,GRC,2009,2018,CP04,Housing & utilities (incl. imputed rent),31773.6,160649.1,19.77826206309279,11.01145291196776,19.8,-0.021737936907211264,,False,True
Eurostat,EL,GRC,2010,2018,CP01,Food & non-alcoholic beverages,23549.7,153944.7,15.297506182414851,,15.3,-0.002493817585149216,,False,True
Eurostat,EL,GRC,2010,2018,CP04,Housing & utilities (incl. imputed rent),31959.9,153944.7,20.760636774114342,12.25907744794072,20.8,-0.03936322588565844,,False,True
Eurostat,EL,GRC,2011,2018,CP01,Food & non-alcoholic beverages,23318.0,147030.6,15.859283713730338,,15.9,-0.04071628626966195,,False,True
Eurostat,EL,GRC,2011,2018,CP04,Housing & utilities (incl. imputed rent),33287.2,147030.6,22.6396409999007,13.400407806266179,22.6,0.03964099990069769,,False,True
Eurostat,EL,GRC,2012,2018,CP01,Food & non-alcoholic beverages,22036.6,135550.3,16.257138493976036,,16.3,-0.042861506023964324,,False,True
Eurostat,EL,GRC,2012,2018,CP04,Housing & utilities (incl. imputed rent),31205.4,135550.3,23.02126959512447,13.01627513919187,23.0,0.02126959512446902,,False,True
Eurostat,EL,GRC,2013,2018,CP01,Food & non-alcoholic beverages,20905.7,131038.7,15.953836538366147,,16.0,-0.046163461633852876,,False,True
Eurostat,EL,GRC,2013,2018,CP04,Housing & utilities (incl. imputed rent),29028.6,131038.7,22.15269229624531,12.695638769310136,22.2,-0.04730770375469007,,False,True
Eurostat,EL,GRC,2014,2018,CP01,Food & non-alcoholic beverages,20450.7,129244.0,15.823326421342577,,15.8,0.023326421342575898,,False,True
Eurostat,EL,GRC,2014,2018,CP04,Housing & utilities (incl. imputed rent),27541.0,129244.0,21.3093064281514,12.047445142521124,21.3,0.009306428151401036,,False,True
Eurostat,EL,GRC,2015,2018,CP01,Food & non-alcoholic beverages,20434.1,128811.7,15.86354345141008,,15.9,-0.036456548589919535,,False,True
Eurostat,EL,GRC,2015,2018,CP04,Housing & utilities (incl. imputed rent),27764.2,128811.7,21.554097958492903,12.284598371110699,21.6,-0.04590204150709809,,False,True
Eurostat,EL,GRC,2016,2018,CP01,Food & non-alcoholic beverages,19749.6,127207.3,15.525524085488804,,15.5,0.02552408548880436,,False,True
Eurostat,EL,GRC,2016,2018,CP04,Housing & utilities (incl. imputed rent),27951.5,127207.3,21.97318864562018,12.502977423465477,22.0,-0.026811354379820074,,False,True
Eurostat,EL,GRC,2017,2018,CP01,Food & non-alcoholic beverages,20968.9,132299.7,15.84954463237634,,15.8,0.04954463237633888,,False,True
Eurostat,EL,GRC,2017,2018,CP04,Housing & utilities (incl. imputed rent),28264.0,132299.7,21.36361609285584,12.123610257619632,21.4,-0.03638390714415962,,False,True
Eurostat,EL,GRC,2018,2018,CP01,Food & non-alcoholic beverages,21111.1,136430.3,15.473908655188767,,15.5,-0.026091344811232986,,False,True
Eurostat,EL,GRC,2018,2018,CP04,Housing & utilities (incl. imputed rent),28144.0,136430.3,20.628848576892377,11.752961035781642,20.6,0.028848576892375632,,False,True
Eurostat,EL,GRC,2019,2018,CP01,Food & non-alcoholic beverages,21926.2,141153.9,15.533541758321945,,15.5,0.03354175832194528,,False,True
Eurostat,EL,GRC,2019,2018,CP04,Housing & utilities (incl. imputed rent),29357.8,141153.9,20.79843348288641,12.035515844762347,20.8,-0.001566517113591459,,False,True
Eurostat,EL,GRC,2020,2018,CP01,Food & non-alcoholic beverages,22870.3,120006.3,19.057582810235797,,19.1,-0.04241718976420472,,False,True
Eurostat,EL,GRC,2020,2018,CP04,Housing & utilities (incl. imputed rent),30687.8,120006.3,25.571824145899008,15.039960402078892,25.6,-0.028175854100993547,,False,True
Eurostat,EL,GRC,2021,2018,CP01,Food & non-alcoholic beverages,23111.9,133088.1,17.36586516750934,,17.4,-0.03413483249065763,,False,True
Eurostat,EL,GRC,2021,2018,CP04,Housing & utilities (incl. imputed rent),32724.7,133088.1,24.58874985817665,14.061212084326097,24.6,-0.011250141823349935,,False,True
Eurostat,EL,GRC,2022,2018,CP01,Food & non-alcoholic beverages,26162.0,159758.5,16.37596747590895,,16.4,-0.024032524091047947,,False,True
Eurostat,EL,GRC,2022,2018,CP04,Housing & utilities (incl. imputed rent),35923.9,159758.5,22.486377876607506,12.591943464666983,22.5,-0.013622123392494245,,False,True
Eurostat,EL,GRC,2023,2018,CP01,Food & non-alcoholic beverages,26778.4,170686.0,15.688691515414272,,15.7,-0.01130848458572764,p,False,True
Eurostat,EL,GRC,2023,2018,CP04,Housing & utilities (incl. imputed rent),37075.0,170686.0,21.721172210960475,12.414550695429034,21.7,0.021172210960475724,p,False,True
Eurostat,EL,GRC,2024,2018,CP01,Food & non-alcoholic beverages,28227.4,178359.0,15.826170812798907,,15.8,0.026170812798905985,p,False,True
Eurostat,EL,GRC,2024,2018,CP04,Housing & utilities (incl. imputed rent),38847.7,178359.0,21.780622228202667,12.597514002657562,21.8,-0.01937777179733402,p,False,True
Eurostat,EL,GRC,2025,2018,CP01,Food & non-alcoholic beverages,,,,,,,,False,True
Eurostat,EL,GRC,2025,2018,CP04,Housing & utilities (incl. imputed rent),,,,,,,,False,True
Eurostat,ES,ESP,1995,2018,CP01,Food & non-alcoholic beverages,48408.0,289083.0,16.745363788254583,,16.7,0.045363788254583426,,False,True
Eurostat,ES,ESP,1995,2018,CP04,Housing & utilities (incl. imputed rent),41482.0,289083.0,14.349512077846155,8.652532317708063,14.3,0.04951207784615441,,False,True
Eurostat,ES,ESP,1996,2018,CP01,Food & non-alcoholic beverages,50109.0,305086.0,16.42454914352019,,16.4,0.024549143520189887,,False,True
Eurostat,ES,ESP,1996,2018,CP04,Housing & utilities (incl. imputed rent),44969.0,305086.0,14.739778292022576,8.991890811115555,14.7,0.03977829202257688,,False,True
Eurostat,ES,ESP,1997,2018,CP01,Food & non-alcoholic beverages,50902.0,323734.0,15.723402546535118,,15.7,0.023402546535118418,,False,True
Eurostat,ES,ESP,1997,2018,CP04,Housing & utilities (incl. imputed rent),48456.0,323734.0,14.967843970667277,9.249569090673207,15.0,-0.032156029332723435,,False,True
Eurostat,ES,ESP,1998,2018,CP01,Food & non-alcoholic beverages,51490.0,344714.0,14.937020254471822,,14.9,0.037020254471821445,,False,True
Eurostat,ES,ESP,1998,2018,CP04,Housing & utilities (incl. imputed rent),52073.0,344714.0,15.1061459644807,9.378789373219538,15.1,0.006145964480699817,,False,True
Eurostat,ES,ESP,1999,2018,CP01,Food & non-alcoholic beverages,52988.0,369894.0,14.325185053015188,,14.3,0.025185053015187364,,False,True
Eurostat,ES,ESP,1999,2018,CP04,Housing & utilities (incl. imputed rent),56192.0,369894.0,15.191379151865128,9.374577581685564,15.2,-0.008620848134871295,,False,True
Eurostat,ES,ESP,2000,2018,CP01,Food & non-alcoholic beverages,56762.0,402770.0,14.092906621645106,,14.1,-0.0070933783548934315,,False,True
Eurostat,ES,ESP,2000,2018,CP04,Housing & utilities (incl. imputed rent),61318.0,402770.0,15.224073292449786,9.39146411103111,15.2,0.02407329244978662,,False,True
Eurostat,ES,ESP,2001,2018,CP01,Food & non-alcoholic beverages,60694.0,432653.0,14.02833217382059,,14.0,0.02833217382059061,,False,True
Eurostat,ES,ESP,2001,2018,CP04,Housing & utilities (incl. imputed rent),66157.0,432653.0,15.29100688080286,9.520331535895972,15.3,-0.008993119197141297,,False,True
Eurostat,ES,ESP,2002,2018,CP01,Food & non-alcoholic beverages,64495.0,455925.0,14.145966990184789,,14.1,0.045966990184789225,,False,True
Eurostat,ES,ESP,2002,2018,CP04,Housing & utilities (incl. imputed rent),73391.0,455925.0,16.09716510390963,10.114163513735813,16.1,-0.0028348960903699094,,False,True
Eurostat,ES,ESP,2003,2018,CP01,Food & non-alcoholic beverages,67341.0,482130.0,13.967394686080517,,14.0,-0.032605313919482626,,False,True
Eurostat,ES,ESP,2003,2018,CP04,Housing & utilities (incl. imputed rent),80574.0,482130.0,16.71209010018045,10.549644286810612,16.7,0.012090100180451202,,False,True
Eurostat,ES,ESP,2004,2018,CP01,Food & non-alcoholic beverages,69468.0,517738.0,13.417597317562166,,13.4,0.017597317562165316,,False,True
Eurostat,ES,ESP,2004,2018,CP04,Housing & utilities (incl. imputed rent),88035.0,517738.0,17.003774109684823,10.848537291062275,17.0,0.003774109684822946,,False,True
Eurostat,ES,ESP,2005,2018,CP01,Food & non-alcoholic beverages,72116.0,555341.0,12.985895152707977,,13.0,-0.014104847292022882,,False,True
Eurostat,ES,ESP,2005,2018,CP04,Housing & utilities (incl. imputed rent),97420.0,555341.0,17.54237486517293,11.227155927619247,17.5,0.04237486517293121,,False,True
Eurostat,ES,ESP,2006,2018,CP01,Food & non-alcoholic beverages,75896.0,597776.0,12.696394636117878,,12.7,-0.003605363882121182,,False,True
Eurostat,ES,ESP,2006,2018,CP04,Housing & utilities (incl. imputed rent),108999.0,597776.0,18.234087685019137,11.594309574154869,18.2,0.03408768501913784,,False,True
Eurostat,ES,ESP,2007,2018,CP01,Food & non-alcoholic beverages,78931.0,637641.0,12.378595479274388,,12.4,-0.021404520725612386,,False,True
Eurostat,ES,ESP,2007,2018,CP04,Housing & utilities (incl. imputed rent),120633.0,637641.0,18.918639171571463,11.982761459818299,18.9,0.018639171571464885,,False,True
Eurostat,ES,ESP,2008,2018,CP01,Food & non-alcoholic beverages,82253.0,655801.0,12.542371847557416,,12.5,0.04237184755741552,,False,True
Eurostat,ES,ESP,2008,2018,CP04,Housing & utilities (incl. imputed rent),131323.0,655801.0,20.024824603805115,12.56082256660176,20.0,0.024824603805114975,,False,True
Eurostat,ES,ESP,2009,2018,CP01,Food & non-alcoholic beverages,78167.0,625889.0,12.488955709398951,,12.5,-0.011044290601049056,,False,True
Eurostat,ES,ESP,2009,2018,CP04,Housing & utilities (incl. imputed rent),138491.0,625889.0,22.127086432258753,13.731508302590395,22.1,0.02708643225875207,,False,True
Eurostat,ES,ESP,2010,2018,CP01,Food & non-alcoholic beverages,80117.0,641185.0,12.495145706777295,,12.5,-0.0048542932227046975,,False,True
Eurostat,ES,ESP,2010,2018,CP04,Housing & utilities (incl. imputed rent),145427.0,641185.0,22.680973509985417,13.780890070728416,22.7,-0.01902649001458201,,False,True
Eurostat,ES,ESP,2011,2018,CP01,Food & non-alcoholic beverages,81424.0,643908.0,12.645284730116725,,12.6,0.04528473011672496,,False,True
Eurostat,ES,ESP,2011,2018,CP04,Housing & utilities (incl. imputed rent),150984.0,643908.0,23.448070221211726,14.12453331842437,23.4,0.048070221211727215,,False,True
Eurostat,ES,ESP,2012,2018,CP01,Food & non-alcoholic beverages,82027.0,636405.0,12.889119350099387,,12.9,-0.010880649900613548,,False,True
Eurostat,ES,ESP,2012,2018,CP04,Housing & utilities (incl. imputed rent),153665.0,636405.0,24.145787666658812,14.547340137176798,24.1,0.04578766665881062,,False,True
Eurostat,ES,ESP,2013,2018,CP01,Food & non-alcoholic beverages,83018.0,624214.0,13.299605583982416,,13.3,-0.000394416017584831,,False,True
Eurostat,ES,ESP,2013,2018,CP04,Housing & utilities (incl. imputed rent),154960.0,624214.0,24.824819693246226,14.965220261000233,24.8,0.024819693246225683,,False,True
Eurostat,ES,ESP,2014,2018,CP01,Food & non-alcoholic beverages,83530.0,635897.0,13.135775133394246,,13.1,0.035775133394245984,,False,True
Eurostat,ES,ESP,2014,2018,CP04,Housing & utilities (incl. imputed rent),154794.0,635897.0,24.34262152518411,14.515872853622522,24.3,0.04262152518411,,False,True
Eurostat,ES,ESP,2015,2018,CP01,Food & non-alcoholic beverages,85614.0,653758.0,13.095671487002836,,13.1,-0.004328512997163969,,False,True
Eurostat,ES,ESP,2015,2018,CP04,Housing & utilities (incl. imputed rent),154156.0,653758.0,23.57997913601057,13.958987882366259,23.6,-0.020020863989429927,,False,True
Eurostat,ES,ESP,2016,2018,CP01,Food & non-alcoholic beverages,86024.0,675519.0,12.734504876990876,,12.7,0.034504876990876454,,False,True
Eurostat,ES,ESP,2016,2018,CP04,Housing & utilities (incl. imputed rent),155185.0,675519.0,22.972706911278586,13.645360086096764,23.0,-0.02729308872141445,,False,True
Eurostat,ES,ESP,2017,2018,CP01,Food & non-alcoholic beverages,87103.0,709756.0,12.272245673160917,,12.3,-0.027754326839083632,,False,True
Eurostat,ES,ESP,2017,2018,CP04,Housing & utilities (incl. imputed rent),159305.0,709756.0,22.445037449489682,13.062799046432858,22.4,0.04503744948968347,,False,True
Eurostat,ES,ESP,2018,2018,CP01,Food & non-alcoholic beverages,90779.0,731738.0,12.405943110785554,,12.4,0.005943110785553429,,False,True
Eurostat,ES,ESP,2018,2018,CP04,Housing & utilities (incl. imputed rent),163540.0,731738.0,22.34952947639729,12.962426442251187,22.3,0.04952947639728933,,False,True
Eurostat,ES,ESP,2019,2018,CP01,Food & non-alcoholic beverages,92472.0,745076.0,12.411082896241457,,12.4,0.011082896241456197,,False,True
Eurostat,ES,ESP,2019,2018,CP04,Housing & utilities (incl. imputed rent),167101.0,745076.0,22.427376536084907,12.940559083905534,22.4,0.02737653608490831,,False,True
Eurostat,ES,ESP,2020,2018,CP01,Food & non-alcoholic beverages,98428.0,628560.0,15.659284714267532,,15.7,-0.04071528573246752,,False,True
Eurostat,ES,ESP,2020,2018,CP04,Housing & utilities (incl. imputed rent),164523.0,628560.0,26.1745895379916,15.522304950999107,26.2,-0.025410462008398582,,False,True
Eurostat,ES,ESP,2021,2018,CP01,Food & non-alcoholic beverages,97523.0,695877.0,14.014401970463172,,14.0,0.014401970463172376,,False,True
Eurostat,ES,ESP,2021,2018,CP04,Housing & utilities (incl. imputed rent),173024.0,695877.0,24.864164212928433,14.396653431569085,24.9,-0.03583578707156576,,False,True
Eurostat,ES,ESP,2022,2018,CP01,Food & non-alcoholic beverages,103735.0,801127.0,12.948633612398533,,12.9,0.04863361239853248,,False,True
Eurostat,ES,ESP,2022,2018,CP04,Housing & utilities (incl. imputed rent),183327.0,801127.0,22.883637675424744,12.855389969380635,22.9,-0.01636232457525466,,False,True
Eurostat,ES,ESP,2023,2018,CP01,Food & non-alcoholic beverages,110797.0,864978.0,12.809227517925311,,12.8,0.009227517925310735,,False,True
Eurostat,ES,ESP,2023,2018,CP04,Housing & utilities (incl. imputed rent),185550.0,864978.0,21.45141263708441,12.361008025637647,21.5,-0.048587362915590404,,False,True
Eurostat,ES,ESP,2024,2018,CP01,Food & non-alcoholic beverages,114502.0,924466.0,12.38574485162245,,12.4,-0.014255148377550597,,False,True
Eurostat,ES,ESP,2024,2018,CP04,Housing & utilities (incl. imputed rent),192804.0,924466.0,20.855715623938575,11.962148959507434,20.9,-0.0442843760614231,,False,True
Eurostat,ES,ESP,2025,2018,CP01,Food & non-alcoholic beverages,,,,,,,,False,True
Eurostat,ES,ESP,2025,2018,CP04,Housing & utilities (incl. imputed rent),,,,,,,,False,True
Eurostat,FI,FIN,1990,2018,CP01,Food & non-alcoholic beverages,7095.0,43398.0,16.348679662657265,,16.3,0.04867966265726409,,False,False
Eurostat,FI,FIN,1990,2018,CP04,Housing & utilities (incl. imputed rent),7915.0,43398.0,18.238167657495737,11.200977003548552,18.2,0.03816765749573747,,False,False
Eurostat,FI,FIN,1991,2018,CP01,Food & non-alcoholic beverages,7359.0,44054.0,16.70449902392518,,16.7,0.004499023925180978,,False,False
Eurostat,FI,FIN,1991,2018,CP04,Housing & utilities (incl. imputed rent),8995.0,44054.0,20.41812321242112,12.561855904117674,20.4,0.018123212421119916,,False,False
Eurostat,FI,FIN,1992,2018,CP01,Food & non-alcoholic beverages,7424.0,43709.0,16.98506028506715,,17.0,-0.014939714932850734,,False,False
Eurostat,FI,FIN,1992,2018,CP04,Housing & utilities (incl. imputed rent),9810.0,43709.0,22.443890274314214,13.644787114781852,22.4,0.043890274314215105,,False,False
Eurostat,FI,FIN,1993,2018,CP01,Food & non-alcoholic beverages,7488.0,44594.0,16.791496613894246,,16.8,-0.008503386105754629,,False,False
Eurostat,FI,FIN,1993,2018,CP04,Housing & utilities (incl. imputed rent),10851.0,44594.0,24.33286989281069,14.746378436560972,24.3,0.03286989281069097,,False,False
Eurostat,FI,FIN,1994,2018,CP01,Food & non-alcoholic beverages,7681.0,46192.0,16.628420505715276,,16.6,0.028420505715274658,,False,False
Eurostat,FI,FIN,1994,2018,CP04,Housing & utilities (incl. imputed rent),11417.0,46192.0,24.716401108417042,15.017751991686874,24.7,0.016401108417042565,,False,False
Eurostat,FI,FIN,1995,2018,CP01,Food & non-alcoholic beverages,7411.0,48375.0,15.319896640826874,,15.3,0.01989664082687348,,False,False
Eurostat,FI,FIN,1995,2018,CP04,Housing & utilities (incl. imputed rent),11889.0,48375.0,24.57674418604651,14.67906976744186,24.6,-0.02325581395349019,,False,False
Eurostat,FI,FIN,1996,2018,CP01,Food & non-alcoholic beverages,7068.0,50705.0,13.939453702790653,,13.9,0.0394537027906523,,False,False
Eurostat,FI,FIN,1996,2018,CP04,Housing & utilities (incl. imputed rent),12566.0,50705.0,24.782565821911053,14.659303816191697,24.8,-0.01743417808894776,,False,False
Eurostat,FI,FIN,1997,2018,CP01,Food & non-alcoholic beverages,7191.0,53684.0,13.395052529617763,,13.4,-0.00494747038223764,,False,False
Eurostat,FI,FIN,1997,2018,CP04,Housing & utilities (incl. imputed rent),13537.0,53684.0,25.21607927874227,14.954176290887416,25.2,0.01607927874227144,,False,False
Eurostat,FI,FIN,1998,2018,CP01,Food & non-alcoholic beverages,7335.0,57052.0,12.856692140503402,,12.9,-0.043307859496598766,,False,False
Eurostat,FI,FIN,1998,2018,CP04,Housing & utilities (incl. imputed rent),14177.0,57052.0,24.849260323915026,14.704129566009955,24.8,0.049260323915024884,,False,False
Eurostat,FI,FIN,1999,2018,CP01,Food & non-alcoholic beverages,7676.0,59755.0,12.845786963434023,,12.8,0.045786963434022,,False,False
Eurostat,FI,FIN,1999,2018,CP04,Housing & utilities (incl. imputed rent),14872.0,59755.0,24.888293866622043,14.691657601874319,24.9,-0.011706133377956007,,False,False
Eurostat,FI,FIN,2000,2018,CP01,Food & non-alcoholic beverages,7921.0,62884.0,12.596208892564087,,12.6,-0.0037911074359122665,,False,False
Eurostat,FI,FIN,2000,2018,CP04,Housing & utilities (incl. imputed rent),15370.0,62884.0,24.441829400165386,14.626932128999428,24.4,0.04182940016538694,,False,False
Eurostat,FI,FIN,2001,2018,CP01,Food & non-alcoholic beverages,8454.0,66268.0,12.75728858574274,,12.8,-0.042711414257260216,,False,False
Eurostat,FI,FIN,2001,2018,CP04,Housing & utilities (incl. imputed rent),16155.0,66268.0,24.37828212712018,14.602824892859298,24.4,-0.021717872879818856,,False,False
Eurostat,FI,FIN,2002,2018,CP01,Food & non-alcoholic beverages,8624.0,68933.0,12.510698794481598,,12.5,0.010698794481598384,,False,False
Eurostat,FI,FIN,2002,2018,CP04,Housing & utilities (incl. imputed rent),17001.0,68933.0,24.663078641579506,14.720090522681446,24.7,-0.03692135842049282,,False,False
Eurostat,FI,FIN,2003,2018,CP01,Food & non-alcoholic beverages,8992.0,72309.0,12.435519783152857,,12.4,0.03551978315285709,,False,False
Eurostat,FI,FIN,2003,2018,CP04,Housing & utilities (incl. imputed rent),17823.0,72309.0,24.648384018586896,14.610905972977084,24.6,0.04838401858689423,,False,False
Eurostat,FI,FIN,2004,2018,CP01,Food & non-alcoholic beverages,9138.0,75041.0,12.177343052464652,,12.2,-0.022656947535347527,,False,False
Eurostat,FI,FIN,2004,2018,CP04,Housing & utilities (incl. imputed rent),18390.0,75041.0,24.50660305699551,14.6093468903666,24.5,0.006603056995508894,,False,False
Eurostat,FI,FIN,2005,2018,CP01,Food & non-alcoholic beverages,9381.0,78208.0,11.994936579378068,,12.0,-0.005063420621931769,,False,False
Eurostat,FI,FIN,2005,2018,CP04,Housing & utilities (incl. imputed rent),18980.0,78208.0,24.268617021276594,14.417962356792144,24.3,-0.03138297872340701,,False,False
Eurostat,FI,FIN,2006,2018,CP01,Food & non-alcoholic beverages,9789.0,82412.0,11.878124544969179,,11.9,-0.021875455030821556,,False,False
Eurostat,FI,FIN,2006,2018,CP04,Housing & utilities (incl. imputed rent),19782.0,82412.0,24.003785856428674,14.289181187205745,24.0,0.00378585642867435,,False,False
Eurostat,FI,FIN,2007,2018,CP01,Food & non-alcoholic beverages,10398.0,86772.0,11.983128198036233,,12.0,-0.016871801963766586,,False,False
Eurostat,FI,FIN,2007,2018,CP04,Housing & utilities (incl. imputed rent),20558.0,86772.0,23.691974369612318,14.188908864610703,23.7,-0.00802563038768156,,False,False
Eurostat,FI,FIN,2008,2018,CP01,Food & non-alcoholic beverages,11299.0,91520.0,12.345935314685315,,12.3,0.04593531468531431,,False,False
Eurostat,FI,FIN,2008,2018,CP04,Housing & utilities (incl. imputed rent),21742.0,91520.0,23.756555944055943,14.187062937062937,23.8,-0.043444055944057425,,False,False
Eurostat,FI,FIN,2009,2018,CP01,Food & non-alcoholic beverages,11453.0,89823.0,12.750631798091803,,12.8,-0.04936820190819802,,False,False
Eurostat,FI,FIN,2009,2018,CP04,Housing & utilities (incl. imputed rent),22883.0,89823.0,25.475657682330805,15.435912850828853,25.5,-0.024342317669194813,,False,False
Eurostat,FI,FIN,2010,2018,CP01,Food & non-alcoholic beverages,11384.0,94048.0,12.104457298400817,,12.1,0.004457298400817322,,False,False
Eurostat,FI,FIN,2010,2018,CP04,Housing & utilities (incl. imputed rent),24187.0,94048.0,25.71771861177271,15.281558353181355,25.7,0.017718611772711057,,False,False
Eurostat,FI,FIN,2011,2018,CP01,Food & non-alcoholic beverages,12187.0,100397.0,12.138808928553642,,12.1,0.038808928553642374,,False,False
Eurostat,FI,FIN,2011,2018,CP04,Housing & utilities (incl. imputed rent),25463.0,100397.0,25.36231162285726,15.220574319949801,25.4,-0.037688377142739427,,False,False
Eurostat,FI,FIN,2012,2018,CP01,Food & non-alcoholic beverages,12746.0,103784.0,12.281276497340631,,12.3,-0.01872350265936973,,False,False
Eurostat,FI,FIN,2012,2018,CP04,Housing & utilities (incl. imputed rent),26896.0,103784.0,25.915362676327756,15.422415786633778,25.9,0.015362676327757896,,False,False
Eurostat,FI,FIN,2013,2018,CP01,Food & non-alcoholic beverages,13296.0,105689.0,12.580306370577826,,12.6,-0.01969362942217323,,False,False
Eurostat,FI,FIN,2013,2018,CP04,Housing & utilities (incl. imputed rent),28116.0,105689.0,26.602579265581095,16.01491167481952,26.6,0.0025792655810938925,,False,False
Eurostat,FI,FIN,2014,2018,CP01,Food & non-alcoholic beverages,13449.0,107372.0,12.525611891368326,,12.5,0.02561189136832631,,False,False
Eurostat,FI,FIN,2014,2018,CP04,Housing & utilities (incl. imputed rent),29259.0,107372.0,27.25012107439556,16.52106694482733,27.3,-0.04987892560443896,,False,False
Eurostat,FI,FIN,2015,2018,CP01,Food & non-alcoholic beverages,13216.0,108818.0,12.145049532246503,,12.1,0.04504953224650343,,False,False
Eurostat,FI,FIN,2015,2018,CP04,Housing & utilities (incl. imputed rent),30503.0,108818.0,28.031208072193937,17.16076384421695,28.0,0.031208072193937397,,False,False
Eurostat,FI,FIN,2016,2018,CP01,Food & non-alcoholic beverages,13199.0,111375.0,11.850953984287317,,11.9,-0.0490460157126833,,False,False
Eurostat,FI,FIN,2016,2018,CP04,Housing & utilities (incl. imputed rent),31708.0,111375.0,28.469584736251402,17.356677890011223,28.5,-0.03041526374859771,,False,False
Eurostat,FI,FIN,2017,2018,CP01,Food & non-alcoholic beverages,13234.0,113616.0,11.648007322912266,,11.6,0.04800732291226595,,False,False
Eurostat,FI,FIN,2017,2018,CP04,Housing & utilities (incl. imputed rent),32732.0,113616.0,28.80932263061541,17.419201520912548,28.8,0.009322630615407945,,False,False
Eurostat,FI,FIN,2018,2018,CP01,Food & non-alcoholic beverages,13509.0,116863.0,11.559689551012724,,11.6,-0.04031044898727565,,False,False
Eurostat,FI,FIN,2018,2018,CP04,Housing & utilities (incl. imputed rent),33808.0,116863.0,28.929601328050797,17.39814997047825,28.9,0.029601328050798514,,False,False
Eurostat,FI,FIN,2019,2018,CP01,Food & non-alcoholic beverages,13541.0,118908.0,11.387795606687522,,11.4,-0.012204393312478246,,False,False
Eurostat,FI,FIN,2019,2018,CP04,Housing & utilities (incl. imputed rent),34807.0,118908.0,29.272210448413897,17.547179331920475,29.3,-0.0277895515861033,,False,False
Eurostat,FI,FIN,2020,2018,CP01,Food & non-alcoholic beverages,14529.0,114766.0,12.659672725371626,,12.7,-0.04032727462837293,,False,False
Eurostat,FI,FIN,2020,2018,CP04,Housing & utilities (incl. imputed rent),35674.0,114766.0,31.08411898994476,18.90803896624436,31.1,-0.01588101005524223,,False,False
Eurostat,FI,FIN,2021,2018,CP01,Food & non-alcoholic beverages,14961.0,121178.0,12.34630048358613,,12.3,0.046300483586129815,,False,False
Eurostat,FI,FIN,2021,2018,CP04,Housing & utilities (incl. imputed rent),37172.0,121178.0,30.675535163148425,18.204624601825415,30.7,-0.024464836851574745,,False,False
Eurostat,FI,FIN,2022,2018,CP01,Food & non-alcoholic beverages,15799.0,129372.0,12.212070618062642,,12.2,0.012070618062642424,,False,False
Eurostat,FI,FIN,2022,2018,CP04,Housing & utilities (incl. imputed rent),39218.0,129372.0,30.314132888105615,17.444269239093465,30.3,0.014132888105613972,,False,False
Eurostat,FI,FIN,2023,2018,CP01,Food & non-alcoholic beverages,16890.0,134509.0,12.556780587172605,,12.6,-0.043219412827394166,,False,False
Eurostat,FI,FIN,2023,2018,CP04,Housing & utilities (incl. imputed rent),40064.0,134509.0,29.785367521875862,17.14680802028117,29.8,-0.01463247812413826,,False,False
Eurostat,FI,FIN,2024,2018,CP01,Food & non-alcoholic beverages,17048.0,136333.0,12.50467605055269,,12.5,0.004676050552690825,,False,False
Eurostat,FI,FIN,2024,2018,CP04,Housing & utilities (incl. imputed rent),40061.0,136333.0,29.384668422172183,17.254076415834756,29.4,-0.015331577827815579,,False,False
Eurostat,FI,FIN,2025,2018,CP01,Food & non-alcoholic beverages,17572.0,136699.0,12.854519784343704,,12.9,-0.0454802156562959,,False,False
Eurostat,FI,FIN,2025,2018,CP04,Housing & utilities (incl. imputed rent),39962.0,136699.0,29.233571569653034,17.3819852376389,29.2,0.03357156965303432,,False,False
Eurostat,FR,FRA,1975,2018,CP01,Food & non-alcoholic beverages,20424.0,120933.0,16.88869043189204,,16.9,-0.011309568107957801,,False,False
Eurostat,FR,FRA,1975,2018,CP04,Housing & utilities (incl. imputed rent),22740.3,120933.0,18.804048522735727,8.105479893825507,18.8,0.004048522735725868,,False,False
Eurostat,FR,FRA,1976,2018,CP01,Food & non-alcoholic beverages,22747.3,139445.4,16.312692996685442,,16.3,0.012692996685441216,,False,False
Eurostat,FR,FRA,1976,2018,CP04,Housing & utilities (incl. imputed rent),26424.1,139445.4,18.949423932234406,8.173091403517075,18.9,0.049423932234407886,,False,False
Eurostat,FR,FRA,1977,2018,CP01,Food & non-alcoholic beverages,25930.2,156894.2,16.52718838554899,,16.5,0.027188385548988947,,False,False
Eurostat,FR,FRA,1977,2018,CP04,Housing & utilities (incl. imputed rent),30232.0,156894.2,19.26903607654075,8.296992495579824,19.3,-0.030963923459250253,,False,False
Eurostat,FR,FRA,1978,2018,CP01,Food & non-alcoholic beverages,28819.9,177829.1,16.20651513166293,,16.2,0.0065151316629297185,,False,False
Eurostat,FR,FRA,1978,2018,CP04,Housing & utilities (incl. imputed rent),34386.6,177829.1,19.336880184401764,8.295605162484655,19.3,0.036880184401763216,,False,False
Eurostat,FR,FRA,1979,2018,CP01,Food & non-alcoholic beverages,31901.9,204040.2,15.635105239065636,,15.6,0.03510523906563634,,False,False
Eurostat,FR,FRA,1979,2018,CP04,Housing & utilities (incl. imputed rent),39629.6,204040.2,19.422447145219422,8.412165837908413,19.4,0.022447145219423703,,False,False
Eurostat,FR,FRA,1980,2018,CP01,Food & non-alcoholic beverages,35479.7,233825.0,15.173612744573933,,15.2,-0.026387255426065792,,False,False
Eurostat,FR,FRA,1980,2018,CP04,Housing & utilities (incl. imputed rent),47703.1,233825.0,20.401197476745427,8.697016999893084,20.4,0.0011974767454283608,,False,False
Eurostat,FR,FRA,1981,2018,CP01,Food & non-alcoholic beverages,40736.0,270953.2,15.034330651935463,,15.0,0.0343306519354627,,False,False
Eurostat,FR,FRA,1981,2018,CP04,Housing & utilities (incl. imputed rent),55548.8,270953.2,20.50125261484271,8.939551184484994,20.5,0.001252614842709221,,False,False
Eurostat,FR,FRA,1982,2018,CP01,Food & non-alcoholic beverages,46427.2,313321.0,14.817774742197297,,14.8,0.01777474219729669,,False,False
Eurostat,FR,FRA,1982,2018,CP04,Housing & utilities (incl. imputed rent),62968.4,313321.0,20.097088927968443,8.902722766747202,20.1,-0.0029110720315586036,,False,False
Eurostat,FR,FRA,1983,2018,CP01,Food & non-alcoholic beverages,51369.8,347361.3,14.78857892344369,,14.8,-0.011421076556310084,,False,False
Eurostat,FR,FRA,1983,2018,CP04,Housing & utilities (incl. imputed rent),71873.2,347361.3,20.691193866443957,9.273543137937358,20.7,-0.008806133556042539,,False,False
Eurostat,FR,FRA,1984,2018,CP01,Food & non-alcoholic beverages,56621.8,378161.4,14.972918970577112,,15.0,-0.027081029422888037,,False,False
Eurostat,FR,FRA,1984,2018,CP04,Housing & utilities (incl. imputed rent),80735.6,378161.4,21.349508437402655,9.675762782769473,21.3,0.04950843740265398,,False,False
Eurostat,FR,FRA,1985,2018,CP01,Food & non-alcoholic beverages,60597.3,409552.3,14.795985762990465,,14.8,-0.004014237009535293,,False,False
Eurostat,FR,FRA,1985,2018,CP04,Housing & utilities (incl. imputed rent),88572.5,409552.3,21.626664042663172,9.743932581992581,21.6,0.026664042663171017,,False,False
Eurostat,FR,FRA,1986,2018,CP01,Food & non-alcoholic beverages,63421.7,435729.2,14.555301779178443,,14.6,-0.044698220821556944,,False,False
Eurostat,FR,FRA,1986,2018,CP04,Housing & utilities (incl. imputed rent),92970.6,435729.2,21.33678440646163,9.966167059724249,21.3,0.03678440646162784,,False,False
Eurostat,FR,FRA,1987,2018,CP01,Food & non-alcoholic beverages,66123.2,462849.0,14.286127873237275,,14.3,-0.013872126762725756,,False,False
Eurostat,FR,FRA,1987,2018,CP04,Housing & utilities (incl. imputed rent),98498.4,462849.0,21.280892904597394,10.271751694397093,21.3,-0.01910709540260669,,False,False
Eurostat,FR,FRA,1988,2018,CP01,Food & non-alcoholic beverages,68784.7,491945.3,13.982184604670477,,14.0,-0.017815395329522588,,False,False
Eurostat,FR,FRA,1988,2018,CP04,Housing & utilities (incl. imputed rent),105113.2,491945.3,21.36684708645453,10.708324685691682,21.4,-0.03315291354546801,,False,False
Eurostat,FR,FRA,1989,2018,CP01,Food & non-alcoholic beverages,72770.5,529041.5,13.755159094324359,,13.8,-0.04484090567564181,,False,False
Eurostat,FR,FRA,1989,2018,CP04,Housing & utilities (incl. imputed rent),112968.6,529041.5,21.35344769739236,10.954906184108431,21.4,-0.046552302607636875,,False,False
Eurostat,FR,FRA,1990,2018,CP01,Food & non-alcoholic beverages,76285.9,558552.7,13.657780187975103,,13.7,-0.04221981202489644,,False,False
Eurostat,FR,FRA,1990,2018,CP04,Housing & utilities (incl. imputed rent),121016.3,558552.7,21.66604870050758,11.161453520858462,21.7,-0.033951299492418485,,False,False
Eurostat,FR,FRA,1991,2018,CP01,Food & non-alcoholic beverages,79180.9,578705.2,13.682424142724138,,13.7,-0.01757585727586175,,False,False
Eurostat,FR,FRA,1991,2018,CP04,Housing & utilities (incl. imputed rent),131349.0,578705.2,22.697048514511362,11.639449585039156,22.7,-0.0029514854886372177,,False,False
Eurostat,FR,FRA,1992,2018,CP01,Food & non-alcoholic beverages,79684.6,601296.9,13.252122204521594,,13.3,-0.047877795478406426,,False,False
Eurostat,FR,FRA,1992,2018,CP04,Housing & utilities (incl. imputed rent),140131.3,601296.9,23.304843247986142,12.153879389699163,23.3,0.004843247986141108,,False,False
Eurostat,FR,FRA,1993,2018,CP01,Food & non-alcoholic beverages,80214.8,611349.9,13.120931237577697,,13.1,0.020931237577697104,,False,False
Eurostat,FR,FRA,1993,2018,CP04,Housing & utilities (incl. imputed rent),147570.4,611349.9,24.138451646103153,12.770493624027745,24.1,0.03845164610315166,,False,False
Eurostat,FR,FRA,1994,2018,CP01,Food & non-alcoholic beverages,81524.8,627193.5,12.998348994369364,,13.0,-0.0016510056306362486,,False,False
Eurostat,FR,FRA,1994,2018,CP04,Housing & utilities (incl. imputed rent),153350.5,627193.5,24.450269334742785,13.0902823450817,24.5,-0.04973066525721492,,False,False
Eurostat,FR,FRA,1995,2018,CP01,Food & non-alcoholic beverages,83646.6,643055.2,13.007685809865158,,13.0,0.007685809865158433,,False,False
Eurostat,FR,FRA,1995,2018,CP04,Housing & utilities (incl. imputed rent),160327.1,643055.2,24.932089811263484,13.344624225105402,24.9,0.03208981126348576,,False,False
Eurostat,FR,FRA,1996,2018,CP01,Food & non-alcoholic beverages,84647.6,665042.2,12.728154694544196,,12.7,0.028154694544197056,,False,False
Eurostat,FR,FRA,1996,2018,CP04,Housing & utilities (incl. imputed rent),167480.6,665042.2,25.18345452363775,13.350325738727559,25.2,-0.0165454763622499,,False,False
Eurostat,FR,FRA,1997,2018,CP01,Food & non-alcoholic beverages,86702.3,677628.1,12.794968213390206,,12.8,-0.005031786609794864,,False,False
Eurostat,FR,FRA,1997,2018,CP04,Housing & utilities (incl. imputed rent),171501.2,677628.1,25.309044887601328,13.56484478728081,25.3,0.009044887601326934,,False,False
Eurostat,FR,FRA,1998,2018,CP01,Food & non-alcoholic beverages,89088.1,707475.4,12.592395438767202,,12.6,-0.007604561232797735,,False,False
Eurostat,FR,FRA,1998,2018,CP04,Housing & utilities (incl. imputed rent),178364.2,707475.4,25.211364239661194,13.555679815863563,25.2,0.011364239661194375,,False,False
Eurostat,FR,FRA,1999,2018,CP01,Food & non-alcoholic beverages,90858.0,731392.8,12.422599730268058,,12.4,0.022599730268057172,,False,False
Eurostat,FR,FRA,1999,2018,CP04,Housing & utilities (incl. imputed rent),182953.3,731392.8,25.014369843400154,13.636502847717393,25.0,0.01436984340015357,,False,False
Eurostat,FR,FRA,2000,2018,CP01,Food & non-alcoholic beverages,94815.2,776995.9,12.202792833269775,,12.2,0.002792833269776196,,False,False
Eurostat,FR,FRA,2000,2018,CP04,Housing & utilities (incl. imputed rent),188882.2,776995.9,24.309291722131356,13.340160482185299,24.3,0.009291722131354874,,False,False
Eurostat,FR,FRA,2001,2018,CP01,Food & non-alcoholic beverages,100166.5,810010.4,12.366075793594748,,12.4,-0.03392420640525273,,False,False
Eurostat,FR,FRA,2001,2018,CP04,Housing & utilities (incl. imputed rent),197002.5,810010.4,24.320984026871752,13.34989032239586,24.3,0.020984026871751382,,False,False
Eurostat,FR,FRA,2002,2018,CP01,Food & non-alcoholic beverages,104032.7,834619.6,12.46468451016487,,12.5,-0.035315489835129554,,False,False
Eurostat,FR,FRA,2002,2018,CP04,Housing & utilities (incl. imputed rent),204195.0,834619.6,24.465636800286024,13.626902603293765,24.5,-0.034363199713975945,,False,False
Eurostat,FR,FRA,2003,2018,CP01,Food & non-alcoholic beverages,108078.6,860896.6,12.554190596176126,,12.6,-0.045809403823874106,,False,False
Eurostat,FR,FRA,2003,2018,CP04,Housing & utilities (incl. imputed rent),214511.5,860896.6,24.91722002386814,13.832369648108727,24.9,0.017220023868141254,,False,False
Eurostat,FR,FRA,2004,2018,CP01,Food & non-alcoholic beverages,110005.4,899812.1,12.225374608765541,,12.2,0.025374608765542206,,False,False
Eurostat,FR,FRA,2004,2018,CP04,Housing & utilities (incl. imputed rent),225515.4,899812.1,25.062499159546753,13.92388477549924,25.1,-0.037500840453247974,,False,False
Eurostat,FR,FRA,2005,2018,CP01,Food & non-alcoholic beverages,111979.2,938265.1,11.93470800523221,,11.9,0.034708005232209516,,False,False
Eurostat,FR,FRA,2005,2018,CP04,Housing & utilities (incl. imputed rent),239056.7,938265.1,25.47858808773768,14.159004741836823,25.5,-0.021411912262319532,,False,False
Eurostat,FR,FRA,2006,2018,CP01,Food & non-alcoholic beverages,114935.4,982477.7,11.698525065759762,,11.7,-0.0014749342402371468,,False,False
Eurostat,FR,FRA,2006,2018,CP04,Housing & utilities (incl. imputed rent),253555.2,982477.7,25.80773080142175,14.263651989251258,25.8,0.007730801421750755,,False,False
Eurostat,FR,FRA,2007,2018,CP01,Food & non-alcoholic beverages,118301.1,1027944.3,11.508512669412147,,11.5,0.008512669412146678,,False,False
Eurostat,FR,FRA,2007,2018,CP04,Housing & utilities (incl. imputed rent),264829.7,1027944.3,25.763039884554058,14.338724384190854,25.8,-0.03696011544594313,,False,False
Eurostat,FR,FRA,2008,2018,CP01,Food & non-alcoholic beverages,124280.7,1061908.0,11.703527989242007,,11.7,0.0035279892420074788,,False,False
Eurostat,FR,FRA,2008,2018,CP04,Housing & utilities (incl. imputed rent),276321.2,1061908.0,26.02119957661116,14.38980589655601,26.0,0.021199576611159898,,False,False
Eurostat,FR,FRA,2009,2018,CP01,Food & non-alcoholic beverages,124708.3,1044861.7,11.935388195394664,,11.9,0.03538819539466331,,False,False
Eurostat,FR,FRA,2009,2018,CP04,Housing & utilities (incl. imputed rent),282214.4,1044861.7,27.009737269535293,15.106238461989754,27.0,0.00973726953529308,,False,False
Eurostat,FR,FRA,2010,2018,CP01,Food & non-alcoholic beverages,128553.8,1073627.2,11.973783823658716,,12.0,-0.02621617634128448,,False,False
Eurostat,FR,FRA,2010,2018,CP04,Housing & utilities (incl. imputed rent),291863.4,1073627.2,27.184799341894472,15.107730132023484,27.2,-0.01520065810552751,,False,False
Eurostat,FR,FRA,2011,2018,CP01,Food & non-alcoholic beverages,132526.4,1101778.5,12.028406798644191,,12.0,0.028406798644191156,,False,False
Eurostat,FR,FRA,2011,2018,CP04,Housing & utilities (incl. imputed rent),298368.1,1101778.5,27.080588339670815,15.087460864411495,27.1,-0.01941166032918673,,False,False
Eurostat,FR,FRA,2012,2018,CP01,Food & non-alcoholic beverages,137414.4,1117979.5,12.291316611798338,,12.3,-0.008683388201662368,,False,False
Eurostat,FR,FRA,2012,2018,CP04,Housing & utilities (incl. imputed rent),310002.4,1117979.5,27.72880898084446,15.345335044157787,27.7,0.028808980844459597,,False,False
Eurostat,FR,FRA,2013,2018,CP01,Food & non-alcoholic beverages,140360.3,1131097.7,12.409210981509379,,12.4,0.009210981509378158,,False,False
Eurostat,FR,FRA,2013,2018,CP04,Housing & utilities (incl. imputed rent),319186.8,1131097.7,28.21920688195193,15.587972639321961,28.2,0.019206881951930654,,False,False
Eurostat,FR,FRA,2014,2018,CP01,Food & non-alcoholic beverages,140372.6,1138962.0,12.324607844686653,,12.3,0.02460784468665267,,False,False
Eurostat,FR,FRA,2014,2018,CP04,Housing & utilities (incl. imputed rent),321791.1,1138962.0,28.253014586966025,15.827788811215825,28.3,-0.04698541303397619,,False,False
Eurostat,FR,FRA,2015,2018,CP01,Food & non-alcoholic beverages,142454.7,1159662.6,12.28415057965998,,12.3,-0.015849420340019904,,False,False
Eurostat,FR,FRA,2015,2018,CP04,Housing & utilities (incl. imputed rent),328105.0,1159662.6,28.29314319527076,15.82882814363419,28.3,-0.006856804729242327,,False,False
Eurostat,FR,FRA,2016,2018,CP01,Food & non-alcoholic beverages,145079.8,1177970.6,12.316079874998575,,12.3,0.01607987499857444,,False,False
Eurostat,FR,FRA,2016,2018,CP04,Housing & utilities (incl. imputed rent),333417.9,1177970.6,28.30443306479805,15.813179038594003,28.3,0.004433064798050168,,False,False
Eurostat,FR,FRA,2017,2018,CP01,Food & non-alcoholic beverages,147641.7,1206222.7,12.240003442150444,,12.2,0.04000344215044471,,False,False
Eurostat,FR,FRA,2017,2018,CP04,Housing & utilities (incl. imputed rent),338541.0,1206222.7,28.06621032749591,15.681573560172597,28.1,-0.03378967250409204,,False,False
Eurostat,FR,FRA,2018,2018,CP01,Food & non-alcoholic beverages,149870.9,1242973.2,12.057452244344448,,12.1,-0.042547755655551356,,False,False
Eurostat,FR,FRA,2018,2018,CP04,Housing & utilities (incl. imputed rent),347180.0,1242973.2,27.931414772257355,15.493230264337157,27.9,0.03141477225735656,,False,False
Eurostat,FR,FRA,2019,2018,CP01,Food & non-alcoholic beverages,152921.3,1271006.1,12.031515820419743,,12.0,0.031515820419743434,,False,False
Eurostat,FR,FRA,2019,2018,CP04,Housing & utilities (incl. imputed rent),355652.1,1271006.1,27.981934941146225,15.480704616602548,28.0,-0.018065058853775184,,False,False
Eurostat,FR,FRA,2020,2018,CP01,Food & non-alcoholic beverages,162177.9,1190959.8,13.617411771581207,,13.6,0.017411771581206992,,False,False
Eurostat,FR,FRA,2020,2018,CP04,Housing & utilities (incl. imputed rent),359251.5,1190959.8,30.16487206369182,16.81772130343946,30.2,-0.035127936308178676,,False,False
Eurostat,FR,FRA,2021,2018,CP01,Food & non-alcoholic beverages,162366.3,1271245.1,12.772226221363606,,12.8,-0.027773778636394297,,False,False
Eurostat,FR,FRA,2021,2018,CP04,Housing & utilities (incl. imputed rent),375626.1,1271245.1,29.547889702780367,16.03378451566893,29.5,0.04788970278036686,,False,False
Eurostat,FR,FRA,2022,2018,CP01,Food & non-alcoholic beverages,170087.5,1386561.3,12.26685758501986,,12.3,-0.0331424149801407,,False,False
Eurostat,FR,FRA,2022,2018,CP04,Housing & utilities (incl. imputed rent),386811.3,1386561.3,27.897165455288558,15.006318148357378,27.9,-0.002834544711440401,,False,False
Eurostat,FR,FRA,2023,2018,CP01,Food & non-alcoholic beverages,185063.6,1496572.9,12.365825948071091,,12.4,-0.03417405192890932,,False,False
Eurostat,FR,FRA,2023,2018,CP04,Housing & utilities (incl. imputed rent),403982.6,1496572.9,26.993847075541726,14.293236233263345,27.0,-0.006152924458273645,,False,False
Eurostat,FR,FRA,2024,2018,CP01,Food & non-alcoholic beverages,187816.5,1543501.9,12.168206595664055,,12.2,-0.031793404335944686,p,False,False
Eurostat,FR,FRA,2024,2018,CP04,Housing & utilities (incl. imputed rent),423739.3,1543501.9,27.45311165473784,14.283694759300264,27.5,-0.046888345262161124,p,False,False
Eurostat,FR,FRA,2025,2018,CP01,Food & non-alcoholic beverages,192831.8,1565949.6,12.314048932353888,,12.3,0.014048932353887267,p,False,False
Eurostat,FR,FRA,2025,2018,CP04,Housing & utilities (incl. imputed rent),433027.7,1565949.6,27.65272266744728,14.485057501212045,27.7,-0.04727733255272071,p,False,False
Eurostat,HR,HRV,1995,2018,CP01,Food & non-alcoholic beverages,2557.3,9804.3,26.083453178707305,,26.1,-0.016546821292696023,,False,True
Eurostat,HR,HRV,1995,2018,CP04,Housing & utilities (incl. imputed rent),2151.7,9804.3,21.946492865375397,13.545077160021624,21.9,0.04649286537539865,,False,True
Eurostat,HR,HRV,1996,2018,CP01,Food & non-alcoholic beverages,2702.9,10428.8,25.917651119975453,,25.9,0.01765111997545432,,False,True
Eurostat,HR,HRV,1996,2018,CP04,Housing & utilities (incl. imputed rent),2294.6,10428.8,22.00253145136545,14.054349493709728,22.0,0.0025314513654493,,False,True
Eurostat,HR,HRV,1997,2018,CP01,Food & non-alcoholic beverages,3301.2,12920.8,25.549501578849608,,25.5,0.0495015788496076,,False,True
Eurostat,HR,HRV,1997,2018,CP04,Housing & utilities (incl. imputed rent),2752.7,12920.8,21.304408395764966,13.669432233298249,21.3,0.004408395764965434,,False,True
Eurostat,HR,HRV,1998,2018,CP01,Food & non-alcoholic beverages,3368.3,14298.2,23.557510735617072,,23.6,-0.04248926438292955,,False,True
Eurostat,HR,HRV,1998,2018,CP04,Housing & utilities (incl. imputed rent),2824.5,14298.2,19.75423479878586,12.57151249807668,19.8,-0.045765201214141626,,False,True
Eurostat,HR,HRV,1999,2018,CP01,Food & non-alcoholic beverages,3420.7,14883.7,22.9828604446475,,23.0,-0.017139555352500224,,False,True
Eurostat,HR,HRV,1999,2018,CP04,Housing & utilities (incl. imputed rent),3158.4,14883.7,21.22052984137009,12.802596128650807,21.2,0.020529841370091617,,False,True
Eurostat,HR,HRV,2000,2018,CP01,Food & non-alcoholic beverages,3767.2,16559.9,22.748929643294943,,22.7,0.04892964329494376,,False,True
Eurostat,HR,HRV,2000,2018,CP04,Housing & utilities (incl. imputed rent),3265.7,16559.9,19.720529713343677,11.936062415835842,19.7,0.02052971334367726,,False,True
Eurostat,HR,HRV,2001,2018,CP01,Food & non-alcoholic beverages,4309.4,18872.1,22.834766666136783,,22.8,0.034766666136782476,,False,True
Eurostat,HR,HRV,2001,2018,CP04,Housing & utilities (incl. imputed rent),3505.4,18872.1,18.57450946105627,10.90604649191134,18.6,-0.025490538943731877,,False,True
Eurostat,HR,HRV,2002,2018,CP01,Food & non-alcoholic beverages,4651.9,21123.8,22.02207936072108,,22.0,0.02207936072107941,,False,True
Eurostat,HR,HRV,2002,2018,CP04,Housing & utilities (incl. imputed rent),3736.0,21123.8,17.68621176114146,10.431835181170054,17.7,-0.013788238858538193,,False,True
Eurostat,HR,HRV,2003,2018,CP01,Food & non-alcoholic beverages,4785.3,22844.0,20.947732446156543,,20.9,0.047732446156544484,,False,True
Eurostat,HR,HRV,2003,2018,CP04,Housing & utilities (incl. imputed rent),3904.5,22844.0,17.092015408860096,10.153213097531081,17.1,-0.007984591139905461,,False,True
Eurostat,HR,HRV,2004,2018,CP01,Food & non-alcoholic beverages,4970.6,24301.2,20.454133952232812,,20.5,-0.04586604776718772,,False,True
Eurostat,HR,HRV,2004,2018,CP04,Housing & utilities (incl. imputed rent),4015.4,24301.2,16.5234638618669,9.962470989086958,16.5,0.02346386186690097,,False,True
Eurostat,HR,HRV,2005,2018,CP01,Food & non-alcoholic beverages,5068.7,26412.3,19.190680099801984,,19.2,-0.009319900198015318,,False,True
Eurostat,HR,HRV,2005,2018,CP04,Housing & utilities (incl. imputed rent),4208.9,26412.3,15.935378592549682,9.689046391264675,15.9,0.0353785925496819,,False,True
Eurostat,HR,HRV,2006,2018,CP01,Food & non-alcoholic beverages,5358.0,28148.6,19.03469444306289,,19.0,0.03469444306288949,,False,True
Eurostat,HR,HRV,2006,2018,CP04,Housing & utilities (incl. imputed rent),4385.0,28148.6,15.578039405156918,9.382704646056998,15.6,-0.021960594843081438,,False,True
Eurostat,HR,HRV,2007,2018,CP01,Food & non-alcoholic beverages,5892.6,30511.0,19.31303464324342,,19.3,0.013034643243418742,,False,True
Eurostat,HR,HRV,2007,2018,CP04,Housing & utilities (incl. imputed rent),5014.4,30511.0,16.434728458588705,9.186522893382715,16.4,0.03472845858870599,,False,True
Eurostat,HR,HRV,2008,2018,CP01,Food & non-alcoholic beverages,6254.9,32789.4,19.0759818721904,,19.1,-0.024018127809600998,,False,True
Eurostat,HR,HRV,2008,2018,CP04,Housing & utilities (incl. imputed rent),5348.7,32789.4,16.31228384782887,8.901962219497763,16.3,0.012283847828868488,,False,True
Eurostat,HR,HRV,2009,2018,CP01,Food & non-alcoholic beverages,5586.8,30424.2,18.363013653604696,,18.4,-0.036986346395302405,,False,True
Eurostat,HR,HRV,2009,2018,CP04,Housing & utilities (incl. imputed rent),5383.3,30424.2,17.694138218917836,10.031816777433752,17.7,-0.005861781082163731,,False,True
Eurostat,HR,HRV,2010,2018,CP01,Food & non-alcoholic beverages,5600.7,30452.6,18.391533071067823,,18.4,-0.008466928932175932,,False,True
Eurostat,HR,HRV,2010,2018,CP04,Housing & utilities (incl. imputed rent),5421.9,30452.6,17.804391086475373,10.114407308407165,17.8,0.004391086475372674,,False,True
Eurostat,HR,HRV,2011,2018,CP01,Food & non-alcoholic beverages,5811.2,31629.0,18.373012109140348,,18.4,-0.02698789085965103,,False,True
Eurostat,HR,HRV,2011,2018,CP04,Housing & utilities (incl. imputed rent),5688.0,31629.0,17.98349615858864,9.756236365360904,18.0,-0.016503841411360298,,False,True
Eurostat,HR,HRV,2012,2018,CP01,Food & non-alcoholic beverages,5944.2,31775.9,18.706629867289358,,18.7,0.006629867289358771,,False,True
Eurostat,HR,HRV,2012,2018,CP04,Housing & utilities (incl. imputed rent),5775.4,31775.9,18.175409665815913,9.768094688112688,18.2,-0.024590334184086515,,False,True
Eurostat,HR,HRV,2013,2018,CP01,Food & non-alcoholic beverages,6017.9,32157.6,18.71377217205264,,18.7,0.01377217205264003,,False,True
Eurostat,HR,HRV,2013,2018,CP04,Housing & utilities (incl. imputed rent),5934.3,32157.6,18.45380252257631,9.729270841107546,18.5,-0.04619747742368929,,False,True
Eurostat,HR,HRV,2014,2018,CP01,Food & non-alcoholic beverages,6053.0,31780.3,19.04639037391088,,19.0,0.04639037391088152,,False,True
Eurostat,HR,HRV,2014,2018,CP04,Housing & utilities (incl. imputed rent),5814.5,31780.3,18.295925463258687,9.8249544529158,18.3,-0.00407453674131375,,False,True
Eurostat,HR,HRV,2015,2018,CP01,Food & non-alcoholic beverages,6124.0,32363.9,18.922317767636162,,18.9,0.022317767636163666,,False,True
Eurostat,HR,HRV,2015,2018,CP04,Housing & utilities (incl. imputed rent),5866.2,32363.9,18.125751222813072,9.733993739938636,18.1,0.02575122281307074,,False,True
Eurostat,HR,HRV,2016,2018,CP01,Food & non-alcoholic beverages,6318.0,33717.6,18.737988468930176,,18.7,0.03798846893017682,,False,True
Eurostat,HR,HRV,2016,2018,CP04,Housing & utilities (incl. imputed rent),5942.9,33717.6,17.62551308515434,9.44047025885591,17.6,0.025513085154337034,,False,True
Eurostat,HR,HRV,2017,2018,CP01,Food & non-alcoholic beverages,6601.9,35303.1,18.700624024519094,,18.7,0.0006240245190944904,,False,True
Eurostat,HR,HRV,2017,2018,CP04,Housing & utilities (incl. imputed rent),5995.6,35303.1,16.98321110610683,9.072857624401257,17.0,-0.016788893893171064,,False,True
Eurostat,HR,HRV,2018,2018,CP01,Food & non-alcoholic beverages,6797.6,37105.2,18.319804232290895,,18.3,0.019804232290894674,,False,True
Eurostat,HR,HRV,2018,2018,CP04,Housing & utilities (incl. imputed rent),6164.4,37105.2,16.613304873710426,8.780440477345493,16.6,0.013304873710424658,,False,True
Eurostat,HR,HRV,2019,2018,CP01,Food & non-alcoholic beverages,7117.1,39359.9,18.08210894844753,,18.1,-0.017891051552471282,,False,True
Eurostat,HR,HRV,2019,2018,CP04,Housing & utilities (incl. imputed rent),6355.6,39359.9,16.14739874847243,8.581830746521206,16.1,0.04739874847242831,,False,True
Eurostat,HR,HRV,2020,2018,CP01,Food & non-alcoholic beverages,6872.5,33062.1,20.786640896978717,,20.8,-0.013359103021283403,,False,True
Eurostat,HR,HRV,2020,2018,CP04,Housing & utilities (incl. imputed rent),6431.9,33062.1,19.453997175013082,10.495098617450193,19.5,-0.046002824986917545,,False,True
Eurostat,HR,HRV,2021,2018,CP01,Food & non-alcoholic beverages,7870.4,41346.8,19.035088567918194,,19.0,0.03508856791819426,,False,True
Eurostat,HR,HRV,2021,2018,CP04,Housing & utilities (incl. imputed rent),6763.6,41346.8,16.358218773883348,8.591958748923737,16.4,-0.04178122611665103,,False,True
Eurostat,HR,HRV,2022,2018,CP01,Food & non-alcoholic beverages,9186.7,50731.3,18.10854442917883,,18.1,0.008544429178829915,,False,True
Eurostat,HR,HRV,2022,2018,CP04,Housing & utilities (incl. imputed rent),7608.6,50731.3,14.997841569208752,7.433280834514393,15.0,-0.0021584307912476675,,False,True
Eurostat,HR,HRV,2023,2018,CP01,Food & non-alcoholic beverages,10115.3,56619.0,17.86555749836627,,17.9,-0.03444250163372686,,False,True
Eurostat,HR,HRV,2023,2018,CP04,Housing & utilities (incl. imputed rent),8207.2,56619.0,14.495487380561297,7.098323884208481,14.5,-0.004512619438703069,,False,True
Eurostat,HR,HRV,2024,2018,CP01,Food & non-alcoholic beverages,10681.3,60584.7,17.630358819966098,,17.6,0.030358819966096462,p,False,True
Eurostat,HR,HRV,2024,2018,CP04,Housing & utilities (incl. imputed rent),8700.7,60584.7,14.361216610794477,6.946143168159619,14.4,-0.03878338920552338,p,False,True
Eurostat,HR,HRV,2025,2018,CP01,Food & non-alcoholic beverages,,,,,,,,False,True
Eurostat,HR,HRV,2025,2018,CP04,Housing & utilities (incl. imputed rent),,,,,,,,False,True
Eurostat,HU,HUN,1995,2018,CP01,Food & non-alcoholic beverages,770012.0,3323895.0,23.16595439988327,,23.2,-0.03404560011673041,,False,False
Eurostat,HU,HUN,1995,2018,CP04,Housing & utilities (incl. imputed rent),579975.0,3323895.0,17.448655869093336,10.14424342525862,17.4,0.048655869093337856,,False,False
Eurostat,HU,HUN,1996,2018,CP01,Food & non-alcoholic beverages,890648.0,4066545.0,21.901835587704056,,21.9,0.001835587704057673,,False,False
Eurostat,HU,HUN,1996,2018,CP04,Housing & utilities (incl. imputed rent),766282.0,4066545.0,18.843563762358464,10.889514317436547,18.8,0.043563762358463265,,False,False
Eurostat,HU,HUN,1997,2018,CP01,Food & non-alcoholic beverages,1066879.0,4935677.0,21.615656778188686,,21.6,0.01565677818868494,,False,False
Eurostat,HU,HUN,1997,2018,CP04,Housing & utilities (incl. imputed rent),946076.0,4935677.0,19.16811006879097,10.952155094427777,19.2,-0.0318899312090295,,False,False
Eurostat,HU,HUN,1998,2018,CP01,Food & non-alcoholic beverages,1233301.0,5811777.0,21.220721304344607,,21.2,0.02072130434460817,,False,False
Eurostat,HU,HUN,1998,2018,CP04,Housing & utilities (incl. imputed rent),1070236.0,5811777.0,18.414952948125848,10.37121692728403,18.4,0.01495294812584902,,False,False
Eurostat,HU,HUN,1999,2018,CP01,Food & non-alcoholic beverages,1305519.0,6697001.0,19.494083993715993,,19.5,-0.005916006284007125,,False,False
Eurostat,HU,HUN,1999,2018,CP04,Housing & utilities (incl. imputed rent),1246718.0,6697001.0,18.616064115863203,10.560279145844536,18.6,0.016064115863201778,,False,False
Eurostat,HU,HUN,2000,2018,CP01,Food & non-alcoholic beverages,1457442.0,7709254.0,18.905097691683267,,18.9,0.005097691683268124,,False,False
Eurostat,HU,HUN,2000,2018,CP04,Housing & utilities (incl. imputed rent),1413368.0,7709254.0,18.333395163786275,10.696235978215272,18.3,0.03339516378627394,,False,False
Eurostat,HU,HUN,2001,2018,CP01,Food & non-alcoholic beverages,1657355.0,8829659.0,18.770317177594286,,18.8,-0.029682822405714404,,False,False
Eurostat,HU,HUN,2001,2018,CP04,Housing & utilities (incl. imputed rent),1593093.0,8829659.0,18.042520101852176,10.555877639215739,18.0,0.04252010185217614,,False,False
Eurostat,HU,HUN,2002,2018,CP01,Food & non-alcoholic beverages,1767453.0,9737979.0,18.150100754992383,,18.2,-0.04989924500761589,,False,False
Eurostat,HU,HUN,2002,2018,CP04,Housing & utilities (incl. imputed rent),1771906.0,9737979.0,18.19582892918541,10.449611772627565,18.2,-0.004171070814589228,,False,False
Eurostat,HU,HUN,2003,2018,CP01,Food & non-alcoholic beverages,1904495.0,10856842.0,17.541887410722197,,17.5,0.041887410722196705,,False,False
Eurostat,HU,HUN,2003,2018,CP04,Housing & utilities (incl. imputed rent),2014418.0,10856842.0,18.554364151196083,10.388416815865977,18.6,-0.04563584880391858,,False,False
Eurostat,HU,HUN,2004,2018,CP01,Food & non-alcoholic beverages,1983316.0,11612793.0,17.078716549929034,,17.1,-0.021283450070967547,,False,False
Eurostat,HU,HUN,2004,2018,CP04,Housing & utilities (incl. imputed rent),2187284.0,11612793.0,18.835124332277342,10.51895956468009,18.8,0.03512433227734135,,False,False
Eurostat,HU,HUN,2005,2018,CP01,Food & non-alcoholic beverages,2029542.0,12413644.0,16.34928470640853,,16.3,0.04928470640852822,,False,False
Eurostat,HU,HUN,2005,2018,CP04,Housing & utilities (incl. imputed rent),2351194.0,12413644.0,18.940401384154406,10.616842242294043,18.9,0.04040138415440708,,False,False
Eurostat,HU,HUN,2006,2018,CP01,Food & non-alcoholic beverages,2170289.0,13164925.0,16.485388257054257,,16.5,-0.014611742945742634,,False,False
Eurostat,HU,HUN,2006,2018,CP04,Housing & utilities (incl. imputed rent),2543505.0,13164925.0,19.320315155612356,11.172976678560644,19.3,0.020315155612355085,,False,False
Eurostat,HU,HUN,2007,2018,CP01,Food & non-alcoholic beverages,2388581.0,14052000.0,16.99815684600057,,17.0,-0.0018431539994310242,,False,False
Eurostat,HU,HUN,2007,2018,CP04,Housing & utilities (incl. imputed rent),2729178.0,14052000.0,19.42198975234842,10.962140620552233,19.4,0.021989752348421376,,False,False
Eurostat,HU,HUN,2008,2018,CP01,Food & non-alcoholic beverages,2551148.0,14781474.0,17.259090669847946,,17.3,-0.040909330152054224,,False,False
Eurostat,HU,HUN,2008,2018,CP04,Housing & utilities (incl. imputed rent),3000192.0,14781474.0,20.296974442467647,10.853139544811295,20.3,-0.003025557532353673,,False,False
Eurostat,HU,HUN,2009,2018,CP01,Food & non-alcoholic beverages,2429151.0,14475246.0,16.78141428477278,,16.8,-0.0185857152272213,,False,False
Eurostat,HU,HUN,2009,2018,CP04,Housing & utilities (incl. imputed rent),3203387.0,14475246.0,22.13010404106431,11.91263347096139,22.1,0.030104041064308973,,False,False
Eurostat,HU,HUN,2010,2018,CP01,Food & non-alcoholic beverages,2444443.0,14766680.0,16.553775120744813,,16.6,-0.046224879255188256,,False,False
Eurostat,HU,HUN,2010,2018,CP04,Housing & utilities (incl. imputed rent),3515772.0,14766680.0,23.808818231315367,13.358513897504382,23.8,0.008818231315366631,,False,False
Eurostat,HU,HUN,2011,2018,CP01,Food & non-alcoholic beverages,2593188.0,15325617.0,16.92061076562203,,16.9,0.020610765622031124,,False,False
Eurostat,HU,HUN,2011,2018,CP04,Housing & utilities (incl. imputed rent),3569103.0,15325617.0,23.288478369255866,12.765476261086258,23.3,-0.01152163074413437,,False,False
Eurostat,HU,HUN,2012,2018,CP01,Food & non-alcoholic beverages,2741311.0,15823086.0,17.324755739809543,,17.3,0.024755739809542376,,False,False
Eurostat,HU,HUN,2012,2018,CP04,Housing & utilities (incl. imputed rent),3599843.0,15823086.0,22.750574698260504,12.17451513566949,22.8,-0.049425301739496774,,False,False
Eurostat,HU,HUN,2013,2018,CP01,Food & non-alcoholic beverages,2850731.0,16088690.0,17.718850944359048,,17.7,0.018850944359048327,,False,False
Eurostat,HU,HUN,2013,2018,CP04,Housing & utilities (incl. imputed rent),3474965.0,16088690.0,21.598806366459915,11.830540584721316,21.6,-0.0011936335400868359,,False,False
Eurostat,HU,HUN,2014,2018,CP01,Food & non-alcoholic beverages,3003405.0,16775517.0,17.903501871209095,,17.9,0.0035018712090959525,,False,False
Eurostat,HU,HUN,2014,2018,CP04,Housing & utilities (incl. imputed rent),3373242.0,16775517.0,20.108125430649917,11.826789004475987,20.1,0.008125430649915444,,False,False
Eurostat,HU,HUN,2015,2018,CP01,Food & non-alcoholic beverages,3162020.0,17515532.0,18.052663202008365,,18.1,-0.047336797991636814,,False,False
Eurostat,HU,HUN,2015,2018,CP04,Housing & utilities (incl. imputed rent),3553741.0,17515532.0,20.289083996991927,12.248443267381202,20.3,-0.010916003008073716,,False,False
Eurostat,HU,HUN,2016,2018,CP01,Food & non-alcoholic beverages,3227884.0,18508774.0,17.439750466454452,,17.4,0.03975046645445346,,False,False
Eurostat,HU,HUN,2016,2018,CP04,Housing & utilities (incl. imputed rent),3761487.0,18508774.0,20.322723698501047,12.461851876304719,20.3,0.022723698501046385,,False,False
Eurostat,HU,HUN,2017,2018,CP01,Food & non-alcoholic beverages,3552888.0,20060448.0,17.7109105439719,,17.7,0.0109105439718995,,False,False
Eurostat,HU,HUN,2017,2018,CP04,Housing & utilities (incl. imputed rent),4060454.0,20060448.0,20.24109331955099,12.598272979746017,20.2,0.041093319550991936,,False,False
Eurostat,HU,HUN,2018,2018,CP01,Food & non-alcoholic beverages,3784093.0,21776054.0,17.377312712395003,,17.4,-0.022687287604995277,,False,False
Eurostat,HU,HUN,2018,2018,CP04,Housing & utilities (incl. imputed rent),4460379.0,21776054.0,20.482953431324148,13.326147152280207,20.5,-0.01704656867585186,,False,False
Eurostat,HU,HUN,2019,2018,CP01,Food & non-alcoholic beverages,4106451.0,24009924.0,17.103140351464667,,17.1,0.003140351464665514,,False,False
Eurostat,HU,HUN,2019,2018,CP04,Housing & utilities (incl. imputed rent),5029349.0,24009924.0,20.946959265676977,14.117687336286448,20.9,0.04695926567697839,,False,False
Eurostat,HU,HUN,2020,2018,CP01,Food & non-alcoholic beverages,4429153.0,23882535.0,18.545573156283453,,18.5,0.04557315628345293,,False,False
Eurostat,HU,HUN,2020,2018,CP04,Housing & utilities (incl. imputed rent),5367907.0,23882535.0,22.476286541608754,15.201937315280812,22.5,-0.023713458391245723,,False,False
Eurostat,HU,HUN,2021,2018,CP01,Food & non-alcoholic beverages,4742976.0,26735879.0,17.74011619367368,,17.7,0.040116193673679135,,False,False
Eurostat,HU,HUN,2021,2018,CP04,Housing & utilities (incl. imputed rent),5997032.0,26735879.0,22.430652083666295,15.589586562686044,22.4,0.030652083666296903,,False,False
Eurostat,HU,HUN,2022,2018,CP01,Food & non-alcoholic beverages,5500738.0,33096914.0,16.620093341632998,,16.6,0.020093341632996697,,False,False
Eurostat,HU,HUN,2022,2018,CP04,Housing & utilities (incl. imputed rent),7422971.0,33096914.0,22.42798527983606,16.15579325613258,22.4,0.027985279836062915,,False,False
Eurostat,HU,HUN,2023,2018,CP01,Food & non-alcoholic beverages,6248033.0,36840058.0,16.959889151097425,,17.0,-0.040110848902575214,,False,False
Eurostat,HU,HUN,2023,2018,CP04,Housing & utilities (incl. imputed rent),7865036.0,36840058.0,21.34914119842048,15.367777108277084,21.3,0.049141198420478815,,False,False
Eurostat,HU,HUN,2024,2018,CP01,Food & non-alcoholic beverages,6949307.0,41600946.0,16.704685032883624,,16.7,0.004685032883624984,,False,False
Eurostat,HU,HUN,2024,2018,CP04,Housing & utilities (incl. imputed rent),8885456.0,41600946.0,21.35878352381698,15.923178766175173,21.4,-0.04121647618301694,,False,False
Eurostat,HU,HUN,2025,2018,CP01,Food & non-alcoholic beverages,,,,,,,,False,False
Eurostat,HU,HUN,2025,2018,CP04,Housing & utilities (incl. imputed rent),,,,,,,,False,False
Eurostat,IE,IRL,1995,2018,CP01,Food & non-alcoholic beverages,4263.7,28482.2,14.969700374268841,,15.0,-0.03029962573115874,,False,False
Eurostat,IE,IRL,1995,2018,CP04,Housing & utilities (incl. imputed rent),4368.8,28482.2,15.338702768746796,9.556143837203587,15.3,0.0387027687467949,,False,False
Eurostat,IE,IRL,1996,2018,CP01,Food & non-alcoholic beverages,4532.9,31369.7,14.449930984357515,,14.4,0.04993098435751442,,False,False
Eurostat,IE,IRL,1996,2018,CP04,Housing & utilities (incl. imputed rent),4872.0,31369.7,15.530910400800774,9.868439927700933,15.5,0.03091040080077434,,False,False
Eurostat,IE,IRL,1997,2018,CP01,Food & non-alcoholic beverages,4561.9,34404.6,13.259564128052645,,13.3,-0.04043587194735565,,False,False
Eurostat,IE,IRL,1997,2018,CP04,Housing & utilities (incl. imputed rent),5693.3,34404.6,16.54807787330764,10.863082262255631,16.5,0.04807787330764057,,False,False
Eurostat,IE,IRL,1998,2018,CP01,Food & non-alcoholic beverages,4743.7,38745.6,12.243196646845062,,12.2,0.04319664684506286,,False,False
Eurostat,IE,IRL,1998,2018,CP04,Housing & utilities (incl. imputed rent),6657.6,38745.6,17.182854311199208,11.649064667988107,17.2,-0.017145688800791703,,False,False
Eurostat,IE,IRL,1999,2018,CP01,Food & non-alcoholic beverages,4876.7,43353.9,11.248584325746933,,11.2,0.04858432574693339,,False,False
Eurostat,IE,IRL,1999,2018,CP04,Housing & utilities (incl. imputed rent),7527.8,43353.9,17.363605119723946,12.033980795268706,17.4,-0.03639488027605253,,False,False
Eurostat,IE,IRL,2000,2018,CP01,Food & non-alcoholic beverages,5621.5,50377.3,11.158795727440731,,11.2,-0.04120427255926806,,False,False
Eurostat,IE,IRL,2000,2018,CP04,Housing & utilities (incl. imputed rent),8813.4,50377.3,17.494784357240263,12.269613496554996,17.5,-0.005215642759736738,,False,False
Eurostat,IE,IRL,2001,2018,CP01,Food & non-alcoholic beverages,6055.8,54816.8,11.047343150275097,,11.0,0.047343150275096946,,False,False
Eurostat,IE,IRL,2001,2018,CP04,Housing & utilities (incl. imputed rent),10103.6,54816.8,18.431575721311713,13.11422775499482,18.4,0.03157572131171449,,False,False
Eurostat,IE,IRL,2002,2018,CP01,Food & non-alcoholic beverages,6277.7,59084.0,10.625042312639632,,10.6,0.025042312639632414,,False,False
Eurostat,IE,IRL,2002,2018,CP04,Housing & utilities (incl. imputed rent),11396.8,59084.0,19.289147654187257,13.782242231399364,19.3,-0.010852345812743636,,False,False
Eurostat,IE,IRL,2003,2018,CP01,Food & non-alcoholic beverages,6308.2,63042.2,10.006313231454486,,10.0,0.006313231454486257,,False,False
Eurostat,IE,IRL,2003,2018,CP04,Housing & utilities (incl. imputed rent),12614.3,63042.2,20.009295360885247,14.16083195066162,20.0,0.00929536088524685,,False,False
Eurostat,IE,IRL,2004,2018,CP01,Food & non-alcoholic beverages,6421.9,66622.6,9.639221525428306,,9.6,0.03922152542830659,,False,False
Eurostat,IE,IRL,2004,2018,CP04,Housing & utilities (incl. imputed rent),13276.8,66622.6,19.928372654324505,13.77505531156094,19.9,0.02837265432450664,,False,False
Eurostat,IE,IRL,2005,2018,CP01,Food & non-alcoholic beverages,6720.5,72220.1,9.305581133230222,,9.3,0.005581133230220914,,False,False
Eurostat,IE,IRL,2005,2018,CP04,Housing & utilities (incl. imputed rent),14246.8,72220.1,19.726918129440417,13.254620251148918,19.7,0.026918129440417715,,False,False
Eurostat,IE,IRL,2006,2018,CP01,Food & non-alcoholic beverages,7304.2,78637.9,9.288396561963125,,9.3,-0.011603438036875247,,False,False
Eurostat,IE,IRL,2006,2018,CP04,Housing & utilities (incl. imputed rent),15491.5,78637.9,19.699788524362933,13.117339094762196,19.7,-0.00021147563706591654,,False,False
Eurostat,IE,IRL,2007,2018,CP01,Food & non-alcoholic beverages,7845.1,85752.2,9.148569949225793,,9.1,0.04856994922579361,,False,False
Eurostat,IE,IRL,2007,2018,CP04,Housing & utilities (incl. imputed rent),17657.8,85752.2,20.591658289816472,13.649912188841803,20.6,-0.008341710183529472,,False,False
Eurostat,IE,IRL,2008,2018,CP01,Food & non-alcoholic beverages,8134.2,86454.7,9.408626714337103,,9.4,0.008626714337102825,,False,False
Eurostat,IE,IRL,2008,2018,CP04,Housing & utilities (incl. imputed rent),19387.7,86454.7,22.425270112556056,14.528649107567318,22.4,0.02527011255605771,,False,False
Eurostat,IE,IRL,2009,2018,CP01,Food & non-alcoholic beverages,7530.5,76384.9,9.858623890323875,,9.9,-0.041376109676125594,,False,False
Eurostat,IE,IRL,2009,2018,CP04,Housing & utilities (incl. imputed rent),16781.5,76384.9,21.969656306416585,13.815950534726104,22.0,-0.030343693583414932,,False,False
Eurostat,IE,IRL,2010,2018,CP01,Food & non-alcoholic beverages,7334.6,74707.1,9.817808481389319,,9.8,0.01780848138931823,,False,False
Eurostat,IE,IRL,2010,2018,CP04,Housing & utilities (incl. imputed rent),16613.2,74707.1,22.23777927399136,13.405017729238585,22.2,0.037779273991361606,,False,False
Eurostat,IE,IRL,2011,2018,CP01,Food & non-alcoholic beverages,7647.7,74675.4,10.241257495775049,,10.2,0.041257495775049335,,False,False
Eurostat,IE,IRL,2011,2018,CP04,Housing & utilities (incl. imputed rent),17067.4,74675.4,22.85545172841391,13.637154939913279,22.9,-0.04454827158608765,,False,False
Eurostat,IE,IRL,2012,2018,CP01,Food & non-alcoholic beverages,7975.7,75342.9,10.585868077814897,,10.6,-0.014131922185102397,,False,False
Eurostat,IE,IRL,2012,2018,CP04,Housing & utilities (incl. imputed rent),17422.6,75342.9,23.124408537499882,13.611634274762455,23.1,0.024408537499880367,,False,False
Eurostat,IE,IRL,2013,2018,CP01,Food & non-alcoholic beverages,8113.2,76944.8,10.54418232291201,,10.5,0.0441823229120093,,False,False
Eurostat,IE,IRL,2013,2018,CP04,Housing & utilities (incl. imputed rent),17974.8,76944.8,23.360642954429668,13.79768353416995,23.4,-0.039357045570330484,,False,False
Eurostat,IE,IRL,2014,2018,CP01,Food & non-alcoholic beverages,7835.5,80108.5,9.781109370416372,,9.8,-0.018890629583628638,,False,False
Eurostat,IE,IRL,2014,2018,CP04,Housing & utilities (incl. imputed rent),18833.9,80108.5,23.51048889943015,14.254916769131864,23.5,0.010488899430150411,,False,False
Eurostat,IE,IRL,2015,2018,CP01,Food & non-alcoholic beverages,7963.6,83830.2,9.499679113255128,,9.5,-0.00032088674487162905,,False,False
Eurostat,IE,IRL,2015,2018,CP04,Housing & utilities (incl. imputed rent),20284.1,83830.2,24.196649894668028,14.73406958351525,24.2,-0.0033501053319717755,,False,False
Eurostat,IE,IRL,2016,2018,CP01,Food & non-alcoholic beverages,8295.3,88420.8,9.381616090331686,,9.4,-0.018383909668314047,,False,False
Eurostat,IE,IRL,2016,2018,CP04,Housing & utilities (incl. imputed rent),21142.1,88420.8,23.910776649838045,14.72617302716103,23.9,0.010776649838046382,,False,False
Eurostat,IE,IRL,2017,2018,CP01,Food & non-alcoholic beverages,8922.9,92501.6,9.646211524989837,,9.6,0.04621152498983783,,False,False
Eurostat,IE,IRL,2017,2018,CP04,Housing & utilities (incl. imputed rent),22631.9,92501.6,24.46649571466872,15.279087064439963,24.5,-0.03350428533127925,,False,False
Eurostat,IE,IRL,2018,2018,CP01,Food & non-alcoholic beverages,9322.8,98128.7,9.500584436561372,,9.5,0.0005844365613718594,,False,False
Eurostat,IE,IRL,2018,2018,CP04,Housing & utilities (incl. imputed rent),24697.9,98128.7,25.168885351584198,15.544483927739797,25.2,-0.031114648415801582,,False,False
Eurostat,IE,IRL,2019,2018,CP01,Food & non-alcoholic beverages,9826.3,102214.7,9.613392202882755,,9.6,0.013392202882755555,,False,False
Eurostat,IE,IRL,2019,2018,CP04,Housing & utilities (incl. imputed rent),25847.8,102214.7,25.287752153066045,15.938509822951103,25.3,-0.012247846933956197,,False,False
Eurostat,IE,IRL,2020,2018,CP01,Food & non-alcoholic beverages,10283.1,92348.3,11.135126472279403,,11.1,0.03512647227940313,,False,False
Eurostat,IE,IRL,2020,2018,CP04,Housing & utilities (incl. imputed rent),26157.1,92348.3,28.32439795859805,17.821443383364933,28.3,0.02439795859804761,,False,False
Eurostat,IE,IRL,2021,2018,CP01,Food & non-alcoholic beverages,11040.7,104114.6,10.604372489545174,,10.6,0.0043724895451742185,,False,False
Eurostat,IE,IRL,2021,2018,CP04,Housing & utilities (incl. imputed rent),27806.1,104114.6,26.7072053295119,16.58537803535719,26.7,0.007205329511901226,,False,False
Eurostat,IE,IRL,2022,2018,CP01,Food & non-alcoholic beverages,11992.4,122720.5,9.772124461683255,,9.8,-0.027875538316745718,,False,False
Eurostat,IE,IRL,2022,2018,CP04,Housing & utilities (incl. imputed rent),32413.2,122720.5,26.412213118427648,15.472476073679623,26.4,0.01221311842764905,,False,False
Eurostat,IE,IRL,2023,2018,CP01,Food & non-alcoholic beverages,13313.1,134716.4,9.882315738841003,,9.9,-0.017684261158997572,,False,False
Eurostat,IE,IRL,2023,2018,CP04,Housing & utilities (incl. imputed rent),35784.7,134716.4,26.562987134454303,15.492323132150206,26.6,-0.03701286554569805,,False,False
Eurostat,IE,IRL,2024,2018,CP01,Food & non-alcoholic beverages,13922.9,142543.6,9.767467637971821,,9.8,-0.03253236202817966,,False,False
Eurostat,IE,IRL,2024,2018,CP04,Housing & utilities (incl. imputed rent),36624.2,142543.6,25.69333172446886,15.640056796657303,25.7,-0.006668275531140466,,False,False
Eurostat,IE,IRL,2025,2018,CP01,Food & non-alcoholic beverages,14577.6,148153.4,9.839531188619365,,9.8,0.03953118861936389,,False,False
Eurostat,IE,IRL,2025,2018,CP04,Housing & utilities (incl. imputed rent),38082.6,148153.4,25.704843763288594,15.979653521282671,25.7,0.0048437632885942605,,False,False
Eurostat,IS,ISL,1995,1999,CP01,Food & non-alcoholic beverages,43277.7,249776.1,17.326597700900926,,17.3,0.026597700900925503,,False,True
Eurostat,IS,ISL,1995,1999,CP04,Housing & utilities (incl. imputed rent),44625.4,249776.1,17.86616093373225,10.862008014377675,17.9,-0.03383906626774902,,False,True
Eurostat,IS,ISL,1996,1999,CP01,Food & non-alcoholic beverages,45681.7,269012.1,16.98128076766807,,17.0,-0.018719232331928737,,False,True
Eurostat,IS,ISL,1996,1999,CP04,Housing & utilities (incl. imputed rent),45287.0,269012.1,16.834558742896697,10.24671380952753,16.8,0.034558742896695804,,False,True
Eurostat,IS,ISL,1997,1999,CP01,Food & non-alcoholic beverages,49006.9,287605.4,17.03963138383354,,17.0,0.03963138383354092,,False,True
Eurostat,IS,ISL,1997,1999,CP04,Housing & utilities (incl. imputed rent),47374.6,287605.4,16.472082930292682,10.013963576483611,16.5,-0.027917069707317665,,False,True
Eurostat,IS,ISL,1998,1999,CP01,Food & non-alcoholic beverages,52575.9,321873.8,16.334321091061156,,16.3,0.03432109106115533,,False,True
Eurostat,IS,ISL,1998,1999,CP04,Housing & utilities (incl. imputed rent),51733.9,321873.8,16.072727882791334,9.859236756766162,16.1,-0.027272117208667623,,False,True
Eurostat,IS,ISL,1999,1999,CP01,Food & non-alcoholic beverages,55205.5,356805.4,15.472159333911426,,15.5,-0.02784066608857394,,False,True
Eurostat,IS,ISL,1999,1999,CP04,Housing & utilities (incl. imputed rent),56824.8,356805.4,15.925992151464074,9.893095788348493,15.9,0.025992151464073743,,False,True
Eurostat,IS,ISL,2000,1999,CP01,Food & non-alcoholic beverages,57235.1,391111.6,14.633956139373009,,14.6,0.03395613937300901,,False,True
Eurostat,IS,ISL,2000,1999,CP04,Housing & utilities (incl. imputed rent),66769.9,391111.6,17.071828092033066,10.811875689700843,17.1,-0.028171907966935805,,False,True
Eurostat,IS,ISL,2001,1999,CP01,Food & non-alcoholic beverages,62757.0,414898.0,15.125886362431249,,15.1,0.02588636243124931,,False,True
Eurostat,IS,ISL,2001,1999,CP04,Housing & utilities (incl. imputed rent),71959.3,414898.0,17.343853188012474,11.000221741247246,17.3,0.04385318801247351,,False,True
Eurostat,IS,ISL,2002,1999,CP01,Food & non-alcoholic beverages,65833.0,435225.7,15.126174764036223,,15.1,0.026174764036223763,,False,True
Eurostat,IS,ISL,2002,1999,CP04,Housing & utilities (incl. imputed rent),80064.9,435225.7,18.396179269744408,11.825864143592622,18.4,-0.0038207302555903766,,False,True
Eurostat,IS,ISL,2003,1999,CP01,Food & non-alcoholic beverages,62449.8,461849.7,13.521671660715597,,13.5,0.02167166071559734,,False,True
Eurostat,IS,ISL,2003,1999,CP04,Housing & utilities (incl. imputed rent),90265.6,461849.7,19.544366922832253,12.769738726689656,19.5,0.04436692283225341,,False,True
Eurostat,IS,ISL,2004,1999,CP01,Food & non-alcoholic beverages,65983.1,507864.7,12.992259552593438,,13.0,-0.007740447406561657,,False,True
Eurostat,IS,ISL,2004,1999,CP04,Housing & utilities (incl. imputed rent),102056.4,507864.7,20.0951946453455,13.320772245048731,20.1,-0.004805354654500604,,False,True
Eurostat,IS,ISL,2005,1999,CP01,Food & non-alcoholic beverages,66487.9,568060.1,11.704377758620963,,11.7,0.004377758620963235,,False,True
Eurostat,IS,ISL,2005,1999,CP04,Housing & utilities (incl. imputed rent),112951.0,568060.1,19.88363555194248,13.150175483192712,19.9,-0.016364448057519354,,False,True
Eurostat,IS,ISL,2006,1999,CP01,Food & non-alcoholic beverages,74167.9,629132.2,11.788921310974068,,11.8,-0.011078689025932675,,False,True
Eurostat,IS,ISL,2006,1999,CP04,Housing & utilities (incl. imputed rent),127726.1,629132.2,20.301949256451984,13.811310246081826,20.3,0.0019492564519829614,,False,True
Eurostat,IS,ISL,2007,1999,CP01,Food & non-alcoholic beverages,80310.6,701503.8,11.448348533536098,,11.4,0.048348533536097804,,False,True
Eurostat,IS,ISL,2007,1999,CP04,Housing & utilities (incl. imputed rent),149618.3,701503.8,21.328223738773758,14.843340834361838,21.3,0.02822373877375739,,False,True
Eurostat,IS,ISL,2008,1999,CP01,Food & non-alcoholic beverages,95157.2,759563.3,12.527882797918224,,12.5,0.0278827979182239,,False,True
Eurostat,IS,ISL,2008,1999,CP04,Housing & utilities (incl. imputed rent),180228.3,759563.3,23.727884167126028,16.358267967923148,23.7,0.027884167126028814,,False,True
Eurostat,IS,ISL,2009,1999,CP01,Food & non-alcoholic beverages,109889.1,802234.2,13.6978827379835,,13.7,-0.0021172620164993106,,False,True
Eurostat,IS,ISL,2009,1999,CP04,Housing & utilities (incl. imputed rent),200853.7,802234.2,25.036791001929366,16.724530068650775,25.0,0.03679100192936602,,False,True
Eurostat,IS,ISL,2010,1999,CP01,Food & non-alcoholic beverages,113816.9,829344.4,13.72371960309854,,13.7,0.023719603098541597,,False,True
Eurostat,IS,ISL,2010,1999,CP04,Housing & utilities (incl. imputed rent),209674.0,829344.4,25.281897363749007,15.933284170002231,25.3,-0.018102636250993953,,False,True
Eurostat,IS,ISL,2011,1999,CP01,Food & non-alcoholic beverages,121908.5,882709.3,13.81071888559461,,13.8,0.010718885594609873,,False,True
Eurostat,IS,ISL,2011,1999,CP04,Housing & utilities (incl. imputed rent),222388.8,882709.3,25.193888860126428,14.932809703035868,25.2,-0.0061111398735711475,,False,True
Eurostat,IS,ISL,2012,1999,CP01,Food & non-alcoholic beverages,134499.6,958894.8,14.026523034643635,,14.0,0.026523034643634702,,False,True
Eurostat,IS,ISL,2012,1999,CP04,Housing & utilities (incl. imputed rent),235474.3,958894.8,24.55684398330244,14.381963485462638,24.6,-0.043156016697562194,,False,True
Eurostat,IS,ISL,2013,1999,CP01,Food & non-alcoholic beverages,143965.3,1018121.3,14.140289570604208,,14.1,0.04028957060420879,,False,True
Eurostat,IS,ISL,2013,1999,CP04,Housing & utilities (incl. imputed rent),249405.8,1018121.3,24.4966685207352,14.62657740290867,24.5,-0.0033314792648013736,,False,True
Eurostat,IS,ISL,2014,1999,CP01,Food & non-alcoholic beverages,153248.6,1092355.8,14.029183531592912,,14.0,0.02918353159291165,,False,True
Eurostat,IS,ISL,2014,1999,CP04,Housing & utilities (incl. imputed rent),265314.3,1092355.8,24.28826761390382,14.795371617928884,24.3,-0.011732386096181102,,False,True
Eurostat,IS,ISL,2015,1999,CP01,Food & non-alcoholic beverages,162463.9,1175365.9,13.822410536157296,,13.8,0.02241053615729527,,False,True
Eurostat,IS,ISL,2015,1999,CP04,Housing & utilities (incl. imputed rent),282386.3,1175365.9,24.02539498551047,14.552038646008025,24.0,0.025394985510470036,,False,True
Eurostat,IS,ISL,2016,1999,CP01,Food & non-alcoholic beverages,171779.9,1310368.0,13.1092868568219,,13.1,0.009286856821900003,,False,True
Eurostat,IS,ISL,2016,1999,CP04,Housing & utilities (incl. imputed rent),301143.0,1310368.0,22.98155937873941,13.89974419399741,23.0,-0.018440621260591428,,False,True
Eurostat,IS,ISL,2017,1999,CP01,Food & non-alcoholic beverages,175028.5,1400147.3,12.50072045991161,,12.5,0.0007204599116104049,,False,True
Eurostat,IS,ISL,2017,1999,CP04,Housing & utilities (incl. imputed rent),320808.3,1400147.3,22.912467852489517,13.912879023514169,22.9,0.012467852489518094,,False,True
Eurostat,IS,ISL,2018,1999,CP01,Food & non-alcoholic beverages,186567.5,1502510.7,12.417049675586338,,12.4,0.017049675586337187,,False,True
Eurostat,IS,ISL,2018,1999,CP04,Housing & utilities (incl. imputed rent),345110.3,1502510.7,22.968907975164505,13.968126816002044,23.0,-0.03109202483549467,,False,True
Eurostat,IS,ISL,2019,1999,CP01,Food & non-alcoholic beverages,192041.0,1568518.8,12.243461793381117,,12.2,0.043461793381117886,,False,True
Eurostat,IS,ISL,2019,1999,CP04,Housing & utilities (incl. imputed rent),368941.7,1568518.8,23.521662602960195,14.34336011783856,23.5,0.021662602960194732,,False,True
Eurostat,IS,ISL,2020,1999,CP01,Food & non-alcoholic beverages,201014.7,1469806.3,13.676271492372837,,13.7,-0.023728507627161832,,False,True
Eurostat,IS,ISL,2020,1999,CP04,Housing & utilities (incl. imputed rent),392755.8,1469806.3,26.7216027037032,16.367524074430758,26.7,0.021602703703202053,,False,True
Eurostat,IS,ISL,2021,1999,CP01,Food & non-alcoholic beverages,217229.6,1680520.3,12.926330018149738,,12.9,0.026330018149737455,,False,True
Eurostat,IS,ISL,2021,1999,CP04,Housing & utilities (incl. imputed rent),415557.1,1680520.3,24.72788338230725,15.162203039142103,24.7,0.027883382307251736,,False,True
Eurostat,IS,ISL,2022,1999,CP01,Food & non-alcoholic beverages,249781.8,1992162.9,12.538221648440494,,12.5,0.03822164844049425,,False,True
Eurostat,IS,ISL,2022,1999,CP04,Housing & utilities (incl. imputed rent),449708.4,1992162.9,22.573876865190094,13.825204756097003,22.6,-0.026123134809907356,,False,True
Eurostat,IS,ISL,2023,1999,CP01,Food & non-alcoholic beverages,281158.0,2218759.7,12.67185445994895,,12.7,-0.028145540051049522,,False,True
Eurostat,IS,ISL,2023,1999,CP04,Housing & utilities (incl. imputed rent),495749.2,2218759.7,22.34352823336389,13.719079177434132,22.3,0.04352823336389022,,False,True
Eurostat,IS,ISL,2024,1999,CP01,Food & non-alcoholic beverages,300243.4,2319516.2,12.944225179371458,,12.9,0.0442251793714572,,False,True
Eurostat,IS,ISL,2024,1999,CP04,Housing & utilities (incl. imputed rent),555449.5,2319516.2,23.946782523010615,14.76067724812614,23.9,0.04678252301061647,,False,True
Eurostat,IS,ISL,2025,1999,CP01,Food & non-alcoholic beverages,322579.5,2515704.5,12.822630797854039,,12.8,0.02263079785403832,,False,True
Eurostat,IS,ISL,2025,1999,CP04,Housing & utilities (incl. imputed rent),618709.4,2515704.5,24.593882151103198,15.262110474421775,24.6,-0.006117848896803224,,False,True
Eurostat,IT,ITA,1995,2018,CP01,Food & non-alcoholic beverages,97104.3,587479.2,16.52897668547244,,16.5,0.02897668547243981,,False,False
Eurostat,IT,ITA,1995,2018,CP04,Housing & utilities (incl. imputed rent),106312.9,587479.2,18.096453457416025,9.317997981885998,18.1,-0.00354654258397602,,False,False
Eurostat,IT,ITA,1996,2018,CP01,Food & non-alcoholic beverages,100848.6,616963.4,16.34596152705331,,16.3,0.045961527053307805,,False,False
Eurostat,IT,ITA,1996,2018,CP04,Housing & utilities (incl. imputed rent),112046.0,616963.4,18.160882801151576,9.401692223558156,18.2,-0.03911719884842313,,False,False
Eurostat,IT,ITA,1997,2018,CP01,Food & non-alcoholic beverages,103201.8,651289.5,15.845764441158655,,15.8,0.045764441158654634,,False,False
Eurostat,IT,ITA,1997,2018,CP04,Housing & utilities (incl. imputed rent),117031.8,651289.5,17.969244091913044,9.43895149545632,18.0,-0.03075590808695594,,False,False
Eurostat,IT,ITA,1998,2018,CP01,Food & non-alcoholic beverages,105894.9,684530.7,15.469707932748669,,15.5,-0.030292067251330934,,False,False
Eurostat,IT,ITA,1998,2018,CP04,Housing & utilities (incl. imputed rent),123049.1,684530.7,17.975687576904882,9.648990176773665,18.0,-0.024312423095118163,,False,False
Eurostat,IT,ITA,1999,2018,CP01,Food & non-alcoholic beverages,107379.1,714443.8,15.029747616257568,,15.0,0.029747616257568055,,False,False
Eurostat,IT,ITA,1999,2018,CP04,Housing & utilities (incl. imputed rent),130700.1,714443.8,18.293965179626444,10.027996603791648,18.3,-0.0060348203735571815,,False,False
Eurostat,IT,ITA,2000,2018,CP01,Food & non-alcoholic beverages,112329.4,758386.9,14.811621877962288,,14.8,0.011621877962287641,,False,False
Eurostat,IT,ITA,2000,2018,CP04,Housing & utilities (incl. imputed rent),138122.1,758386.9,18.212616805485432,10.066932854457269,18.2,0.012616805485432536,,False,False
Eurostat,IT,ITA,2001,2018,CP01,Food & non-alcoholic beverages,115161.0,781808.1,14.730085298425536,,14.7,0.030085298425536422,,False,False
Eurostat,IT,ITA,2001,2018,CP04,Housing & utilities (incl. imputed rent),144339.7,781808.1,18.462292728867865,10.322737766467245,18.5,-0.03770727113213468,,False,False
Eurostat,IT,ITA,2002,2018,CP01,Food & non-alcoholic beverages,118692.1,802349.0,14.793076329627134,,14.8,-0.006923670372867008,,False,False
Eurostat,IT,ITA,2002,2018,CP04,Housing & utilities (incl. imputed rent),152221.0,802349.0,18.97191870370624,10.948926215400032,19.0,-0.02808129629375955,,False,False
Eurostat,IT,ITA,2003,2018,CP01,Food & non-alcoholic beverages,122978.7,831302.0,14.79350464692735,,14.8,-0.006495353072651255,,False,False
Eurostat,IT,ITA,2003,2018,CP04,Housing & utilities (incl. imputed rent),161465.0,831302.0,19.423145860349187,11.30882639522099,19.4,0.02314586034918875,,False,False
Eurostat,IT,ITA,2004,2018,CP01,Food & non-alcoholic beverages,126529.0,861525.0,14.68663126432779,,14.7,-0.013368735672209198,,False,False
Eurostat,IT,ITA,2004,2018,CP04,Housing & utilities (incl. imputed rent),172594.2,861525.0,20.033568381648823,11.874385537274021,20.0,0.033568381648823475,,False,False
Eurostat,IT,ITA,2005,2018,CP01,Food & non-alcoholic beverages,128570.6,889639.2,14.451993572225685,,14.5,-0.04800642777431463,,False,False
Eurostat,IT,ITA,2005,2018,CP04,Housing & utilities (incl. imputed rent),182090.6,889639.2,20.46791553249902,12.024874803178639,20.5,-0.032084467500979486,,False,False
Eurostat,IT,ITA,2006,2018,CP01,Food & non-alcoholic beverages,132925.4,926747.6,14.343214916337521,,14.3,0.04321491633752039,,False,False
Eurostat,IT,ITA,2006,2018,CP04,Housing & utilities (incl. imputed rent),191598.7,926747.6,20.67431304920563,12.046839937864421,20.7,-0.02568695079436978,,False,False
Eurostat,IT,ITA,2007,2018,CP01,Food & non-alcoholic beverages,136152.3,957827.0,14.214706831191853,,14.2,0.014706831191853453,,False,False
Eurostat,IT,ITA,2007,2018,CP04,Housing & utilities (incl. imputed rent),199413.0,957827.0,20.819312882180185,12.384720831632434,20.8,0.019312882180184232,,False,False
Eurostat,IT,ITA,2008,2018,CP01,Food & non-alcoholic beverages,137693.9,976688.7,14.09803348804998,,14.1,-0.0019665119500196226,,False,False
Eurostat,IT,ITA,2008,2018,CP04,Housing & utilities (incl. imputed rent),208508.3,976688.7,21.348491080115906,12.74042589005074,21.3,0.048491080115905305,,False,False
Eurostat,IT,ITA,2009,2018,CP01,Food & non-alcoholic beverages,138082.4,955730.9,14.447832543658471,,14.4,0.04783254365847078,,False,False
Eurostat,IT,ITA,2009,2018,CP04,Housing & utilities (incl. imputed rent),216362.5,955730.9,22.638433056836398,13.608485401068437,22.6,0.03843305683639642,,False,False
Eurostat,IT,ITA,2010,2018,CP01,Food & non-alcoholic beverages,138623.3,980424.4,14.139111592897931,,14.1,0.03911159289793176,,False,False
Eurostat,IT,ITA,2010,2018,CP04,Housing & utilities (incl. imputed rent),221655.1,980424.4,22.60807666557462,13.651863417515925,22.6,0.008076665574620279,,False,False
Eurostat,IT,ITA,2011,2018,CP01,Food & non-alcoholic beverages,141596.0,1012023.4,13.991376088734706,,14.0,-0.008623911265294382,,False,False
Eurostat,IT,ITA,2011,2018,CP04,Housing & utilities (incl. imputed rent),228989.8,1012023.4,22.626927401085783,13.675029648523937,22.6,0.026927401085782066,,False,False
Eurostat,IT,ITA,2012,2018,CP01,Food & non-alcoholic beverages,140470.0,1003497.7,13.998039058784093,,14.0,-0.001960941215907397,,False,False
Eurostat,IT,ITA,2012,2018,CP04,Housing & utilities (incl. imputed rent),237871.1,1003497.7,23.70419982028858,14.164885480056405,23.7,0.004199820288580014,,False,False
Eurostat,IT,ITA,2013,2018,CP01,Food & non-alcoholic beverages,140891.1,992950.1,14.189142032414317,,14.2,-0.01085796758568236,,False,False
Eurostat,IT,ITA,2013,2018,CP04,Housing & utilities (incl. imputed rent),242129.2,992950.1,24.384830617369392,14.618861511771842,24.4,-0.01516938263060652,,False,False
Eurostat,IT,ITA,2014,2018,CP01,Food & non-alcoholic beverages,140761.3,997830.0,14.106741629335657,,14.1,0.006741629335657251,,False,False
Eurostat,IT,ITA,2014,2018,CP04,Housing & utilities (incl. imputed rent),239907.1,997830.0,24.04288305623202,14.688183357886613,24.0,0.04288305623202149,,False,False
Eurostat,IT,ITA,2015,2018,CP01,Food & non-alcoholic beverages,143724.1,1018938.9,14.105271670362177,,14.1,0.005271670362176906,,False,False
Eurostat,IT,ITA,2015,2018,CP04,Housing & utilities (incl. imputed rent),244710.7,1018938.9,24.016229039837423,14.592180159183243,24.0,0.016229039837423187,,False,False
Eurostat,IT,ITA,2016,2018,CP01,Food & non-alcoholic beverages,144930.4,1032362.5,14.03871217716645,,14.0,0.0387121771664507,,False,False
Eurostat,IT,ITA,2016,2018,CP04,Housing & utilities (incl. imputed rent),244858.8,1032362.5,23.718296625458596,14.584586325055394,23.7,0.01829662545859634,,False,False
Eurostat,IT,ITA,2017,2018,CP01,Food & non-alcoholic beverages,149292.0,1059165.9,14.095242303401195,,14.1,-0.0047576965988049835,,False,False
Eurostat,IT,ITA,2017,2018,CP04,Housing & utilities (incl. imputed rent),248271.9,1059165.9,23.44032223847086,14.388019856001785,23.4,0.04032223847086058,,False,False
Eurostat,IT,ITA,2018,2018,CP01,Food & non-alcoholic beverages,150860.8,1080010.6,13.968455494788659,,14.0,-0.031544505211341445,,False,False
Eurostat,IT,ITA,2018,2018,CP04,Housing & utilities (incl. imputed rent),252037.4,1080010.6,23.3365672522103,14.336479660477405,23.3,0.03656725221030044,,False,False
Eurostat,IT,ITA,2019,2018,CP01,Food & non-alcoholic beverages,152821.1,1090421.9,14.014859752908487,,14.0,0.014859752908487067,,False,False
Eurostat,IT,ITA,2019,2018,CP04,Housing & utilities (incl. imputed rent),254570.4,1090421.9,23.346046149660054,14.353040781737786,23.3,0.046046149660053715,,False,False
Eurostat,IT,ITA,2020,2018,CP01,Food & non-alcoholic beverages,156542.1,967821.3,16.174690513630978,,16.2,-0.025309486369021528,,False,False
Eurostat,IT,ITA,2020,2018,CP04,Housing & utilities (incl. imputed rent),252584.3,967821.3,26.09823735022157,16.413412269393117,26.1,-0.0017626497784313244,,False,False
Eurostat,IT,ITA,2021,2018,CP01,Food & non-alcoholic beverages,157600.9,1040581.2,15.145468705373496,,15.1,0.04546870537349612,,False,False
Eurostat,IT,ITA,2021,2018,CP04,Housing & utilities (incl. imputed rent),260714.5,1040581.2,25.054700200234254,15.361050151588366,25.1,-0.04529979976574694,,False,False
Eurostat,IT,ITA,2022,2018,CP01,Food & non-alcoholic beverages,168028.9,1180236.5,14.236883878781923,,14.2,0.03688387878192323,,False,False
Eurostat,IT,ITA,2022,2018,CP04,Housing & utilities (incl. imputed rent),284708.1,1180236.5,24.12297026909437,13.93661355160597,24.1,0.022970269094368945,,False,False
Eurostat,IT,ITA,2023,2018,CP01,Food & non-alcoholic beverages,182442.3,1246965.3,14.630904324282318,,14.6,0.03090432428231793,,False,False
Eurostat,IT,ITA,2023,2018,CP04,Housing & utilities (incl. imputed rent),287752.8,1246965.3,23.07624759085116,13.688183624676645,23.1,-0.023752409148841025,,False,False
Eurostat,IT,ITA,2024,2018,CP01,Food & non-alcoholic beverages,188012.4,1283703.8,14.646088918643068,,14.6,0.04608891864306841,,False,False
Eurostat,IT,ITA,2024,2018,CP04,Housing & utilities (incl. imputed rent),291534.7,1283703.8,22.710433668576815,13.665660255893922,22.7,0.010433668576816046,,False,False
Eurostat,IT,ITA,2025,2018,CP01,Food & non-alcoholic beverages,193663.7,1316764.8,14.707539265934205,,14.7,0.00753926593420573,,False,False
Eurostat,IT,ITA,2025,2018,CP04,Housing & utilities (incl. imputed rent),303528.9,1316764.8,23.051109810954852,,23.1,-0.04889018904514941,,False,False
Eurostat,LT,LTU,1995,1999,CP01,Food & non-alcoholic beverages,1945.2,5012.0,38.810853950518755,,38.8,0.010853950518757927,,False,False
Eurostat,LT,LTU,1995,1999,CP04,Housing & utilities (incl. imputed rent),1045.4,5012.0,20.857940941739827,11.243016759776536,20.9,-0.04205905826017187,,False,False
Eurostat,LT,LTU,1996,1999,CP01,Food & non-alcoholic beverages,2452.0,6377.4,38.44827045504437,,38.4,0.048270455044374216,,False,False
Eurostat,LT,LTU,1996,1999,CP04,Housing & utilities (incl. imputed rent),1206.4,6377.4,18.916799949822817,10.330228619813717,18.9,0.016799949822818405,,False,False
Eurostat,LT,LTU,1997,1999,CP01,Food & non-alcoholic beverages,2547.3,7316.1,34.81773075819084,,34.8,0.017730758190843687,,False,False
Eurostat,LT,LTU,1997,1999,CP04,Housing & utilities (incl. imputed rent),1359.4,7316.1,18.580937931411544,9.797569743442544,18.6,-0.019062068588457493,,False,False
Eurostat,LT,LTU,1998,1999,CP01,Food & non-alcoholic beverages,2623.0,8216.2,31.92473406197512,,31.9,0.024734061975120625,,False,False
Eurostat,LT,LTU,1998,1999,CP04,Housing & utilities (incl. imputed rent),1402.9,8216.2,17.074803437112045,9.141695674399356,17.1,-0.02519656288795602,,False,False
Eurostat,LT,LTU,1999,1999,CP01,Food & non-alcoholic beverages,2649.8,8531.4,31.059380640926467,,31.1,-0.040619359073534866,,False,False
Eurostat,LT,LTU,1999,1999,CP04,Housing & utilities (incl. imputed rent),1414.0,8531.4,16.57406756218206,8.935227512483298,16.6,-0.025932437817942855,,False,False
Eurostat,LT,LTU,2000,1999,CP01,Food & non-alcoholic beverages,2424.1,8736.7,27.746174184760836,,27.7,0.04617418476083657,,False,False
Eurostat,LT,LTU,2000,1999,CP04,Housing & utilities (incl. imputed rent),1458.7,8736.7,16.6962354206966,8.655441986104593,16.7,-0.0037645793034002395,,False,False
Eurostat,LT,LTU,2001,1999,CP01,Food & non-alcoholic beverages,2607.6,9349.5,27.890261511310765,,27.9,-0.009738488689233549,,False,False
Eurostat,LT,LTU,2001,1999,CP04,Housing & utilities (incl. imputed rent),1444.0,9349.5,15.444676185892295,7.714851061554093,15.4,0.044676185892294384,,False,False
Eurostat,LT,LTU,2002,1999,CP01,Food & non-alcoholic beverages,2705.7,9896.4,27.34024493755305,,27.3,0.04024493755304803,,False,False
Eurostat,LT,LTU,2002,1999,CP04,Housing & utilities (incl. imputed rent),1564.4,9896.4,15.80776848146801,7.544157471403744,15.8,0.007768481468009014,,False,False
Eurostat,LT,LTU,2003,1999,CP01,Food & non-alcoholic beverages,2958.6,10802.1,27.389118782458965,,27.4,-0.01088121754103355,,False,False
Eurostat,LT,LTU,2003,1999,CP04,Housing & utilities (incl. imputed rent),1604.5,10802.1,14.853593282787605,7.075476064839243,14.9,-0.04640671721239542,,False,False
Eurostat,LT,LTU,2004,1999,CP01,Food & non-alcoholic beverages,3233.1,11915.8,27.13288239144665,,27.1,0.032882391446648285,,False,False
Eurostat,LT,LTU,2004,1999,CP04,Housing & utilities (incl. imputed rent),1745.7,11915.8,14.65029624532134,6.913509793719264,14.7,-0.04970375467866006,,False,False
Eurostat,LT,LTU,2005,1999,CP01,Food & non-alcoholic beverages,3463.2,13623.8,25.42022049648409,,25.4,0.020220496484093076,,False,False
Eurostat,LT,LTU,2005,1999,CP04,Housing & utilities (incl. imputed rent),1993.5,13623.8,14.632481392856619,6.833629383872342,14.6,0.032481392856618996,,False,False
Eurostat,LT,LTU,2006,1999,CP01,Food & non-alcoholic beverages,3714.6,15453.0,24.03805086390992,,24.0,0.03805086390991974,,False,False
Eurostat,LT,LTU,2006,1999,CP04,Housing & utilities (incl. imputed rent),2268.2,15453.0,14.678056040898207,7.070471753057658,14.7,-0.021943959101792032,,False,False
Eurostat,LT,LTU,2007,1999,CP01,Food & non-alcoholic beverages,4322.0,18145.5,23.818577608773523,,23.8,0.01857760877352277,,False,False
Eurostat,LT,LTU,2007,1999,CP04,Housing & utilities (incl. imputed rent),2574.2,18145.5,14.186437408723926,7.15439089581439,14.2,-0.013562591276073732,,False,False
Eurostat,LT,LTU,2008,1999,CP01,Food & non-alcoholic beverages,5174.5,20738.5,24.951177761168843,,25.0,-0.048822238831156994,,False,False
Eurostat,LT,LTU,2008,1999,CP04,Housing & utilities (incl. imputed rent),3076.8,20738.5,14.836174265255444,6.835113436362321,14.8,0.036174265255443316,,False,False
Eurostat,LT,LTU,2009,1999,CP01,Food & non-alcoholic beverages,4573.9,17966.8,25.457510519402454,,25.5,-0.04248948059754554,,False,False
Eurostat,LT,LTU,2009,1999,CP04,Housing & utilities (incl. imputed rent),2914.5,17966.8,16.221586481732974,6.849856401807779,16.2,0.021586481732974505,,False,False
Eurostat,LT,LTU,2010,1999,CP01,Food & non-alcoholic beverages,4221.1,17648.6,23.917477873599044,,23.9,0.01747787359904507,,False,False
Eurostat,LT,LTU,2010,1999,CP04,Housing & utilities (incl. imputed rent),2902.0,17648.6,16.44323062452546,6.695715240868965,16.4,0.043230624525460115,,False,False
Eurostat,LT,LTU,2011,1999,CP01,Food & non-alcoholic beverages,4650.6,19314.6,24.07815849150384,,24.1,-0.02184150849616273,,False,False
Eurostat,LT,LTU,2011,1999,CP04,Housing & utilities (incl. imputed rent),3237.5,19314.6,16.76193138869042,6.439170368529506,16.8,-0.038068611309579836,,False,False
Eurostat,LT,LTU,2012,1999,CP01,Food & non-alcoholic beverages,4927.7,20529.0,24.003604656826926,,24.0,0.0036046568269263446,,False,False
Eurostat,LT,LTU,2012,1999,CP04,Housing & utilities (incl. imputed rent),3478.1,20529.0,16.9423742023479,6.664718203516975,16.9,0.04237420234790079,,False,False
Eurostat,LT,LTU,2013,1999,CP01,Food & non-alcoholic beverages,5082.0,21377.8,23.77232456099318,,23.8,-0.027675439006820568,,False,False
Eurostat,LT,LTU,2013,1999,CP04,Housing & utilities (incl. imputed rent),3621.4,21377.8,16.940003180869876,6.9890259989334735,16.9,0.04000318086987775,,False,False
Eurostat,LT,LTU,2014,1999,CP01,Food & non-alcoholic beverages,5116.3,22241.0,23.003911694618047,,23.0,0.003911694618047079,,False,False
Eurostat,LT,LTU,2014,1999,CP04,Housing & utilities (incl. imputed rent),3736.0,22241.0,16.797805854053323,7.164695832021942,16.8,-0.0021941459466781055,,False,False
Eurostat,LT,LTU,2015,1999,CP01,Food & non-alcoholic beverages,5189.2,22937.6,22.62311662946429,,22.6,0.02311662946428683,,False,False
Eurostat,LT,LTU,2015,1999,CP04,Housing & utilities (incl. imputed rent),3650.4,22937.6,15.914481026785715,7.122802734375,15.9,0.014481026785714946,,False,False
Eurostat,LT,LTU,2016,1999,CP01,Food & non-alcoholic beverages,5345.0,24056.8,22.21825014133218,,22.2,0.018250141332181613,,False,False
Eurostat,LT,LTU,2016,1999,CP04,Housing & utilities (incl. imputed rent),3864.7,24056.8,16.064896411825348,7.230803764424196,16.1,-0.03510358817465331,,False,False
Eurostat,LT,LTU,2017,1999,CP01,Food & non-alcoholic beverages,5561.3,25725.4,21.617934026293078,,21.6,0.0179340262930765,,False,False
Eurostat,LT,LTU,2017,1999,CP04,Housing & utilities (incl. imputed rent),3982.1,25725.4,15.479253966896527,7.374423721302681,15.5,-0.020746033103472783,,False,False
Eurostat,LT,LTU,2018,1999,CP01,Food & non-alcoholic beverages,5661.1,27319.2,20.722056282760843,,20.7,0.02205628276084326,,False,False
Eurostat,LT,LTU,2018,1999,CP04,Housing & utilities (incl. imputed rent),4212.5,27319.2,15.419558405809832,7.380157544876862,15.4,0.019558405809831925,,False,False
Eurostat,LT,LTU,2019,1999,CP01,Food & non-alcoholic beverages,5772.8,28656.4,20.144889099817142,,20.1,0.04488909981714073,,False,False
Eurostat,LT,LTU,2019,1999,CP04,Housing & utilities (incl. imputed rent),4369.1,28656.4,15.246506888513562,7.55433341243143,15.2,0.04650688851356222,,False,False
Eurostat,LT,LTU,2020,1999,CP01,Food & non-alcoholic beverages,6119.3,28068.4,21.801385187613114,,21.8,0.0013851876131134588,,False,False
Eurostat,LT,LTU,2020,1999,CP04,Housing & utilities (incl. imputed rent),4507.2,28068.4,16.057915663165694,8.51063829787234,16.1,-0.04208433683430712,,False,False
Eurostat,LT,LTU,2021,1999,CP01,Food & non-alcoholic beverages,6451.2,31730.1,20.331483354921666,,20.3,0.031483354921665097,,False,False
Eurostat,LT,LTU,2021,1999,CP04,Housing & utilities (incl. imputed rent),5086.7,31730.1,16.031150232744302,8.288344505690182,16.0,0.031150232744302286,,False,False
Eurostat,LT,LTU,2022,1999,CP01,Food & non-alcoholic beverages,7357.9,38343.5,19.189432367937197,,19.2,-0.01056763206280209,,False,False
Eurostat,LT,LTU,2022,1999,CP04,Housing & utilities (incl. imputed rent),6457.2,38343.5,16.840403197412858,8.231382111700809,16.8,0.04040319741285714,,False,False
Eurostat,LT,LTU,2023,1999,CP01,Food & non-alcoholic beverages,7884.4,41665.1,18.923271515008963,,18.9,0.023271515008964627,,False,False
Eurostat,LT,LTU,2023,1999,CP04,Housing & utilities (incl. imputed rent),6894.6,41665.1,16.547662192098425,8.500639624049864,16.5,0.04766219209842504,,False,False
Eurostat,LT,LTU,2024,1999,CP01,Food & non-alcoholic beverages,,,,,,,,False,False
Eurostat,LT,LTU,2024,1999,CP04,Housing & utilities (incl. imputed rent),,,,,,,,False,False
Eurostat,LT,LTU,2025,1999,CP01,Food & non-alcoholic beverages,,,,,,,,False,False
Eurostat,LT,LTU,2025,1999,CP04,Housing & utilities (incl. imputed rent),,,,,,,,False,False
Eurostat,LU,LUX,1995,2018,CP01,Food & non-alcoholic beverages,760.1,7291.2,10.424895764757517,,10.4,0.02489576475751676,,False,True
Eurostat,LU,LUX,1995,2018,CP04,Housing & utilities (incl. imputed rent),1576.0,7291.2,21.615097651964014,13.277649769585253,21.6,0.01509765196401247,,False,True
Eurostat,LU,LUX,1996,2018,CP01,Food & non-alcoholic beverages,783.6,7603.9,10.305238101500546,,10.3,0.005238101500545156,,False,True
Eurostat,LU,LUX,1996,2018,CP04,Housing & utilities (incl. imputed rent),1611.1,7603.9,21.187811517773774,12.985441681242522,21.2,-0.012188482226225261,,False,True
Eurostat,LU,LUX,1997,2018,CP01,Food & non-alcoholic beverages,807.9,8034.9,10.054885561736922,,10.1,-0.04511443826307726,,False,True
Eurostat,LU,LUX,1997,2018,CP04,Housing & utilities (incl. imputed rent),1656.1,8034.9,20.61133305952781,12.733201408853875,20.6,0.011333059527807166,,False,True
Eurostat,LU,LUX,1998,2018,CP01,Food & non-alcoholic beverages,827.8,8454.6,9.7911196271852,,9.8,-0.008880372814800808,,False,True
Eurostat,LU,LUX,1998,2018,CP04,Housing & utilities (incl. imputed rent),1739.9,8454.6,20.57932959572304,12.974002318264613,20.6,-0.020670404276962984,,False,True
Eurostat,LU,LUX,1999,2018,CP01,Food & non-alcoholic beverages,848.8,9210.2,9.215869362228831,,9.2,0.015869362228832173,,False,True
Eurostat,LU,LUX,1999,2018,CP04,Housing & utilities (incl. imputed rent),1841.0,9210.2,19.988708171375215,12.70439295563614,20.0,-0.011291828624784728,,False,True
Eurostat,LU,LUX,2000,2018,CP01,Food & non-alcoholic beverages,881.8,10229.2,8.62041997419153,,8.6,0.020419974191529633,,False,True
Eurostat,LU,LUX,2000,2018,CP04,Housing & utilities (incl. imputed rent),2069.6,10229.2,20.232276228835097,12.831893012161261,20.2,0.03227622883509795,,False,True
Eurostat,LU,LUX,2001,2018,CP01,Food & non-alcoholic beverages,927.4,10557.5,8.784276580629884,,8.8,-0.015723419370116787,,False,True
Eurostat,LU,LUX,2001,2018,CP04,Housing & utilities (incl. imputed rent),2250.9,10557.5,21.320388349514563,13.77883021548662,21.3,0.02038834951456181,,False,True
Eurostat,LU,LUX,2002,2018,CP01,Food & non-alcoholic beverages,976.8,11308.9,8.63744484432615,,8.6,0.03744484432615103,,False,True
Eurostat,LU,LUX,2002,2018,CP04,Housing & utilities (incl. imputed rent),2425.2,11308.9,21.445056548382247,14.078292318439459,21.4,0.04505654838224871,,False,True
Eurostat,LU,LUX,2003,2018,CP01,Food & non-alcoholic beverages,1030.9,11758.0,8.767647559108694,,8.8,-0.032352440891306955,,False,True
Eurostat,LU,LUX,2003,2018,CP04,Housing & utilities (incl. imputed rent),2501.7,11758.0,21.276577649260076,13.928389181833644,21.3,-0.02342235073992427,,False,True
Eurostat,LU,LUX,2004,2018,CP01,Food & non-alcoholic beverages,1046.0,12415.5,8.424952680117595,,8.4,0.024952680117594994,,False,True
Eurostat,LU,LUX,2004,2018,CP04,Housing & utilities (incl. imputed rent),2592.7,12415.5,20.88276750835649,13.571744996174138,20.9,-0.01723249164350804,,False,True
Eurostat,LU,LUX,2005,2018,CP01,Food & non-alcoholic beverages,1089.7,12690.4,8.586805774443675,,8.6,-0.013194225556324213,,False,True
Eurostat,LU,LUX,2005,2018,CP04,Housing & utilities (incl. imputed rent),2712.1,12690.4,21.37127277311984,13.646535964193408,21.4,-0.028727226880157275,,False,True
Eurostat,LU,LUX,2006,2018,CP01,Food & non-alcoholic beverages,1133.2,13189.1,8.59194334715788,,8.6,-0.00805665284211976,,False,True
Eurostat,LU,LUX,2006,2018,CP04,Housing & utilities (incl. imputed rent),2851.5,13189.1,21.620125709866482,13.53996861044347,21.6,0.020125709866480435,,False,True
Eurostat,LU,LUX,2007,2018,CP01,Food & non-alcoholic beverages,1198.0,13735.5,8.721924939026609,,8.7,0.021924939026609636,,False,True
Eurostat,LU,LUX,2007,2018,CP04,Housing & utilities (incl. imputed rent),2976.8,13735.5,21.67230898037931,13.576498853336243,21.7,-0.027691019620689872,,False,True
Eurostat,LU,LUX,2008,2018,CP01,Food & non-alcoholic beverages,1262.4,14479.9,8.718292253399541,,8.7,0.01829225339954199,,False,True
Eurostat,LU,LUX,2008,2018,CP04,Housing & utilities (incl. imputed rent),3144.2,14479.9,21.71423835799971,13.51943038280651,21.7,0.014238357999712292,,False,True
Eurostat,LU,LUX,2009,2018,CP01,Food & non-alcoholic beverages,1293.8,14490.9,8.928361937491806,,8.9,0.028361937491805378,,False,True
Eurostat,LU,LUX,2009,2018,CP04,Housing & utilities (incl. imputed rent),3185.4,14490.9,21.98207150694574,14.008791724461558,22.0,-0.01792849305426003,,False,True
Eurostat,LU,LUX,2010,2018,CP01,Food & non-alcoholic beverages,1325.0,15189.9,8.722901401589214,,8.7,0.022901401589214387,,False,True
Eurostat,LU,LUX,2010,2018,CP04,Housing & utilities (incl. imputed rent),3377.7,15189.9,22.23648608614935,13.697917695310698,22.2,0.036486086149349006,,False,True
Eurostat,LU,LUX,2011,2018,CP01,Food & non-alcoholic beverages,1384.3,16143.2,8.575127607909213,,8.6,-0.024872392090786732,,False,True
Eurostat,LU,LUX,2011,2018,CP04,Housing & utilities (incl. imputed rent),3543.0,16143.2,21.947321472818277,13.244585955696515,21.9,0.04732147281827892,,False,True
Eurostat,LU,LUX,2012,2018,CP01,Food & non-alcoholic beverages,1425.9,16878.9,8.447825391465082,,8.4,0.047825391465082134,,False,True
Eurostat,LU,LUX,2012,2018,CP04,Housing & utilities (incl. imputed rent),3773.4,16878.9,22.35572223308391,13.304776970063212,22.4,-0.04427776691608898,,False,True
Eurostat,LU,LUX,2013,2018,CP01,Food & non-alcoholic beverages,1473.2,17153.5,8.588334742180896,,8.6,-0.011665257819103658,,False,True
Eurostat,LU,LUX,2013,2018,CP04,Housing & utilities (incl. imputed rent),3979.5,17153.5,23.199347072026118,13.312735010347742,23.2,-0.0006529279738813898,,False,True
Eurostat,LU,LUX,2014,2018,CP01,Food & non-alcoholic beverages,1515.8,17949.8,8.444662336070596,,8.4,0.044662336070596,,False,True
Eurostat,LU,LUX,2014,2018,CP04,Housing & utilities (incl. imputed rent),4221.8,17949.8,23.52003922049271,13.101538735807642,23.5,0.02003922049270912,,False,True
Eurostat,LU,LUX,2015,2018,CP01,Food & non-alcoholic beverages,1640.7,18148.2,9.040566006546104,,9.0,0.040566006546104205,,False,True
Eurostat,LU,LUX,2015,2018,CP04,Housing & utilities (incl. imputed rent),4315.3,18148.2,23.778115735995854,13.206819409087403,23.8,-0.02188426400414656,,False,True
Eurostat,LU,LUX,2016,2018,CP01,Food & non-alcoholic beverages,1722.1,18899.3,9.111977692295483,,9.1,0.011977692295483067,,False,True
Eurostat,LU,LUX,2016,2018,CP04,Housing & utilities (incl. imputed rent),4450.2,18899.3,23.54690385358188,13.053922632055157,23.5,0.046903853581881094,,False,True
Eurostat,LU,LUX,2017,2018,CP01,Food & non-alcoholic beverages,1761.8,19777.3,8.908192726004055,,8.9,0.008192726004054407,,False,True
Eurostat,LU,LUX,2017,2018,CP04,Housing & utilities (incl. imputed rent),4591.5,19777.3,23.21601027440551,12.956773674869673,23.2,0.016010274405509506,,False,True
Eurostat,LU,LUX,2018,2018,CP01,Food & non-alcoholic beverages,1826.3,20910.8,8.733764370564492,,8.7,0.03376437056449255,,False,True
Eurostat,LU,LUX,2018,2018,CP04,Housing & utilities (incl. imputed rent),4726.3,20910.8,22.60219599441437,12.587275474874227,22.6,0.00219599441436813,,False,True
Eurostat,LU,LUX,2019,2018,CP01,Food & non-alcoholic beverages,1864.8,21666.6,8.60679571321758,,8.6,0.0067957132175795465,,False,True
Eurostat,LU,LUX,2019,2018,CP04,Housing & utilities (incl. imputed rent),4807.7,21666.6,22.189452890624278,12.440807510176956,22.2,-0.010547109375721675,,False,True
Eurostat,LU,LUX,2020,2018,CP01,Food & non-alcoholic beverages,2100.7,20369.5,10.31296791772012,,10.3,0.01296791772012007,,False,True
Eurostat,LU,LUX,2020,2018,CP04,Housing & utilities (incl. imputed rent),4926.7,20369.5,24.186651611477945,13.590907975158938,24.2,-0.013348388522054222,,False,True
Eurostat,LU,LUX,2021,2018,CP01,Food & non-alcoholic beverages,2215.0,22976.1,9.640452470175532,,9.6,0.04045247017553244,,False,True
Eurostat,LU,LUX,2021,2018,CP04,Housing & utilities (incl. imputed rent),5084.9,22976.1,22.131258133451716,12.396794930384184,22.1,0.0312581334517148,,False,True
Eurostat,LU,LUX,2022,2018,CP01,Food & non-alcoholic beverages,2426.0,25347.4,9.571001365031522,,9.6,-0.028998634968477432,,False,True
Eurostat,LU,LUX,2022,2018,CP04,Housing & utilities (incl. imputed rent),5396.0,25347.4,21.288179458248184,11.496248135903485,21.3,-0.011820541751816904,,False,True
Eurostat,LU,LUX,2023,2018,CP01,Food & non-alcoholic beverages,2616.9,27240.7,9.60658132867364,,9.6,0.00658132867364003,,False,True
Eurostat,LU,LUX,2023,2018,CP04,Housing & utilities (incl. imputed rent),5545.8,27240.7,20.35850767417871,11.06946590946635,20.4,-0.041492325821288034,,False,True
Eurostat,LU,LUX,2024,2018,CP01,Food & non-alcoholic beverages,2712.5,29077.6,9.328486532588661,,9.3,0.028486532588660296,,False,True
Eurostat,LU,LUX,2024,2018,CP04,Housing & utilities (incl. imputed rent),5792.2,29077.6,19.919800808870058,10.657344485101936,19.9,0.019800808870058972,,False,True
Eurostat,LU,LUX,2025,2018,CP01,Food & non-alcoholic beverages,,,,,,,,False,True
Eurostat,LU,LUX,2025,2018,CP04,Housing & utilities (incl. imputed rent),,,,,,,,False,True
Eurostat,LV,LVA,1995,2018,CP01,Food & non-alcoholic beverages,922.9,2594.5,35.57140104066294,,35.6,-0.028598959337060137,,False,False
Eurostat,LV,LVA,1995,2018,CP04,Housing & utilities (incl. imputed rent),398.6,2594.5,15.363268452495666,5.184043168240509,15.4,-0.03673154750433483,,False,False
Eurostat,LV,LVA,1996,2018,CP01,Food & non-alcoholic beverages,1057.0,2997.9,35.258013943093495,,35.3,-0.041986056906502256,,False,False
Eurostat,LV,LVA,1996,2018,CP04,Housing & utilities (incl. imputed rent),496.4,2997.9,16.55825744687948,4.7833483438406885,16.6,-0.04174255312052111,,False,False
Eurostat,LV,LVA,1997,2018,CP01,Food & non-alcoholic beverages,1083.5,3443.4,31.46599291398037,,31.5,-0.034007086019631316,,False,False
Eurostat,LV,LVA,1997,2018,CP04,Housing & utilities (incl. imputed rent),576.3,3443.4,16.736365220421675,4.76563861299878,16.7,0.03636522042167556,,False,False
Eurostat,LV,LVA,1998,2018,CP01,Food & non-alcoholic beverages,1073.5,3655.9,29.363494625126506,,29.4,-0.03650537487349226,,False,False
Eurostat,LV,LVA,1998,2018,CP04,Housing & utilities (incl. imputed rent),647.7,3655.9,17.71656773981783,5.489756284362263,17.7,0.01656773981783033,,False,False
Eurostat,LV,LVA,1999,2018,CP01,Food & non-alcoholic beverages,1026.3,3862.9,26.56812239509177,,26.6,-0.03187760490823166,,False,False
Eurostat,LV,LVA,1999,2018,CP04,Housing & utilities (incl. imputed rent),702.9,3862.9,18.196173859017836,5.713324186492014,18.2,-0.00382614098216294,,False,False
Eurostat,LV,LVA,2000,2018,CP01,Food & non-alcoholic beverages,1054.2,4079.0,25.844569747487128,,25.8,0.04456974748712739,,False,False
Eurostat,LV,LVA,2000,2018,CP04,Housing & utilities (incl. imputed rent),674.5,4079.0,16.535915665604314,5.768570728119638,16.5,0.03591566560431403,,False,False
Eurostat,LV,LVA,2001,2018,CP01,Food & non-alcoholic beverages,1126.4,4417.0,25.501471587050034,,25.5,0.0014715870500339179,,False,False
Eurostat,LV,LVA,2001,2018,CP04,Housing & utilities (incl. imputed rent),723.5,4417.0,16.37989585691646,5.929363821598369,16.4,-0.020104143083539583,,False,False
Eurostat,LV,LVA,2002,2018,CP01,Food & non-alcoholic beverages,1285.6,4883.7,26.324303294633168,,26.3,0.024303294633167383,,False,False
Eurostat,LV,LVA,2002,2018,CP04,Housing & utilities (incl. imputed rent),764.2,4883.7,15.647971824641155,6.085549890451912,15.6,0.04797182464115579,,False,False
Eurostat,LV,LVA,2003,2018,CP01,Food & non-alcoholic beverages,1350.4,5458.6,24.73894405158832,,24.7,0.03894405158832015,,False,False
Eurostat,LV,LVA,2003,2018,CP04,Housing & utilities (incl. imputed rent),822.9,5458.6,15.07529403143663,6.151760524676657,15.1,-0.02470596856336904,,False,False
Eurostat,LV,LVA,2004,2018,CP01,Food & non-alcoholic beverages,1526.3,6389.5,23.887628139917048,,23.9,-0.012371860082950548,,False,False
Eurostat,LV,LVA,2004,2018,CP04,Housing & utilities (incl. imputed rent),932.3,6389.5,14.591126066202362,6.557633617653963,14.6,-0.00887393379763779,,False,False
Eurostat,LV,LVA,2005,2018,CP01,Food & non-alcoholic beverages,1719.4,7633.7,22.523808900009172,,22.5,0.023808900009171907,,False,False
Eurostat,LV,LVA,2005,2018,CP04,Housing & utilities (incl. imputed rent),1086.3,7633.7,14.230320814284031,6.904908497845081,14.2,0.030320814284031883,,False,False
Eurostat,LV,LVA,2006,2018,CP01,Food & non-alcoholic beverages,1989.1,9874.3,20.144212754321824,,20.1,0.0442127543218227,,False,False
Eurostat,LV,LVA,2006,2018,CP04,Housing & utilities (incl. imputed rent),1393.1,9874.3,14.108341857144305,7.333178048064168,14.1,0.008341857144305465,,False,False
Eurostat,LV,LVA,2007,2018,CP01,Food & non-alcoholic beverages,2449.3,12231.1,20.02518170892234,,20.0,0.025181708922339396,,False,False
Eurostat,LV,LVA,2007,2018,CP04,Housing & utilities (incl. imputed rent),1794.7,12231.1,14.673250974973634,7.952678009336854,14.7,-0.026749025026365558,,False,False
Eurostat,LV,LVA,2008,2018,CP01,Food & non-alcoholic beverages,2638.2,12763.4,20.67004089819327,,20.7,-0.029959101806728228,,False,False
Eurostat,LV,LVA,2008,2018,CP04,Housing & utilities (incl. imputed rent),2191.2,12763.4,17.16783929047119,9.087703903348638,17.2,-0.032160709528810116,,False,False
Eurostat,LV,LVA,2009,2018,CP01,Food & non-alcoholic beverages,2234.9,10679.8,20.92642184310568,,20.9,0.02642184310568041,,False,False
Eurostat,LV,LVA,2009,2018,CP04,Housing & utilities (incl. imputed rent),2037.4,10679.8,19.07713627596023,9.81759958051649,19.1,-0.022863724039773103,,False,False
Eurostat,LV,LVA,2010,2018,CP01,Food & non-alcoholic beverages,2274.5,10875.0,20.914942528735633,,20.9,0.014942528735634397,,False,False
Eurostat,LV,LVA,2010,2018,CP04,Housing & utilities (incl. imputed rent),2008.3,10875.0,18.46712643678161,9.415172413793103,18.5,-0.03287356321839141,,False,False
Eurostat,LV,LVA,2011,2018,CP01,Food & non-alcoholic beverages,2391.7,11393.0,20.992714824892474,,21.0,-0.007285175107526243,,False,False
Eurostat,LV,LVA,2011,2018,CP04,Housing & utilities (incl. imputed rent),2094.0,11393.0,18.379706837531817,9.502325989642763,18.4,-0.02029316246818169,,False,False
Eurostat,LV,LVA,2012,2018,CP01,Food & non-alcoholic beverages,2605.6,12354.7,21.08994957384639,,21.1,-0.010050426153611625,,False,False
Eurostat,LV,LVA,2012,2018,CP04,Housing & utilities (incl. imputed rent),2275.6,12354.7,18.41890130881365,9.303342047965552,18.4,0.01890130881364982,,False,False
Eurostat,LV,LVA,2013,2018,CP01,Food & non-alcoholic beverages,2845.5,13293.8,21.40471497991545,,21.4,0.004714979915451778,,False,False
Eurostat,LV,LVA,2013,2018,CP04,Housing & utilities (incl. imputed rent),2284.1,13293.8,17.18169372188539,9.261460229580708,17.2,-0.01830627811460772,,False,False
Eurostat,LV,LVA,2014,2018,CP01,Food & non-alcoholic beverages,2809.8,13610.3,20.64465882456669,,20.6,0.04465882456668879,,False,False
Eurostat,LV,LVA,2014,2018,CP04,Housing & utilities (incl. imputed rent),2374.0,13610.3,17.442672093928863,9.455338971220327,17.4,0.042672093928864285,,False,False
Eurostat,LV,LVA,2015,2018,CP01,Food & non-alcoholic beverages,2684.6,13970.7,19.21593048308245,,19.2,0.015930483082449598,,False,False
Eurostat,LV,LVA,2015,2018,CP04,Housing & utilities (incl. imputed rent),2362.1,13970.7,16.907527897671553,9.1641793181444,16.9,0.007527897671554484,,False,False
Eurostat,LV,LVA,2016,2018,CP01,Food & non-alcoholic beverages,2733.6,14554.8,18.7814329293429,,18.8,-0.01856707065710239,,False,False
Eurostat,LV,LVA,2016,2018,CP04,Housing & utilities (incl. imputed rent),2442.4,14554.8,16.78071838843543,9.213455354934455,16.8,-0.01928161156456909,,False,False
Eurostat,LV,LVA,2017,2018,CP01,Food & non-alcoholic beverages,2867.2,15356.4,18.671042692297675,,18.7,-0.028957307702324186,,False,False
Eurostat,LV,LVA,2017,2018,CP04,Housing & utilities (incl. imputed rent),2458.0,15356.4,16.006355656273605,8.663488838529865,16.0,0.006355656273605348,,False,False
Eurostat,LV,LVA,2018,2018,CP01,Food & non-alcoholic beverages,3096.3,16356.3,18.930320426991436,,18.9,0.030320426991437444,,False,False
Eurostat,LV,LVA,2018,2018,CP04,Housing & utilities (incl. imputed rent),2618.4,16356.3,16.00851048219952,8.541051460293588,16.0,0.008510482199518776,,False,False
Eurostat,LV,LVA,2019,2018,CP01,Food & non-alcoholic beverages,3199.9,16874.9,18.96248274063846,,19.0,-0.0375172593615396,,False,False
Eurostat,LV,LVA,2019,2018,CP04,Housing & utilities (incl. imputed rent),2700.2,16874.9,16.00128000758523,8.847459836799032,16.0,0.0012800075852297255,,False,False
Eurostat,LV,LVA,2020,2018,CP01,Food & non-alcoholic beverages,3381.8,16078.5,21.033056566221976,,21.0,0.03305656622197617,,False,False
Eurostat,LV,LVA,2020,2018,CP04,Housing & utilities (incl. imputed rent),2769.9,16078.5,17.227353297882267,9.742202319868147,17.2,0.027353297882267924,,False,False
Eurostat,LV,LVA,2021,2018,CP01,Food & non-alcoholic beverages,3707.5,17607.3,21.056607202694337,,21.1,-0.04339279730566403,,False,False
Eurostat,LV,LVA,2021,2018,CP04,Housing & utilities (incl. imputed rent),3045.9,17607.3,17.299074815559457,9.097363025563261,17.3,-0.0009251844405433474,,False,False
Eurostat,LV,LVA,2022,2018,CP01,Food & non-alcoholic beverages,4281.6,21142.2,20.25144024746715,,20.3,-0.04855975253284939,,False,False
Eurostat,LV,LVA,2022,2018,CP04,Housing & utilities (incl. imputed rent),3606.5,21142.2,17.058300460689992,8.372354816433484,17.1,-0.04169953931000947,,False,False
Eurostat,LV,LVA,2023,2018,CP01,Food & non-alcoholic beverages,4631.0,22575.1,20.5137518770681,,20.5,0.013751877068099105,,False,False
Eurostat,LV,LVA,2023,2018,CP04,Housing & utilities (incl. imputed rent),3713.7,22575.1,16.450425468768685,8.696306993103022,16.5,-0.04957453123131472,,False,False
Eurostat,LV,LVA,2024,2018,CP01,Food & non-alcoholic beverages,4702.1,23442.2,20.058270981392532,,20.1,-0.04172901860746947,,False,False
Eurostat,LV,LVA,2024,2018,CP04,Housing & utilities (incl. imputed rent),3706.9,23442.2,15.812935645971796,8.978252894352918,15.8,0.01293564597179575,,False,False
Eurostat,LV,LVA,2025,2018,CP01,Food & non-alcoholic beverages,,,,,,,,False,False
Eurostat,LV,LVA,2025,2018,CP04,Housing & utilities (incl. imputed rent),,,,,,,,False,False
Eurostat,ME,MNE,1995,2018,CP01,Food & non-alcoholic beverages,,,,,,,,False,False
Eurostat,ME,MNE,1995,2018,CP04,Housing & utilities (incl. imputed rent),,,,,,,,False,False
Eurostat,ME,MNE,1996,2018,CP01,Food & non-alcoholic beverages,,,,,,,,False,False
Eurostat,ME,MNE,1996,2018,CP04,Housing & utilities (incl. imputed rent),,,,,,,,False,False
Eurostat,ME,MNE,1997,2018,CP01,Food & non-alcoholic beverages,,,,,,,,False,False
Eurostat,ME,MNE,1997,2018,CP04,Housing & utilities (incl. imputed rent),,,,,,,,False,False
Eurostat,ME,MNE,1998,2018,CP01,Food & non-alcoholic beverages,,,,,,,,False,False
Eurostat,ME,MNE,1998,2018,CP04,Housing & utilities (incl. imputed rent),,,,,,,,False,False
Eurostat,ME,MNE,1999,2018,CP01,Food & non-alcoholic beverages,,,,,,,,False,False
Eurostat,ME,MNE,1999,2018,CP04,Housing & utilities (incl. imputed rent),,,,,,,,False,False
Eurostat,ME,MNE,2000,2018,CP01,Food & non-alcoholic beverages,,,,,,,,False,False
Eurostat,ME,MNE,2000,2018,CP04,Housing & utilities (incl. imputed rent),,,,,,,,False,False
Eurostat,ME,MNE,2001,2018,CP01,Food & non-alcoholic beverages,,,,,,,,False,False
Eurostat,ME,MNE,2001,2018,CP04,Housing & utilities (incl. imputed rent),,,,,,,,False,False
Eurostat,ME,MNE,2002,2018,CP01,Food & non-alcoholic beverages,,,,,,,,False,False
Eurostat,ME,MNE,2002,2018,CP04,Housing & utilities (incl. imputed rent),,,,,,,,False,False
Eurostat,ME,MNE,2003,2018,CP01,Food & non-alcoholic beverages,,,,,,,,False,False
Eurostat,ME,MNE,2003,2018,CP04,Housing & utilities (incl. imputed rent),,,,,,,,False,False
Eurostat,ME,MNE,2004,2018,CP01,Food & non-alcoholic beverages,,,,,,,,False,False
Eurostat,ME,MNE,2004,2018,CP04,Housing & utilities (incl. imputed rent),,,,,,,,False,False
Eurostat,ME,MNE,2005,2018,CP01,Food & non-alcoholic beverages,,,,,,,,False,False
Eurostat,ME,MNE,2005,2018,CP04,Housing & utilities (incl. imputed rent),,,,,,,,False,False
Eurostat,ME,MNE,2006,2018,CP01,Food & non-alcoholic beverages,518.8,2278.4,22.77036516853932,,22.8,-0.029634831460679578,,False,False
Eurostat,ME,MNE,2006,2018,CP04,Housing & utilities (incl. imputed rent),308.3,2278.4,13.531425561797752,8.097787921348313,13.5,0.03142556179775191,,False,False
Eurostat,ME,MNE,2007,2018,CP01,Food & non-alcoholic beverages,601.1,2792.4,21.526285632430884,,21.5,0.02628563243088422,,False,False
Eurostat,ME,MNE,2007,2018,CP04,Housing & utilities (incl. imputed rent),330.9,2792.4,11.850021486892993,6.574989256553502,11.8,0.050021486892992684,,False,False
Eurostat,ME,MNE,2008,2018,CP01,Food & non-alcoholic beverages,820.4,3284.3,24.979447675303714,,25.0,-0.020552324696286206,,False,False
Eurostat,ME,MNE,2008,2018,CP04,Housing & utilities (incl. imputed rent),364.4,3284.3,11.095210547148554,5.718113448832324,11.1,-0.00478945285144583,,False,False
Eurostat,ME,MNE,2009,2018,CP01,Food & non-alcoholic beverages,790.6,2924.8,27.030908096280086,,27.0,0.030908096280086284,,False,False
Eurostat,ME,MNE,2009,2018,CP04,Housing & utilities (incl. imputed rent),391.1,2924.8,13.371854485776804,6.5884846827133465,13.4,-0.02814551422319589,,False,False
Eurostat,ME,MNE,2010,2018,CP01,Food & non-alcoholic beverages,797.2,3029.0,26.31891713436778,,26.3,0.018917134367779198,,False,False
Eurostat,ME,MNE,2010,2018,CP04,Housing & utilities (incl. imputed rent),407.2,3029.0,13.443380653681084,6.05480356553318,13.4,0.04338065368108346,,False,False
Eurostat,ME,MNE,2011,2018,CP01,Food & non-alcoholic beverages,804.0,3193.2,25.178504321683583,,25.2,-0.02149567831641619,,False,False
Eurostat,ME,MNE,2011,2018,CP04,Housing & utilities (incl. imputed rent),426.0,3193.2,13.340849304772643,6.363522485281223,13.3,0.04084930477264237,,False,False
Eurostat,ME,MNE,2012,2018,CP01,Food & non-alcoholic beverages,762.9,3202.0,23.825733916302312,,23.8,0.025733916302311144,,False,False
Eurostat,ME,MNE,2012,2018,CP04,Housing & utilities (incl. imputed rent),443.8,3202.0,13.860087445346657,6.5427857589006875,13.9,-0.03991255465334298,,False,False
Eurostat,ME,MNE,2013,2018,CP01,Food & non-alcoholic beverages,786.7,3300.5,23.835782457203454,,23.8,0.03578245720345308,,False,False
Eurostat,ME,MNE,2013,2018,CP04,Housing & utilities (incl. imputed rent),461.7,3300.5,13.988789577336766,6.583850931677018,14.0,-0.011210422663234354,,False,False
Eurostat,ME,MNE,2014,2018,CP01,Food & non-alcoholic beverages,780.4,3373.9,23.130501793177032,,23.1,0.030501793177030834,,False,False
Eurostat,ME,MNE,2014,2018,CP04,Housing & utilities (incl. imputed rent),486.8,3373.9,14.428406295385162,6.879279172471027,14.4,0.02840629538516204,,False,False
Eurostat,ME,MNE,2015,2018,CP01,Food & non-alcoholic beverages,831.0,3570.3,23.275355012183848,,23.3,-0.024644987816152764,,False,False
Eurostat,ME,MNE,2015,2018,CP04,Housing & utilities (incl. imputed rent),500.6,3570.3,14.021230708904014,6.934991457300506,14.0,0.021230708904013795,,False,False
Eurostat,ME,MNE,2016,2018,CP01,Food & non-alcoholic beverages,855.6,3757.2,22.772277227722775,,22.8,-0.02772277227722597,,False,False
Eurostat,ME,MNE,2016,2018,CP04,Housing & utilities (incl. imputed rent),505.9,3757.2,13.464814223357822,6.765676567656766,13.5,-0.03518577664217837,,False,False
Eurostat,ME,MNE,2017,2018,CP01,Food & non-alcoholic beverages,921.9,4036.4,22.83965910217025,,22.8,0.039659102170247706,,False,False
Eurostat,ME,MNE,2017,2018,CP04,Housing & utilities (incl. imputed rent),517.0,4036.4,12.808443167178673,6.354672480428104,12.8,0.00844316717867244,,False,False
Eurostat,ME,MNE,2018,2018,CP01,Food & non-alcoholic beverages,910.0,4267.9,21.321961620469086,,21.3,0.02196162046908512,,False,False
Eurostat,ME,MNE,2018,2018,CP04,Housing & utilities (incl. imputed rent),528.0,4267.9,12.37142388528316,6.1060474706530155,12.4,-0.02857611471683974,,False,False
Eurostat,ME,MNE,2019,2018,CP01,Food & non-alcoholic beverages,914.5,4489.4,20.37020537265559,,20.4,-0.029794627344408298,,False,False
Eurostat,ME,MNE,2019,2018,CP04,Housing & utilities (incl. imputed rent),539.5,4489.4,12.017196061834545,5.96293491335145,12.0,0.017196061834544807,,False,False
Eurostat,ME,MNE,2020,2018,CP01,Food & non-alcoholic beverages,978.8,3439.2,28.460107001628288,,28.5,-0.03989299837171245,,False,False
Eurostat,ME,MNE,2020,2018,CP04,Housing & utilities (incl. imputed rent),559.9,3439.2,16.27994882530821,8.22865782740172,16.3,-0.020051174691790408,,False,False
Eurostat,ME,MNE,2021,2018,CP01,Food & non-alcoholic beverages,1001.2,4297.7,23.29618167857226,,23.3,-0.003818321427740301,,False,False
Eurostat,ME,MNE,2021,2018,CP04,Housing & utilities (incl. imputed rent),582.0,4297.7,13.542127184307887,6.51976638667194,13.5,0.04212718430788698,,False,False
Eurostat,ME,MNE,2022,2018,CP01,Food & non-alcoholic beverages,1308.8,5500.6,23.79376795258699,,23.8,-0.006232047413011088,,False,False
Eurostat,ME,MNE,2022,2018,CP04,Housing & utilities (incl. imputed rent),603.8,5500.6,10.97698432898229,5.479402247027596,11.0,-0.02301567101770985,,False,False
Eurostat,ME,MNE,2023,2018,CP01,Food & non-alcoholic beverages,1487.2,6642.4,22.38949777188968,,22.4,-0.010502228110318867,,False,False
Eurostat,ME,MNE,2023,2018,CP04,Housing & utilities (incl. imputed rent),724.0,6642.4,10.899674816331448,5.922558111525954,10.9,-0.0003251836685524978,,False,False
Eurostat,ME,MNE,2024,2018,CP01,Food & non-alcoholic beverages,1666.7,7302.6,22.82337797496782,,22.8,0.02337797496781846,,False,False
Eurostat,ME,MNE,2024,2018,CP04,Housing & utilities (incl. imputed rent),795.6,7302.6,10.894749815134336,5.921178758250486,10.9,-0.005250184865664309,,False,False
Eurostat,ME,MNE,2025,2018,CP01,Food & non-alcoholic beverages,,,,,,,,False,False
Eurostat,ME,MNE,2025,2018,CP04,Housing & utilities (incl. imputed rent),,,,,,,,False,False
Eurostat,MK,MKD,1995,1999,CP01,Food & non-alcoholic beverages,,,,,,,,False,False
Eurostat,MK,MKD,1995,1999,CP04,Housing & utilities (incl. imputed rent),,,,,,,,False,False
Eurostat,MK,MKD,1996,1999,CP01,Food & non-alcoholic beverages,,,,,,,,False,False
Eurostat,MK,MKD,1996,1999,CP04,Housing & utilities (incl. imputed rent),,,,,,,,False,False
Eurostat,MK,MKD,1997,1999,CP01,Food & non-alcoholic beverages,,,,,,,,False,False
Eurostat,MK,MKD,1997,1999,CP04,Housing & utilities (incl. imputed rent),,,,,,,,False,False
Eurostat,MK,MKD,1998,1999,CP01,Food & non-alcoholic beverages,,,,,,,,False,False
Eurostat,MK,MKD,1998,1999,CP04,Housing & utilities (incl. imputed rent),,,,,,,,False,False
Eurostat,MK,MKD,1999,1999,CP01,Food & non-alcoholic beverages,,,,,,,,False,False
Eurostat,MK,MKD,1999,1999,CP04,Housing & utilities (incl. imputed rent),,,,,,,,False,False
Eurostat,MK,MKD,2000,1999,CP01,Food & non-alcoholic beverages,51296.0,188387.7,27.228953907288002,,27.2,0.02895390728800251,,False,False
Eurostat,MK,MKD,2000,1999,CP04,Housing & utilities (incl. imputed rent),48828.0,188387.7,25.918889609034984,19.426162111432966,25.9,0.01888960903498571,,False,False
Eurostat,MK,MKD,2001,1999,CP01,Food & non-alcoholic beverages,47826.0,178641.4,26.772069632235308,,26.8,-0.02793036776469293,,False,False
Eurostat,MK,MKD,2001,1999,CP04,Housing & utilities (incl. imputed rent),50581.5,178641.4,28.314545228597627,21.609436558378967,28.3,0.014545228597626192,,False,False
Eurostat,MK,MKD,2002,1999,CP01,Food & non-alcoholic beverages,56306.7,197954.3,28.44429244527651,,28.4,0.044292445276511216,,False,False
Eurostat,MK,MKD,2002,1999,CP04,Housing & utilities (incl. imputed rent),52622.2,197954.3,26.583004259063834,19.790022242507487,26.6,-0.01699574093616718,,False,False
Eurostat,MK,MKD,2003,1999,CP01,Food & non-alcoholic beverages,62612.6,212760.1,29.428732172996718,,29.4,0.02873217299671893,,False,False
Eurostat,MK,MKD,2003,1999,CP04,Housing & utilities (incl. imputed rent),55191.5,212760.1,25.94071914799814,18.619327590088556,25.9,0.0407191479981428,,False,False
Eurostat,MK,MKD,2004,1999,CP01,Food & non-alcoholic beverages,68286.0,225795.4,30.242423007731777,,30.2,0.04242300773177732,,False,False
Eurostat,MK,MKD,2004,1999,CP04,Housing & utilities (incl. imputed rent),58719.3,225795.4,26.005534213717375,18.86088024822472,26.0,0.00553421371737528,,False,False
Eurostat,MK,MKD,2005,1999,CP01,Food & non-alcoholic beverages,75466.0,248072.4,30.42095775265608,,30.4,0.020957752656080686,,False,False
Eurostat,MK,MKD,2005,1999,CP04,Housing & utilities (incl. imputed rent),62031.7,248072.4,25.00548227049845,17.032124492688425,25.0,0.0054822704984509585,,False,False
Eurostat,MK,MKD,2006,1999,CP01,Food & non-alcoholic beverages,79609.0,264639.9,30.082009553359107,,30.1,-0.01799044664089422,,False,False
Eurostat,MK,MKD,2006,1999,CP04,Housing & utilities (incl. imputed rent),64821.4,264639.9,24.494190029545805,16.912415701487188,24.5,-0.005809970454194513,,False,False
Eurostat,MK,MKD,2007,1999,CP01,Food & non-alcoholic beverages,85030.4,289644.4,29.35682512763927,,29.4,-0.04317487236072992,,False,False
Eurostat,MK,MKD,2007,1999,CP04,Housing & utilities (incl. imputed rent),71730.1,289644.4,24.764884113071062,17.309500891437914,24.8,-0.03511588692893852,,False,False
Eurostat,MK,MKD,2008,1999,CP01,Food & non-alcoholic beverages,98907.6,327148.0,30.23328890899532,,30.2,0.033288908995320554,,False,False
Eurostat,MK,MKD,2008,1999,CP04,Housing & utilities (incl. imputed rent),81426.7,327148.0,24.88986636017949,17.371953978016066,24.9,-0.010133639820509188,,False,False
Eurostat,MK,MKD,2009,1999,CP01,Food & non-alcoholic beverages,99078.3,321824.3,30.786457082327225,,30.8,-0.013542917672776156,,False,False
Eurostat,MK,MKD,2009,1999,CP04,Housing & utilities (incl. imputed rent),76696.3,321824.3,23.83173054365379,16.353643898238886,23.8,0.03173054365379002,,False,False
Eurostat,MK,MKD,2010,1999,CP01,Food & non-alcoholic beverages,103219.0,332574.6,31.03634492832586,,31.0,0.03634492832586034,,False,False
Eurostat,MK,MKD,2010,1999,CP04,Housing & utilities (incl. imputed rent),82241.0,332574.6,24.728587210207877,17.23721534957871,24.7,0.02858721020787769,,False,False
Eurostat,MK,MKD,2011,1999,CP01,Food & non-alcoholic beverages,109470.0,348783.2,31.38625942992667,,31.4,-0.013740570073327518,,False,False
Eurostat,MK,MKD,2011,1999,CP04,Housing & utilities (incl. imputed rent),82843.5,348783.2,23.752147465818307,16.479864855876087,23.8,-0.04785253418169333,,False,False
Eurostat,MK,MKD,2012,1999,CP01,Food & non-alcoholic beverages,108282.5,346614.3,31.240055589166403,,31.2,0.040055589166403394,,False,False
Eurostat,MK,MKD,2012,1999,CP04,Housing & utilities (incl. imputed rent),88893.2,346614.3,25.646143277989395,17.25635670542156,25.6,0.046143277989393994,,False,False
Eurostat,MK,MKD,2013,1999,CP01,Food & non-alcoholic beverages,116724.3,364906.2,31.98748061830684,,32.0,-0.012519381693159914,,False,False
Eurostat,MK,MKD,2013,1999,CP04,Housing & utilities (incl. imputed rent),89202.4,364906.2,24.445295804784898,16.543429516955317,24.4,0.045295804784899474,,False,False
Eurostat,MK,MKD,2014,1999,CP01,Food & non-alcoholic beverages,116001.3,373270.2,31.077032133826915,,31.1,-0.02296786617308655,,False,False
Eurostat,MK,MKD,2014,1999,CP04,Housing & utilities (incl. imputed rent),91214.8,373270.2,24.436668129414027,15.8724162818248,24.4,0.03666812941402853,,False,False
Eurostat,MK,MKD,2015,1999,CP01,Food & non-alcoholic beverages,122289.9,388756.0,31.45672349751515,,31.5,-0.04327650248485071,,False,False
Eurostat,MK,MKD,2015,1999,CP04,Housing & utilities (incl. imputed rent),92054.1,388756.0,23.679145788103593,15.608942370021298,23.7,-0.020854211896406127,,False,False
Eurostat,MK,MKD,2016,1999,CP01,Food & non-alcoholic beverages,127525.3,401315.8,31.77679523208406,,31.8,-0.02320476791594217,,False,False
Eurostat,MK,MKD,2016,1999,CP04,Housing & utilities (incl. imputed rent),90755.7,401315.8,22.614534488799094,14.78743174328048,22.6,0.014534488799093026,,False,False
Eurostat,MK,MKD,2017,1999,CP01,Food & non-alcoholic beverages,130296.0,415539.8,31.355841245531717,,31.4,-0.0441587544682811,,False,False
Eurostat,MK,MKD,2017,1999,CP04,Housing & utilities (incl. imputed rent),89324.6,415539.8,21.496039609202295,13.865170075164885,21.5,-0.003960390797704605,,False,False
Eurostat,MK,MKD,2018,1999,CP01,Food & non-alcoholic beverages,135878.8,440200.0,30.867514766015447,,30.9,-0.03248523398455205,,False,False
Eurostat,MK,MKD,2018,1999,CP04,Housing & utilities (incl. imputed rent),97674.6,440200.0,22.188686960472516,14.693752839618357,22.2,-0.011313039527482971,,False,False
Eurostat,MK,MKD,2019,1999,CP01,Food & non-alcoholic beverages,140203.3,460331.0,30.45706241812956,,30.5,-0.042937581870440056,,False,False
Eurostat,MK,MKD,2019,1999,CP04,Housing & utilities (incl. imputed rent),99621.3,460331.0,21.641232069967046,14.506909158844397,21.6,0.04123206996704454,,False,False
Eurostat,MK,MKD,2020,1999,CP01,Food & non-alcoholic beverages,144514.1,443471.5,32.587009537253245,,32.6,-0.012990462746756748,,False,False
Eurostat,MK,MKD,2020,1999,CP04,Housing & utilities (incl. imputed rent),100161.3,443471.5,22.585735498222547,15.42561359636414,22.6,-0.014264501777454086,,False,False
Eurostat,MK,MKD,2021,1999,CP01,Food & non-alcoholic beverages,152027.0,498007.7,30.527038035757275,,30.5,0.02703803575727548,,False,False
Eurostat,MK,MKD,2021,1999,CP04,Housing & utilities (incl. imputed rent),114015.4,498007.7,22.89430464629362,15.536546924876863,22.9,-0.0056953537063790804,,False,False
Eurostat,MK,MKD,2022,1999,CP01,Food & non-alcoholic beverages,175318.4,572329.7,30.632413449800005,,30.6,0.03241344980000349,,False,False
Eurostat,MK,MKD,2022,1999,CP04,Housing & utilities (incl. imputed rent),138213.3,572329.7,24.14924474476862,16.383371332992155,24.1,0.049244744768618176,,False,False
Eurostat,MK,MKD,2023,1999,CP01,Food & non-alcoholic beverages,192102.6,619435.8,31.012511708235134,,31.0,0.012511708235134478,p,False,False
Eurostat,MK,MKD,2023,1999,CP04,Housing & utilities (incl. imputed rent),142153.9,619435.8,22.948931915139546,16.67736995504619,22.9,0.048931915139547755,p,False,False
Eurostat,MK,MKD,2024,1999,CP01,Food & non-alcoholic beverages,,,,,,,,False,False
Eurostat,MK,MKD,2024,1999,CP04,Housing & utilities (incl. imputed rent),,,,,,,,False,False
Eurostat,MK,MKD,2025,1999,CP01,Food & non-alcoholic beverages,,,,,,,,False,False
Eurostat,MK,MKD,2025,1999,CP04,Housing & utilities (incl. imputed rent),,,,,,,,False,False
Eurostat,MT,MLT,1995,2018,CP01,Food & non-alcoholic beverages,376.0,2293.1,16.397017138371638,,16.4,-0.002982861628360922,,False,False
Eurostat,MT,MLT,1995,2018,CP04,Housing & utilities (incl. imputed rent),264.7,2293.1,11.543325629061096,8.534298547817365,11.5,0.04332562906109594,,False,False
Eurostat,MT,MLT,1996,2018,CP01,Food & non-alcoholic beverages,398.6,2440.8,16.330711242215667,,16.3,0.030711242215666346,,False,False
Eurostat,MT,MLT,1996,2018,CP04,Housing & utilities (incl. imputed rent),275.4,2440.8,11.283185840707963,8.308751229105212,11.3,-0.016814159292037445,,False,False
Eurostat,MT,MLT,1997,2018,CP01,Food & non-alcoholic beverages,419.3,2587.2,16.206709956709958,,16.2,0.00670995670995822,,False,False
Eurostat,MT,MLT,1997,2018,CP04,Housing & utilities (incl. imputed rent),288.6,2587.2,11.154916512059371,8.143939393939394,11.2,-0.04508348794062833,,False,False
Eurostat,MT,MLT,1998,2018,CP01,Food & non-alcoholic beverages,419.7,2720.1,15.429579794860482,,15.4,0.029579794860481456,,False,False
Eurostat,MT,MLT,1998,2018,CP04,Housing & utilities (incl. imputed rent),302.7,2720.1,11.128267343112386,8.010734899452226,11.1,0.0282673431123861,,False,False
Eurostat,MT,MLT,1999,2018,CP01,Food & non-alcoholic beverages,442.5,2909.2,15.21036711123333,,15.2,0.010367111233330562,,False,False
Eurostat,MT,MLT,1999,2018,CP04,Housing & utilities (incl. imputed rent),312.8,2909.2,10.752096796370138,7.727210229616391,10.8,-0.047903203629863,,False,False
Eurostat,MT,MLT,2000,2018,CP01,Food & non-alcoholic beverages,452.1,3087.1,14.644812283372746,,14.6,0.04481228337274601,,False,False
Eurostat,MT,MLT,2000,2018,CP04,Housing & utilities (incl. imputed rent),329.6,3087.1,10.67668685821645,7.5248615205208775,10.7,-0.02331314178355015,,False,False
Eurostat,MT,MLT,2001,2018,CP01,Food & non-alcoholic beverages,483.3,3195.4,15.12486699630719,,15.1,0.024866996307190803,,False,False
Eurostat,MT,MLT,2001,2018,CP04,Housing & utilities (incl. imputed rent),344.5,3195.4,10.781122864117169,7.604681729986856,10.8,-0.018877135882831908,,False,False
Eurostat,MT,MLT,2002,2018,CP01,Food & non-alcoholic beverages,509.0,3213.7,15.838441671593491,,15.8,0.03844167159349077,,False,False
Eurostat,MT,MLT,2002,2018,CP04,Housing & utilities (incl. imputed rent),354.7,3213.7,11.037122320067212,7.7854186762921245,11.0,0.037122320067211945,,False,False
Eurostat,MT,MLT,2003,2018,CP01,Food & non-alcoholic beverages,535.2,3408.8,15.700539779394509,,15.7,0.0005397793945096652,,False,False
Eurostat,MT,MLT,2003,2018,CP04,Housing & utilities (incl. imputed rent),374.9,3408.8,10.998005163107251,7.715325041070171,11.0,-0.001994836892748708,,False,False
Eurostat,MT,MLT,2004,2018,CP01,Food & non-alcoholic beverages,543.6,3522.2,15.4335358582704,,15.4,0.03353585827039929,,False,False
Eurostat,MT,MLT,2004,2018,CP04,Housing & utilities (incl. imputed rent),366.6,3522.2,10.4082675600477,7.478280620067003,10.4,0.008267560047698908,,False,False
Eurostat,MT,MLT,2005,2018,CP01,Food & non-alcoholic beverages,560.2,3724.0,15.042964554242753,,15.0,0.042964554242752584,,False,False
Eurostat,MT,MLT,2005,2018,CP04,Housing & utilities (incl. imputed rent),386.0,3724.0,10.365198711063373,7.23952738990333,10.4,-0.03480128893662737,,False,False
Eurostat,MT,MLT,2006,2018,CP01,Food & non-alcoholic beverages,593.8,3848.2,15.430590925627566,,15.4,0.030590925627565824,,False,False
Eurostat,MT,MLT,2006,2018,CP04,Housing & utilities (incl. imputed rent),414.2,3848.2,10.763473831921418,7.3878696533444215,10.8,-0.036526168078582444,,False,False
Eurostat,MT,MLT,2007,2018,CP01,Food & non-alcoholic beverages,635.6,4083.0,15.566985060004898,,15.6,-0.033014939995101855,,False,False
Eurostat,MT,MLT,2007,2018,CP04,Housing & utilities (incl. imputed rent),433.1,4083.0,10.607396522165075,7.308351702179769,10.6,0.007396522165075581,,False,False
Eurostat,MT,MLT,2008,2018,CP01,Food & non-alcoholic beverages,672.1,4261.7,15.770701832602013,,15.8,-0.02929816739798774,,False,False
Eurostat,MT,MLT,2008,2018,CP04,Housing & utilities (incl. imputed rent),487.7,4261.7,11.443790036839758,7.367951756341366,11.4,0.04379003683975746,,False,False
Eurostat,MT,MLT,2009,2018,CP01,Food & non-alcoholic beverages,668.2,4188.6,15.9528243327126,,16.0,-0.04717566728739975,,False,False
Eurostat,MT,MLT,2009,2018,CP04,Housing & utilities (incl. imputed rent),564.8,4188.6,13.484219070811248,9.143866685766126,13.5,-0.01578092918875207,,False,False
Eurostat,MT,MLT,2010,2018,CP01,Food & non-alcoholic beverages,687.3,4514.0,15.225963668586617,,15.2,0.025963668586618027,,False,False
Eurostat,MT,MLT,2010,2018,CP04,Housing & utilities (incl. imputed rent),611.8,4514.0,13.553389455028796,8.761630482941959,13.6,-0.04661054497120354,,False,False
Eurostat,MT,MLT,2011,2018,CP01,Food & non-alcoholic beverages,731.4,4853.7,15.068916496693245,,15.1,-0.031083503306755134,,False,False
Eurostat,MT,MLT,2011,2018,CP04,Housing & utilities (incl. imputed rent),632.1,4853.7,13.0230545769207,8.331788120402992,13.0,0.023054576920699787,,False,False
Eurostat,MT,MLT,2012,2018,CP01,Food & non-alcoholic beverages,748.9,5065.5,14.784325338071266,,14.8,-0.01567466192873468,,False,False
Eurostat,MT,MLT,2012,2018,CP04,Housing & utilities (incl. imputed rent),668.2,5065.5,13.191195341032474,8.319020827164149,13.2,-0.00880465896752547,,False,False
Eurostat,MT,MLT,2013,2018,CP01,Food & non-alcoholic beverages,782.8,5306.9,14.750607699410201,,14.8,-0.049392300589799376,,False,False
Eurostat,MT,MLT,2013,2018,CP04,Housing & utilities (incl. imputed rent),682.3,5306.9,12.856846746688275,7.927415251841942,12.9,-0.04315325331172559,,False,False
Eurostat,MT,MLT,2014,2018,CP01,Food & non-alcoholic beverages,813.7,5551.3,14.657827896168465,,14.7,-0.04217210383153436,,False,False
Eurostat,MT,MLT,2014,2018,CP04,Housing & utilities (incl. imputed rent),699.8,5551.3,12.606056239079134,7.7855637418262384,12.6,0.006056239079134329,,False,False
Eurostat,MT,MLT,2015,2018,CP01,Food & non-alcoholic beverages,828.3,5847.9,14.164058892935927,,14.2,-0.0359411070640725,,False,False
Eurostat,MT,MLT,2015,2018,CP04,Housing & utilities (incl. imputed rent),760.7,5847.9,13.0080883736042,7.915662032524497,13.0,0.008088373604200783,,False,False
Eurostat,MT,MLT,2016,2018,CP01,Food & non-alcoholic beverages,831.3,6046.7,13.747994774008962,,13.7,0.04799477400896279,,False,False
Eurostat,MT,MLT,2016,2018,CP04,Housing & utilities (incl. imputed rent),839.8,6046.7,13.888567317710487,8.43600641672317,13.9,-0.011432682289512996,,False,False
Eurostat,MT,MLT,2017,2018,CP01,Food & non-alcoholic beverages,869.8,6602.9,13.17299974253737,,13.2,-0.027000257462630017,,False,False
Eurostat,MT,MLT,2017,2018,CP04,Housing & utilities (incl. imputed rent),968.0,6602.9,14.660225052628393,8.556846234230415,14.7,-0.03977494737160647,,False,False
Eurostat,MT,MLT,2018,2018,CP01,Food & non-alcoholic beverages,896.3,7237.9,12.383426131889085,,12.4,-0.016573868110915768,,False,False
Eurostat,MT,MLT,2018,2018,CP04,Housing & utilities (incl. imputed rent),1006.6,7237.9,13.907348816645712,7.43033200237638,13.9,0.007348816645711409,,False,False
Eurostat,MT,MLT,2019,2018,CP01,Food & non-alcoholic beverages,919.4,7792.3,11.798827047213274,,11.8,-0.0011729527867263556,,False,False
Eurostat,MT,MLT,2019,2018,CP04,Housing & utilities (incl. imputed rent),1134.4,7792.3,14.557961064127408,7.23663103319944,14.6,-0.042038935872591665,,False,False
Eurostat,MT,MLT,2020,2018,CP01,Food & non-alcoholic beverages,950.5,6136.6,15.489033015024606,,15.5,-0.010966984975393501,,False,False
Eurostat,MT,MLT,2020,2018,CP04,Housing & utilities (incl. imputed rent),1112.1,6136.6,18.122413062607954,9.725255027213766,18.1,0.02241306260795284,,False,False
Eurostat,MT,MLT,2021,2018,CP01,Food & non-alcoholic beverages,991.4,7023.2,14.11607244560884,,14.1,0.016072445608839914,,False,False
Eurostat,MT,MLT,2021,2018,CP04,Housing & utilities (incl. imputed rent),1263.4,7023.2,17.98895090557011,8.644207768538559,18.0,-0.01104909442988955,,False,False
Eurostat,MT,MLT,2022,2018,CP01,Food & non-alcoholic beverages,1142.4,8755.4,13.047947552367683,,13.0,0.04794755236768289,,False,False
Eurostat,MT,MLT,2022,2018,CP04,Housing & utilities (incl. imputed rent),1374.6,8755.4,15.700025127349978,7.137309546108687,15.7,2.51273499785043e-05,,False,False
Eurostat,MT,MLT,2023,2018,CP01,Food & non-alcoholic beverages,1298.9,10772.6,12.057442028850975,,12.1,-0.04255797114902471,,False,False
Eurostat,MT,MLT,2023,2018,CP04,Housing & utilities (incl. imputed rent),1599.8,10772.6,14.850639585615358,6.708686853684348,14.9,-0.049360414384642226,,False,False
Eurostat,MT,MLT,2024,2018,CP01,Food & non-alcoholic beverages,1396.1,12053.8,11.58223962567821,,11.6,-0.01776037432179045,,False,False
Eurostat,MT,MLT,2024,2018,CP04,Housing & utilities (incl. imputed rent),1805.9,12053.8,14.981997378420084,6.745590602133768,15.0,-0.018002621579915612,,False,False
Eurostat,MT,MLT,2025,2018,CP01,Food & non-alcoholic beverages,1494.7,12915.1,11.57327469396288,,11.6,-0.026725306037119978,,False,False
Eurostat,MT,MLT,2025,2018,CP04,Housing & utilities (incl. imputed rent),1941.7,12915.1,15.034339648938063,6.414197334902555,15.0,0.034339648938063405,,False,False
Eurostat,NL,NLD,1995,2018,CP01,Food & non-alcoholic beverages,18700.0,157276.0,11.8899259899794,,11.9,-0.01007401002060071,,False,False
Eurostat,NL,NLD,1995,2018,CP04,Housing & utilities (incl. imputed rent),31358.0,157276.0,19.938197817848877,8.745135939367737,19.9,0.03819781784887866,,False,False
Eurostat,NL,NLD,1996,2018,CP01,Food & non-alcoholic beverages,19504.0,167130.0,11.669957518099682,,11.7,-0.030042481900316886,,False,False
Eurostat,NL,NLD,1996,2018,CP04,Housing & utilities (incl. imputed rent),33952.0,167130.0,20.314725064321188,8.873332136660085,20.3,0.01472506432118692,,False,False
Eurostat,NL,NLD,1997,2018,CP01,Food & non-alcoholic beverages,20506.0,178416.0,11.493363823872299,,11.5,-0.006636176127701177,,False,False
Eurostat,NL,NLD,1997,2018,CP04,Housing & utilities (incl. imputed rent),35327.0,178416.0,19.80035422832033,8.985180701282395,19.8,0.00035422832032949714,,False,False
Eurostat,NL,NLD,1998,2018,CP01,Food & non-alcoholic beverages,21339.0,191555.0,11.139881496176034,,11.1,0.03988149617603476,,False,False
Eurostat,NL,NLD,1998,2018,CP04,Housing & utilities (incl. imputed rent),37107.0,191555.0,19.371459894025215,9.003158361828195,19.4,-0.02854010597478407,,False,False
Eurostat,NL,NLD,1999,2018,CP01,Food & non-alcoholic beverages,22206.0,206542.0,10.75132418587987,,10.8,-0.04867581412013067,,False,False
Eurostat,NL,NLD,1999,2018,CP04,Housing & utilities (incl. imputed rent),38909.0,206542.0,18.83829923211744,8.95750016945706,18.8,0.038299232117438464,,False,False
Eurostat,NL,NLD,2000,2018,CP01,Food & non-alcoholic beverages,23036.0,219527.0,10.493470051519859,,10.5,-0.006529948480141101,,False,False
Eurostat,NL,NLD,2000,2018,CP04,Housing & utilities (incl. imputed rent),41386.0,219527.0,18.852350735900366,8.992515726994856,18.9,-0.04764926409963266,,False,False
Eurostat,NL,NLD,2001,2018,CP01,Food & non-alcoholic beverages,24631.0,231596.0,10.635330489300333,,10.6,0.03533048930033367,,False,False
Eurostat,NL,NLD,2001,2018,CP04,Housing & utilities (incl. imputed rent),44837.0,231596.0,19.360006217723967,8.93193319401026,19.4,-0.03999378227603145,,False,False
Eurostat,NL,NLD,2002,2018,CP01,Food & non-alcoholic beverages,25467.0,242591.0,10.497916245862378,,10.5,-0.0020837541376224067,,False,False
Eurostat,NL,NLD,2002,2018,CP04,Housing & utilities (incl. imputed rent),46705.0,242591.0,19.25256913900351,9.008166007807379,19.3,-0.047430860996492186,,False,False
Eurostat,NL,NLD,2003,2018,CP01,Food & non-alcoholic beverages,25885.0,248436.0,10.419182405126472,,10.4,0.019182405126471735,,False,False
Eurostat,NL,NLD,2003,2018,CP04,Housing & utilities (incl. imputed rent),49423.0,248436.0,19.893654703827142,9.33318842679805,19.9,-0.006345296172856507,,False,False
Eurostat,NL,NLD,2004,2018,CP01,Food & non-alcoholic beverages,25976.0,254255.0,10.21651491612751,,10.2,0.01651491612751066,,False,False
Eurostat,NL,NLD,2004,2018,CP04,Housing & utilities (incl. imputed rent),51967.0,254255.0,20.43892942125032,9.71740968712513,20.4,0.03892942125032306,,False,False
Eurostat,NL,NLD,2005,2018,CP01,Food & non-alcoholic beverages,25871.0,261271.0,9.901979171052279,,9.9,0.0019791710522785166,,False,False
Eurostat,NL,NLD,2005,2018,CP04,Housing & utilities (incl. imputed rent),55100.0,261271.0,21.089213881372217,10.04742202540657,21.1,-0.010786118627784447,,False,False
Eurostat,NL,NLD,2006,2018,CP01,Food & non-alcoholic beverages,27002.0,268035.0,10.074057492491653,,10.1,-0.025942507508347035,,False,False
Eurostat,NL,NLD,2006,2018,CP04,Housing & utilities (incl. imputed rent),57385.0,268035.0,21.40951741377059,10.284850859029603,21.4,0.009517413770591787,,False,False
Eurostat,NL,NLD,2007,2018,CP01,Food & non-alcoholic beverages,28046.0,279073.0,10.049700257638683,,10.0,0.049700257638683354,,False,False
Eurostat,NL,NLD,2007,2018,CP04,Housing & utilities (incl. imputed rent),58738.0,279073.0,21.04753953266708,10.325972057490334,21.0,0.047539532667080664,,False,False
Eurostat,NL,NLD,2008,2018,CP01,Food & non-alcoholic beverages,29604.0,287334.0,10.302992336444696,,10.3,0.0029923364446950984,,False,False
Eurostat,NL,NLD,2008,2018,CP04,Housing & utilities (incl. imputed rent),62186.0,287334.0,21.642409182345286,10.45542817766084,21.6,0.04240918234528479,,False,False
Eurostat,NL,NLD,2009,2018,CP01,Food & non-alcoholic beverages,29875.0,277899.0,10.750308565342085,,10.8,-0.049691434657916034,,False,False
Eurostat,NL,NLD,2009,2018,CP04,Housing & utilities (incl. imputed rent),63697.0,277899.0,22.92091731168518,11.19579415543057,22.9,0.020917311685181517,,False,False
Eurostat,NL,NLD,2010,2018,CP01,Food & non-alcoholic beverages,30475.0,283377.0,10.754224937097929,,10.8,-0.045775062902071895,,False,False
Eurostat,NL,NLD,2010,2018,CP04,Housing & utilities (incl. imputed rent),66207.0,283377.0,23.363575731269652,11.518930611870406,23.4,-0.036424268730346654,,False,False
Eurostat,NL,NLD,2011,2018,CP01,Food & non-alcoholic beverages,31575.0,292498.0,10.794945606465685,,10.8,-0.005054393534315693,,False,False
Eurostat,NL,NLD,2011,2018,CP04,Housing & utilities (incl. imputed rent),66824.0,292498.0,22.845968177560188,11.325889407790822,22.8,0.04596817756018723,,False,False
Eurostat,NL,NLD,2012,2018,CP01,Food & non-alcoholic beverages,32790.0,292795.0,11.198961730903875,,11.2,-0.0010382690961243668,,False,False
Eurostat,NL,NLD,2012,2018,CP04,Housing & utilities (incl. imputed rent),69494.0,292795.0,23.734694923069043,11.717071671305861,23.7,0.034694923069043426,,False,False
Eurostat,NL,NLD,2013,2018,CP01,Food & non-alcoholic beverages,33377.0,297330.0,11.22557427773854,,11.2,0.025574277738540374,,False,False
Eurostat,NL,NLD,2013,2018,CP04,Housing & utilities (incl. imputed rent),72197.0,297330.0,24.281774459354928,12.069754145225843,24.3,-0.01822554064507287,,False,False
Eurostat,NL,NLD,2014,2018,CP01,Food & non-alcoholic beverages,33660.0,302380.0,11.131688603743633,,11.1,0.03168860374363369,,False,False
Eurostat,NL,NLD,2014,2018,CP04,Housing & utilities (incl. imputed rent),73192.0,302380.0,24.205304583636483,12.485944837621537,24.2,0.005304583636483784,,False,False
Eurostat,NL,NLD,2015,2018,CP01,Food & non-alcoholic beverages,34744.0,310085.0,11.204669687343793,,11.2,0.004669687343794138,,False,False
Eurostat,NL,NLD,2015,2018,CP04,Housing & utilities (incl. imputed rent),75333.0,310085.0,24.294306399858105,12.639437573568538,24.3,-0.005693600141896127,,False,False
Eurostat,NL,NLD,2016,2018,CP01,Food & non-alcoholic beverages,35411.0,317458.0,11.154546428188926,,11.2,-0.045453571811073346,,False,False
Eurostat,NL,NLD,2016,2018,CP04,Housing & utilities (incl. imputed rent),76328.0,317458.0,24.04349551751728,12.623717153135217,24.0,0.04349551751727887,,False,False
Eurostat,NL,NLD,2017,2018,CP01,Food & non-alcoholic beverages,36867.0,331686.0,11.1150304806353,,11.1,0.015030480635299881,,False,False
Eurostat,NL,NLD,2017,2018,CP04,Housing & utilities (incl. imputed rent),77547.0,331686.0,23.37964219171144,12.302599446464427,23.4,-0.020357808288558488,,False,False
Eurostat,NL,NLD,2018,2018,CP01,Food & non-alcoholic beverages,37799.0,347740.0,10.869902800943233,,10.9,-0.03009719905676711,,False,False
Eurostat,NL,NLD,2018,2018,CP04,Housing & utilities (incl. imputed rent),81061.0,347740.0,23.310806924713866,12.26606085006039,23.3,0.01080692471386513,,False,False
Eurostat,NL,NLD,2019,2018,CP01,Food & non-alcoholic beverages,39602.0,360976.0,10.970812463986524,,11.0,-0.02918753601347568,,False,False
Eurostat,NL,NLD,2019,2018,CP04,Housing & utilities (incl. imputed rent),84230.0,360976.0,23.33396126058242,12.352621780949425,23.3,0.03396126058241933,,False,False
Eurostat,NL,NLD,2020,2018,CP01,Food & non-alcoholic beverages,44028.0,347458.0,12.671459572092166,,12.7,-0.028540427907833177,,False,False
Eurostat,NL,NLD,2020,2018,CP04,Housing & utilities (incl. imputed rent),88009.0,347458.0,25.329392329432622,13.397302695577595,25.3,0.029392329432621267,,False,False
Eurostat,NL,NLD,2021,2018,CP01,Food & non-alcoholic beverages,45062.0,376093.0,11.98161093133879,,12.0,-0.01838906866120915,,False,False
Eurostat,NL,NLD,2021,2018,CP04,Housing & utilities (incl. imputed rent),91764.0,376093.0,24.399284219594623,12.721321588011476,24.4,-0.0007157804053754546,,False,False
Eurostat,NL,NLD,2022,2018,CP01,Food & non-alcoholic beverages,49307.0,427768.0,11.526575152886611,,11.5,0.026575152886611164,,False,False
Eurostat,NL,NLD,2022,2018,CP04,Housing & utilities (incl. imputed rent),97979.0,427768.0,22.904705354304202,11.5899272502852,22.9,0.004705354304203269,,False,False
Eurostat,NL,NLD,2023,2018,CP01,Food & non-alcoholic beverages,53143.0,461936.0,11.504407536974819,,11.5,0.004407536974818882,,False,False
Eurostat,NL,NLD,2023,2018,CP04,Housing & utilities (incl. imputed rent),101683.0,461936.0,22.012356690104255,11.16561601607149,22.0,0.012356690104255108,,False,False
Eurostat,NL,NLD,2024,2018,CP01,Food & non-alcoholic beverages,54975.0,477184.0,11.520713184012875,,11.5,0.02071318401287492,,False,False
Eurostat,NL,NLD,2024,2018,CP04,Housing & utilities (incl. imputed rent),105204.0,477184.0,22.046841469957084,11.392251207081545,22.0,0.046841469957083604,,False,False
Eurostat,NL,NLD,2025,2018,CP01,Food & non-alcoholic beverages,58742.0,494572.0,11.877340407463423,,11.9,-0.022659592536577122,p,False,False
Eurostat,NL,NLD,2025,2018,CP04,Housing & utilities (incl. imputed rent),110045.0,494572.0,22.250551992429816,11.63248222705693,22.3,-0.049448007570184416,p,False,False
Eurostat,NO,NOR,1975,1999,CP01,Food & non-alcoholic beverages,17516.0,81881.0,21.39202012676934,,21.4,-0.007979873230659962,,False,False
Eurostat,NO,NOR,1975,1999,CP04,Housing & utilities (incl. imputed rent),16488.0,81881.0,20.136539612364285,13.675944358276034,20.1,0.03653961236428316,,False,False
Eurostat,NO,NOR,1976,1999,CP01,Food & non-alcoholic beverages,19386.0,94118.0,20.5975477591959,,20.6,-0.0024522408041001142,,False,False
Eurostat,NO,NOR,1976,1999,CP04,Housing & utilities (incl. imputed rent),18773.0,94118.0,19.94623770160862,13.40763722136042,19.9,0.046237701608621506,,False,False
Eurostat,NO,NOR,1977,1999,CP01,Food & non-alcoholic beverages,21735.0,108525.0,20.027643400138217,,20.0,0.02764340013821709,,False,False
Eurostat,NO,NOR,1977,1999,CP04,Housing & utilities (incl. imputed rent),21603.0,108525.0,19.906012439530063,13.279889426399446,19.9,0.006012439530064029,,False,False
Eurostat,NO,NOR,1978,1999,CP01,Food & non-alcoholic beverages,23565.0,114470.0,20.58617978509653,,20.6,-0.01382021490347185,,False,False
Eurostat,NO,NOR,1978,1999,CP04,Housing & utilities (incl. imputed rent),23863.0,114470.0,20.846510002620775,13.758189918756006,20.8,0.046510002620774316,,False,False
Eurostat,NO,NOR,1979,1999,CP01,Food & non-alcoholic beverages,25180.0,125615.0,20.045376746407676,,20.0,0.045376746407676194,,False,False
Eurostat,NO,NOR,1979,1999,CP04,Housing & utilities (incl. imputed rent),26471.0,125615.0,21.07312024837798,13.67909883373801,21.1,-0.026879751622022496,,False,False
Eurostat,NO,NOR,1980,1999,CP01,Food & non-alcoholic beverages,28167.0,140737.0,20.013926685946124,,20.0,0.01392668594612445,,False,False
Eurostat,NO,NOR,1980,1999,CP04,Housing & utilities (incl. imputed rent),29414.0,140737.0,20.899976552008358,13.33267015781209,20.9,-2.3447991640779264e-05,,False,False
Eurostat,NO,NOR,1981,1999,CP01,Food & non-alcoholic beverages,31099.0,159727.0,19.470095851045848,,19.5,-0.029904148954152276,,False,False
Eurostat,NO,NOR,1981,1999,CP04,Housing & utilities (incl. imputed rent),33522.0,159727.0,20.987059169708314,13.265759702492378,21.0,-0.012940830291686467,,False,False
Eurostat,NO,NOR,1982,1999,CP01,Food & non-alcoholic beverages,33874.0,178630.0,18.963220063819065,,19.0,-0.03677993618093467,,False,False
Eurostat,NO,NOR,1982,1999,CP04,Housing & utilities (incl. imputed rent),38979.0,178630.0,21.821082684879357,13.795555057940994,21.8,0.021082684879356606,,False,False
Eurostat,NO,NOR,1983,1999,CP01,Food & non-alcoholic beverages,36332.0,197002.0,18.44245236088974,,18.4,0.04245236088974025,,False,False
Eurostat,NO,NOR,1983,1999,CP04,Housing & utilities (incl. imputed rent),43847.0,197002.0,22.25713444533558,14.080567709972488,22.3,-0.0428655546644201,,False,False
Eurostat,NO,NOR,1984,1999,CP01,Food & non-alcoholic beverages,39054.0,215409.0,18.130161692408393,,18.1,0.030161692408391616,,False,False
Eurostat,NO,NOR,1984,1999,CP04,Housing & utilities (incl. imputed rent),48448.0,215409.0,22.49116796419834,14.197178390875035,22.5,-0.008832035801660254,,False,False
Eurostat,NO,NOR,1985,1999,CP01,Food & non-alcoholic beverages,43883.0,249665.0,17.576752848817414,,17.6,-0.0232471511825878,,False,False
Eurostat,NO,NOR,1985,1999,CP04,Housing & utilities (incl. imputed rent),52650.0,249665.0,21.088258266076544,13.178859671960428,21.1,-0.011741733923457787,,False,False
Eurostat,NO,NOR,1986,1999,CP01,Food & non-alcoholic beverages,47916.0,280229.0,17.098872707678364,,17.1,-0.0011272923216374409,,False,False
Eurostat,NO,NOR,1986,1999,CP04,Housing & utilities (incl. imputed rent),56588.0,280229.0,20.193484614368963,12.626815925546605,20.2,-0.0065153856310367075,,False,False
Eurostat,NO,NOR,1987,1999,CP01,Food & non-alcoholic beverages,51623.0,299854.0,17.21604514196909,,17.2,0.016045141969090793,,False,False
Eurostat,NO,NOR,1987,1999,CP04,Housing & utilities (incl. imputed rent),61453.0,299854.0,20.494307229518366,12.87426547586492,20.5,-0.005692770481633858,,False,False
Eurostat,NO,NOR,1988,1999,CP01,Food & non-alcoholic beverages,52797.0,311601.0,16.943783877458674,,16.9,0.043783877458675846,,False,False
Eurostat,NO,NOR,1988,1999,CP04,Housing & utilities (incl. imputed rent),67674.0,311601.0,21.718158799233635,13.74417925488044,21.7,0.018158799233635392,,False,False
Eurostat,NO,NOR,1989,1999,CP01,Food & non-alcoholic beverages,54441.0,324291.0,16.78769993616844,,16.8,-0.012300063831560237,,False,False
Eurostat,NO,NOR,1989,1999,CP04,Housing & utilities (incl. imputed rent),73824.0,324291.0,22.764739076940156,14.59676648442294,22.8,-0.03526092305984463,,False,False
Eurostat,NO,NOR,1990,1999,CP01,Food & non-alcoholic beverages,57643.0,343192.0,16.796137439101145,,16.8,-0.00386256089885606,,False,False
Eurostat,NO,NOR,1990,1999,CP04,Housing & utilities (incl. imputed rent),81003.0,343192.0,23.602822909624933,15.100876477307162,23.6,0.002822909624931924,,False,False
Eurostat,NO,NOR,1991,1999,CP01,Food & non-alcoholic beverages,61499.0,365871.0,16.8089299233883,,16.8,0.008929923388297567,,False,False
Eurostat,NO,NOR,1991,1999,CP04,Housing & utilities (incl. imputed rent),85825.0,365871.0,23.457721437337202,13.742548603196209,23.5,-0.042278562662797725,,False,False
Eurostat,NO,NOR,1992,1999,CP01,Food & non-alcoholic beverages,64486.0,382623.0,16.853665357283802,,16.9,-0.046334642716196583,,False,False
Eurostat,NO,NOR,1992,1999,CP04,Housing & utilities (incl. imputed rent),88840.0,382623.0,23.218677392629296,13.740418113913696,23.2,0.018677392629296463,,False,False
Eurostat,NO,NOR,1993,1999,CP01,Food & non-alcoholic beverages,65779.0,402424.0,16.345695087768124,,16.3,0.0456950877681237,,False,False
Eurostat,NO,NOR,1993,1999,CP04,Housing & utilities (incl. imputed rent),92173.0,402424.0,22.904449038824723,13.581694928731885,22.9,0.0044490388247240276,,False,False
Eurostat,NO,NOR,1994,1999,CP01,Food & non-alcoholic beverages,68272.0,420750.0,16.226262626262628,,16.2,0.02626262626262843,,False,False
Eurostat,NO,NOR,1994,1999,CP04,Housing & utilities (incl. imputed rent),93381.0,420750.0,22.193939393939395,13.103505644682114,22.2,-0.006060606060604101,,False,False
Eurostat,NO,NOR,1995,1999,CP01,Food & non-alcoholic beverages,71135.0,446598.0,15.928194931459613,,15.9,0.028194931459612604,,False,False
Eurostat,NO,NOR,1995,1999,CP04,Housing & utilities (incl. imputed rent),97406.0,446598.0,21.810666415881844,12.811745686277142,21.8,0.01066641588184325,,False,False
Eurostat,NO,NOR,1996,1999,CP01,Food & non-alcoholic beverages,73022.0,480859.0,15.18574051853038,,15.2,-0.014259481469618862,,False,False
Eurostat,NO,NOR,1996,1999,CP04,Housing & utilities (incl. imputed rent),102365.0,480859.0,21.28794511488815,12.222085892122223,21.3,-0.012054885111851377,,False,False
Eurostat,NO,NOR,1997,1999,CP01,Food & non-alcoholic beverages,76521.0,507401.0,15.08097146044253,,15.1,-0.019028539557469415,,False,False
Eurostat,NO,NOR,1997,1999,CP04,Housing & utilities (incl. imputed rent),105721.0,507401.0,20.835788656309308,11.97376434023583,20.8,0.0357886563093075,,False,False
Eurostat,NO,NOR,1998,1999,CP01,Food & non-alcoholic beverages,80746.0,533557.0,15.13352837653709,,15.1,0.033528376537089954,,False,False
Eurostat,NO,NOR,1998,1999,CP04,Housing & utilities (incl. imputed rent),107666.0,533557.0,20.178912468583487,11.780372106447858,20.2,-0.021087531416512206,,False,False
Eurostat,NO,NOR,1999,1999,CP01,Food & non-alcoholic beverages,84709.0,564792.0,14.998264847944021,,15.0,-0.0017351520559785172,,False,False
Eurostat,NO,NOR,1999,1999,CP04,Housing & utilities (incl. imputed rent),111214.0,564792.0,19.691142934035895,11.680937407045427,19.7,-0.008857065964104294,,False,False
Eurostat,NO,NOR,2000,1999,CP01,Food & non-alcoholic beverages,88763.0,605056.0,14.670212343981385,,14.7,-0.029787656018614328,,False,False
Eurostat,NO,NOR,2000,1999,CP04,Housing & utilities (incl. imputed rent),119041.0,605056.0,19.67437724772583,11.924516077850646,19.7,-0.025622752274170324,,False,False
Eurostat,NO,NOR,2001,1999,CP01,Food & non-alcoholic beverages,90541.0,632130.0,14.323161375033616,,14.3,0.023161375033614817,,False,False
Eurostat,NO,NOR,2001,1999,CP04,Housing & utilities (incl. imputed rent),131341.0,632130.0,20.777529938462024,11.873981617705219,20.8,-0.022470061537976704,,False,False
Eurostat,NO,NOR,2002,1999,CP01,Food & non-alcoholic beverages,92695.0,660054.0,14.043547952137251,,14.0,0.043547952137251045,,False,False
Eurostat,NO,NOR,2002,1999,CP04,Housing & utilities (incl. imputed rent),139820.0,660054.0,21.18311532086769,12.040530017241014,21.2,-0.01688467913231051,,False,False
Eurostat,NO,NOR,2003,1999,CP01,Food & non-alcoholic beverages,97001.0,695776.0,13.941412178632204,,13.9,0.04141217863220348,,False,False
Eurostat,NO,NOR,2003,1999,CP04,Housing & utilities (incl. imputed rent),152051.0,695776.0,21.853441337441932,12.424257232212668,21.9,-0.04655866255806629,,False,False
Eurostat,NO,NOR,2004,1999,CP01,Food & non-alcoholic beverages,99702.0,737164.0,13.52507718770857,,13.5,0.025077187708570037,,False,False
Eurostat,NO,NOR,2004,1999,CP04,Housing & utilities (incl. imputed rent),155558.0,737164.0,21.102224199771015,12.32914249746325,21.1,0.002224199771013957,,False,False
Eurostat,NO,NOR,2005,1999,CP01,Food & non-alcoholic beverages,100588.0,774411.0,12.988968390170077,,13.0,-0.011031609829922573,,False,False
Eurostat,NO,NOR,2005,1999,CP04,Housing & utilities (incl. imputed rent),162728.0,774411.0,21.013131270087847,12.41911594747492,21.0,0.013131270087846758,,False,False
Eurostat,NO,NOR,2006,1999,CP01,Food & non-alcoholic beverages,101628.0,825288.0,12.314246662983104,,12.3,0.014246662983103064,,False,False
Eurostat,NO,NOR,2006,1999,CP04,Housing & utilities (incl. imputed rent),175588.0,825288.0,21.275966692839347,12.356413761014338,21.3,-0.02403330716065355,,False,False
Eurostat,NO,NOR,2007,1999,CP01,Food & non-alcoholic beverages,106719.0,882688.0,12.090228937064964,,12.1,-0.009771062935035602,,False,False
Eurostat,NO,NOR,2007,1999,CP04,Housing & utilities (incl. imputed rent),180196.0,882688.0,20.41446128190255,12.135545062354987,20.4,0.014461281902551804,,False,False
Eurostat,NO,NOR,2008,1999,CP01,Food & non-alcoholic beverages,113514.0,925006.0,12.27170418354043,,12.3,-0.028295816459570133,,False,False
Eurostat,NO,NOR,2008,1999,CP04,Housing & utilities (incl. imputed rent),194532.0,925006.0,21.03035007340493,12.197218180206399,21.0,0.03035007340492868,,False,False
Eurostat,NO,NOR,2009,1999,CP01,Food & non-alcoholic beverages,120252.0,946785.0,12.701088420285492,,12.7,0.0010884202854928304,,False,False
Eurostat,NO,NOR,2009,1999,CP04,Housing & utilities (incl. imputed rent),203916.0,946785.0,21.5377303189214,12.251989628057055,21.5,0.03773031892140111,,False,False
Eurostat,NO,NOR,2010,1999,CP01,Food & non-alcoholic beverages,123004.0,1004048.0,12.250808726276034,,12.3,-0.04919127372396659,,False,False
Eurostat,NO,NOR,2010,1999,CP04,Housing & utilities (incl. imputed rent),224546.0,1004048.0,22.36407024365369,12.10101509091199,22.4,-0.03592975634630946,,False,False
Eurostat,NO,NOR,2011,1999,CP01,Food & non-alcoholic beverages,126978.0,1032656.0,12.296253544258688,,12.3,-0.0037464557413127153,,False,False
Eurostat,NO,NOR,2011,1999,CP04,Housing & utilities (incl. imputed rent),225092.0,1032656.0,21.797384608233525,12.15312746936056,21.8,-0.0026153917664757387,,False,False
Eurostat,NO,NOR,2012,1999,CP01,Food & non-alcoholic beverages,133829.0,1076319.0,12.433953130995551,,12.4,0.03395313099555075,,False,False
Eurostat,NO,NOR,2012,1999,CP04,Housing & utilities (incl. imputed rent),227834.0,1076319.0,21.16788795886721,12.059714638504012,21.2,-0.03211204113278754,,False,False
Eurostat,NO,NOR,2013,1999,CP01,Food & non-alcoholic beverages,138749.0,1120254.0,12.38549471816213,,12.4,-0.014505281837870143,,False,False
Eurostat,NO,NOR,2013,1999,CP04,Housing & utilities (incl. imputed rent),246001.0,1120254.0,21.95939492293712,12.612139746878833,22.0,-0.040605077062881634,,False,False
Eurostat,NO,NOR,2014,1999,CP01,Food & non-alcoholic beverages,144690.0,1161767.0,12.454304520613858,,12.5,-0.04569547938614171,,False,False
Eurostat,NO,NOR,2014,1999,CP04,Housing & utilities (incl. imputed rent),253915.0,1161767.0,21.855931524995974,12.938911158605816,21.9,-0.044068475004024776,,False,False
Eurostat,NO,NOR,2015,1999,CP01,Food & non-alcoholic beverages,148215.0,1215007.0,12.198695151550568,,12.2,-0.0013048484494309065,,False,False
Eurostat,NO,NOR,2015,1999,CP04,Housing & utilities (incl. imputed rent),271858.0,1215007.0,22.37501512336966,13.264038808006868,22.4,-0.024984876630337993,,False,False
Eurostat,NO,NOR,2016,1999,CP01,Food & non-alcoholic beverages,154319.0,1269729.0,12.153695788628912,,12.2,-0.04630421137108698,,False,False
Eurostat,NO,NOR,2016,1999,CP04,Housing & utilities (incl. imputed rent),285176.0,1269729.0,22.459595709005622,13.134928791891815,22.5,-0.04040429099437759,,False,False
Eurostat,NO,NOR,2017,1999,CP01,Food & non-alcoholic beverages,154418.0,1321223.0,11.68750468316098,,11.7,-0.0124953168390185,,False,False
Eurostat,NO,NOR,2017,1999,CP04,Housing & utilities (incl. imputed rent),296071.0,1321223.0,22.408859064669628,13.053663159057932,22.4,0.008859064669628935,,False,False
Eurostat,NO,NOR,2018,1999,CP01,Food & non-alcoholic beverages,159369.0,1374125.0,11.597853179295916,,11.6,-0.002146820704084007,,False,False
Eurostat,NO,NOR,2018,1999,CP04,Housing & utilities (incl. imputed rent),313926.0,1374125.0,22.845519876284907,12.961120713181115,22.8,0.0455198762849065,,False,False
Eurostat,NO,NOR,2019,1999,CP01,Food & non-alcoholic beverages,162197.0,1420600.0,11.41749964803604,,11.4,0.017499648036039872,,False,False
Eurostat,NO,NOR,2019,1999,CP04,Housing & utilities (incl. imputed rent),326121.0,1420600.0,22.956567647472898,13.075813036745037,23.0,-0.04343235252710187,,False,False
Eurostat,NO,NOR,2020,1999,CP01,Food & non-alcoholic beverages,188030.0,1402872.0,13.403218540251713,,13.4,0.0032185402517121986,,False,False
Eurostat,NO,NOR,2020,1999,CP04,Housing & utilities (incl. imputed rent),322909.0,1402872.0,23.01770938474786,13.74316402351747,23.0,0.017709384747860213,,False,False
Eurostat,NO,NOR,2021,1999,CP01,Food & non-alcoholic beverages,191017.0,1520779.0,12.56047065352691,,12.6,-0.03952934647309014,,False,False
Eurostat,NO,NOR,2021,1999,CP04,Housing & utilities (incl. imputed rent),359540.0,1520779.0,23.64183093006939,13.077442547536494,23.6,0.04183093006938776,,False,False
Eurostat,NO,NOR,2022,1999,CP01,Food & non-alcoholic beverages,187389.0,1644076.0,11.397830757215603,,11.4,-0.0021692427843973405,,False,False
Eurostat,NO,NOR,2022,1999,CP04,Housing & utilities (incl. imputed rent),376860.0,1644076.0,22.92229799595639,,22.9,0.022297995956392924,,False,False
Eurostat,NO,NOR,2023,1999,CP01,Food & non-alcoholic beverages,200602.0,1714176.0,11.702532295400239,,11.7,0.0025322954002398035,,False,False
Eurostat,NO,NOR,2023,1999,CP04,Housing & utilities (incl. imputed rent),396337.0,1714176.0,23.12113808617085,,23.1,0.021138086170847004,,False,False
Eurostat,NO,NOR,2024,1999,CP01,Food & non-alcoholic beverages,,,,,,,,False,False
Eurostat,NO,NOR,2024,1999,CP04,Housing & utilities (incl. imputed rent),,,,,,,,False,False
Eurostat,NO,NOR,2025,1999,CP01,Food & non-alcoholic beverages,,,,,,,,False,False
Eurostat,NO,NOR,2025,1999,CP04,Housing & utilities (incl. imputed rent),,,,,,,,False,False
Eurostat,PL,POL,1995,2018,CP01,Food & non-alcoholic beverages,63468.7,207543.3,30.58094383196181,,30.6,-0.019056168038190435,,False,False
Eurostat,PL,POL,1995,2018,CP04,Housing & utilities (incl. imputed rent),35411.2,207543.3,17.062078130202227,6.925880045272481,17.1,-0.03792186979777412,,False,False
Eurostat,PL,POL,1996,2018,CP01,Food & non-alcoholic beverages,78776.5,268399.3,29.350486383533784,,29.4,-0.049513616466214216,,False,False
Eurostat,PL,POL,1996,2018,CP04,Housing & utilities (incl. imputed rent),45678.8,268399.3,17.018971360953625,7.045733725833116,17.0,0.01897136095362484,,False,False
Eurostat,PL,POL,1997,2018,CP01,Food & non-alcoholic beverages,90613.3,328642.7,27.571980147436715,,27.6,-0.028019852563286207,,False,False
Eurostat,PL,POL,1997,2018,CP04,Housing & utilities (incl. imputed rent),61194.9,328642.7,18.620495754203578,7.271148879923393,18.6,0.02049575420357641,,False,False
Eurostat,PL,POL,1998,2018,CP01,Food & non-alcoholic beverages,97443.6,379358.9,25.68638827242487,,25.7,-0.013611727575128185,,False,False
Eurostat,PL,POL,1998,2018,CP04,Housing & utilities (incl. imputed rent),72094.6,379358.9,19.004325455393296,7.461641205728927,19.0,0.004325455393296096,,False,False
Eurostat,PL,POL,1999,2018,CP01,Food & non-alcoholic beverages,101203.5,425198.0,23.80149953668644,,23.8,0.0014995366864383186,,False,False
Eurostat,PL,POL,1999,2018,CP04,Housing & utilities (incl. imputed rent),83992.2,425198.0,19.753667703046577,7.720050423567374,19.8,-0.046332296953423224,,False,False
Eurostat,PL,POL,2000,2018,CP01,Food & non-alcoholic beverages,113017.5,479323.5,23.57854350975907,,23.6,-0.02145649024093288,,False,False
Eurostat,PL,POL,2000,2018,CP04,Housing & utilities (incl. imputed rent),92418.9,479323.5,19.281111816967037,7.424296951849847,19.3,-0.018888183032963468,,False,False
Eurostat,PL,POL,2001,2018,CP01,Food & non-alcoholic beverages,120452.5,505384.8,23.83381929967027,,23.8,0.0338192996702702,,False,False
Eurostat,PL,POL,2001,2018,CP04,Housing & utilities (incl. imputed rent),105620.7,505384.8,20.89906542499893,7.511167728036143,20.9,-0.0009345750010680831,,False,False
Eurostat,PL,POL,2002,2018,CP01,Food & non-alcoholic beverages,122254.1,538590.3,22.698904900441022,,22.7,-0.0010950995589773527,,False,False
Eurostat,PL,POL,2002,2018,CP04,Housing & utilities (incl. imputed rent),115532.0,538590.3,21.450813354789343,7.178814768851202,21.5,-0.049186645210657076,,False,False
Eurostat,PL,POL,2003,2018,CP01,Food & non-alcoholic beverages,121700.9,548730.8,22.1786165456723,,22.2,-0.021383454327700946,,False,False
Eurostat,PL,POL,2003,2018,CP04,Housing & utilities (incl. imputed rent),119181.8,548730.8,21.71953897976931,7.291662870026613,21.7,0.019538979769311737,,False,False
Eurostat,PL,POL,2004,2018,CP01,Food & non-alcoholic beverages,133347.5,601623.5,22.16460959387391,,22.2,-0.03539040612609057,,False,False
Eurostat,PL,POL,2004,2018,CP04,Housing & utilities (incl. imputed rent),129182.6,601623.5,21.47233277955399,6.880432695863775,21.5,-0.02766722044600911,,False,False
Eurostat,PL,POL,2005,2018,CP01,Food & non-alcoholic beverages,138324.4,622904.3,22.206364605285273,,22.2,0.006364605285273939,,False,False
Eurostat,PL,POL,2005,2018,CP04,Housing & utilities (incl. imputed rent),139866.0,622904.3,22.453850455037795,6.9033397265037335,22.5,-0.046149544962204914,,False,False
Eurostat,PL,POL,2006,2018,CP01,Food & non-alcoholic beverages,146851.0,660775.8,22.224028180208776,,22.2,0.024028180208777172,,False,False
Eurostat,PL,POL,2006,2018,CP04,Housing & utilities (incl. imputed rent),148222.3,660775.8,22.431556966825962,6.773174804525225,22.4,0.03155696682596343,,False,False
Eurostat,PL,POL,2007,2018,CP01,Food & non-alcoholic beverages,156345.1,718076.1,21.772775893808472,,21.8,-0.02722410619152882,,False,False
Eurostat,PL,POL,2007,2018,CP04,Housing & utilities (incl. imputed rent),157682.9,718076.1,21.95907926750382,6.546478848133227,22.0,-0.04092073249617911,,False,False
Eurostat,PL,POL,2008,2018,CP01,Food & non-alcoholic beverages,166305.1,792932.0,20.973437823167686,,21.0,-0.02656217683231432,,False,False
Eurostat,PL,POL,2008,2018,CP04,Housing & utilities (incl. imputed rent),171164.4,792932.0,21.58626464816655,6.137272805234244,21.6,-0.013735351833449982,,False,False
Eurostat,PL,POL,2009,2018,CP01,Food & non-alcoholic beverages,172957.4,841201.6,20.560754996186407,,20.6,-0.03924500381359408,,False,False
Eurostat,PL,POL,2009,2018,CP04,Housing & utilities (incl. imputed rent),196825.9,841201.6,23.398184216482708,6.351176697714317,23.4,-0.0018157835172907255,,False,False
Eurostat,PL,POL,2010,2018,CP01,Food & non-alcoholic beverages,179818.3,891244.5,20.176090848246467,,20.2,-0.023909151753532143,,False,False
Eurostat,PL,POL,2010,2018,CP04,Housing & utilities (incl. imputed rent),200682.6,891244.5,22.51712072276463,6.19798495250181,22.5,0.017120722764630614,,False,False
Eurostat,PL,POL,2011,2018,CP01,Food & non-alcoholic beverages,189284.9,960367.0,19.709642251347663,,19.7,0.009642251347663944,,False,False
Eurostat,PL,POL,2011,2018,CP04,Housing & utilities (incl. imputed rent),211781.9,960367.0,22.052184217075347,5.899338482059463,22.1,-0.047815782924654826,,False,False
Eurostat,PL,POL,2012,2018,CP01,Food & non-alcoholic beverages,191247.2,998364.6,19.15604780057306,,19.2,-0.04395219942693984,,False,False
Eurostat,PL,POL,2012,2018,CP04,Housing & utilities (incl. imputed rent),220669.1,998364.6,22.103057339973795,5.435328936943478,22.1,0.003057339973793205,,False,False
Eurostat,PL,POL,2013,2018,CP01,Food & non-alcoholic beverages,190419.6,1000694.3,19.02874834002752,,19.0,0.028748340027519248,,False,False
Eurostat,PL,POL,2013,2018,CP04,Housing & utilities (incl. imputed rent),218093.9,1000694.3,21.794258246499453,5.896496062783609,21.8,-0.0057417535005477305,,False,False
Eurostat,PL,POL,2014,2018,CP01,Food & non-alcoholic beverages,183855.9,1030278.8,17.84525703139771,,17.8,0.045257031397710534,,False,False
Eurostat,PL,POL,2014,2018,CP04,Housing & utilities (incl. imputed rent),223696.9,1030278.8,21.71226856264537,6.10208615376731,21.7,0.012268562645370906,,False,False
Eurostat,PL,POL,2015,2018,CP01,Food & non-alcoholic beverages,186419.7,1065476.5,17.496368995468224,,17.5,-0.0036310045317762274,,False,False
Eurostat,PL,POL,2015,2018,CP04,Housing & utilities (incl. imputed rent),233563.9,1065476.5,21.92107474918499,5.913166550365025,21.9,0.021074749184990083,,False,False
Eurostat,PL,POL,2016,2018,CP01,Food & non-alcoholic beverages,195393.7,1096888.9,17.8134449168006,,17.8,0.013444916800597895,,False,False
Eurostat,PL,POL,2016,2018,CP04,Housing & utilities (incl. imputed rent),230058.0,1096888.9,20.973682931790087,5.9850364061483345,21.0,-0.026317068209912975,,False,False
Eurostat,PL,POL,2017,2018,CP01,Food & non-alcoholic beverages,211319.9,1185534.7,17.82485995559641,,17.8,0.024859955596408412,,False,False
Eurostat,PL,POL,2017,2018,CP04,Housing & utilities (incl. imputed rent),238592.7,1185534.7,20.125324041548513,5.654764892162161,20.1,0.025324041548511644,,False,False
Eurostat,PL,POL,2018,2018,CP01,Food & non-alcoholic beverages,218664.7,1257359.2,17.390790157657417,,17.4,-0.009209842342581709,,False,False
Eurostat,PL,POL,2018,2018,CP04,Housing & utilities (incl. imputed rent),244937.3,1257359.2,19.480296481705466,5.262696610483305,19.5,-0.019703518294534206,,False,False
Eurostat,PL,POL,2019,2018,CP01,Food & non-alcoholic beverages,230774.1,1327142.3,17.38879847323079,,17.4,-0.01120152676920938,,False,False
Eurostat,PL,POL,2019,2018,CP04,Housing & utilities (incl. imputed rent),260201.3,1327142.3,19.606134172650513,5.135839615691549,19.6,0.006134172650511971,,False,False
Eurostat,PL,POL,2020,2018,CP01,Food & non-alcoholic beverages,253001.3,1322036.0,19.137247397196443,,19.1,0.03724739719644177,,False,False
Eurostat,PL,POL,2020,2018,CP04,Housing & utilities (incl. imputed rent),275776.1,1322036.0,20.859953889304073,5.513132773994052,20.9,-0.04004611069592556,,False,False
Eurostat,PL,POL,2021,2018,CP01,Food & non-alcoholic beverages,276218.7,1482808.4,18.628077639700454,,18.6,0.028077639700452295,,False,False
Eurostat,PL,POL,2021,2018,CP04,Housing & utilities (incl. imputed rent),309431.3,1482808.4,20.867921978321675,5.222461647775938,20.9,-0.03207802167832341,,False,False
Eurostat,PL,POL,2022,2018,CP01,Food & non-alcoholic beverages,328159.4,1776720.8,18.469947557320204,,18.5,-0.030052442679796343,,False,False
Eurostat,PL,POL,2022,2018,CP04,Housing & utilities (incl. imputed rent),364092.5,1776720.8,20.492386873615708,4.590068400167319,20.5,-0.007613126384292457,,False,False
Eurostat,PL,POL,2023,2018,CP01,Food & non-alcoholic beverages,355736.8,1937181.0,18.363632515495453,,18.4,-0.03636748450454519,,False,False
Eurostat,PL,POL,2023,2018,CP04,Housing & utilities (incl. imputed rent),409146.1,1937181.0,21.120695484830794,4.956015984051051,21.1,0.02069548483079231,,False,False
Eurostat,PL,POL,2024,2018,CP01,Food & non-alcoholic beverages,373632.0,2062252.5,18.117665028894375,,18.1,0.017665028894374046,,False,False
Eurostat,PL,POL,2024,2018,CP04,Housing & utilities (incl. imputed rent),429436.7,2062252.5,20.82367217399421,4.62356088791261,20.8,0.02367217399421051,,False,False
Eurostat,PL,POL,2025,2018,CP01,Food & non-alcoholic beverages,,,,,,,,False,False
Eurostat,PL,POL,2025,2018,CP04,Housing & utilities (incl. imputed rent),,,,,,,,False,False
Eurostat,PT,PRT,1995,2018,CP01,Food & non-alcoholic beverages,10732.6,58176.9,18.448215700733453,,18.4,0.04821570073345427,,False,True
Eurostat,PT,PRT,1995,2018,CP04,Housing & utilities (incl. imputed rent),7604.1,58176.9,13.07065175353104,6.9113342237210995,13.1,-0.029348246468959616,,False,True
Eurostat,PT,PRT,1996,2018,CP01,Food & non-alcoholic beverages,11220.1,61686.8,18.188818353359228,,18.2,-0.011181646640771703,,False,True
Eurostat,PT,PRT,1996,2018,CP04,Housing & utilities (incl. imputed rent),8079.4,61686.8,13.097453588125822,6.920443271494063,13.1,-0.002546411874178034,,False,True
Eurostat,PT,PRT,1997,2018,CP01,Food & non-alcoholic beverages,11528.5,65954.6,17.47944798391621,,17.5,-0.020552016083790647,,False,True
Eurostat,PT,PRT,1997,2018,CP04,Housing & utilities (incl. imputed rent),8505.1,65954.6,12.895385613740359,6.801496787183909,12.9,-0.004614386259641279,,False,True
Eurostat,PT,PRT,1998,2018,CP01,Food & non-alcoholic beverages,12514.5,71273.6,17.558394693126207,,17.6,-0.04160530687379449,,False,True
Eurostat,PT,PRT,1998,2018,CP04,Housing & utilities (incl. imputed rent),8973.4,71273.6,12.590075427647824,6.632469806492165,12.6,-0.009924572352176142,,False,True
Eurostat,PT,PRT,1999,2018,CP01,Food & non-alcoholic beverages,13136.2,76750.5,17.11545853121478,,17.1,0.01545853121477947,,False,True
Eurostat,PT,PRT,1999,2018,CP04,Housing & utilities (incl. imputed rent),9484.8,76750.5,12.357965094689936,6.522954247855061,12.4,-0.042034905310064374,,False,True
Eurostat,PT,PRT,2000,2018,CP01,Food & non-alcoholic beverages,13667.3,82745.3,16.517312765800593,,16.5,0.017312765800593155,,False,True
Eurostat,PT,PRT,2000,2018,CP04,Housing & utilities (incl. imputed rent),10126.7,82745.3,12.238399038978649,6.437344477571536,12.2,0.03839903897864971,,False,True
Eurostat,PT,PRT,2001,2018,CP01,Food & non-alcoholic beverages,14783.3,86821.7,17.027194814199675,,17.0,0.02719481419967451,,False,True
Eurostat,PT,PRT,2001,2018,CP04,Housing & utilities (incl. imputed rent),10929.2,86821.7,12.588097215327506,6.655133451660126,12.6,-0.011902784672493283,,False,True
Eurostat,PT,PRT,2002,2018,CP01,Food & non-alcoholic beverages,15237.9,90871.8,16.768568466785077,,16.8,-0.0314315332149242,,False,True
Eurostat,PT,PRT,2002,2018,CP04,Housing & utilities (incl. imputed rent),11906.5,90871.8,13.102524655613731,7.050592152901119,13.1,0.002524655613731497,,False,True
Eurostat,PT,PRT,2003,2018,CP01,Food & non-alcoholic beverages,15761.2,93596.3,16.839554555041172,,16.8,0.03955455504117111,,False,True
Eurostat,PT,PRT,2003,2018,CP04,Housing & utilities (incl. imputed rent),12930.4,93596.3,13.81507602330434,7.471235508241245,13.8,0.015076023304338548,,False,True
Eurostat,PT,PRT,2004,2018,CP01,Food & non-alcoholic beverages,16304.5,98325.5,16.582168410025883,,16.6,-0.0178315899741186,,False,True
Eurostat,PT,PRT,2004,2018,CP04,Housing & utilities (incl. imputed rent),13803.8,98325.5,14.038881063406745,7.603012443364133,14.0,0.03888106340674469,,False,True
Eurostat,PT,PRT,2005,2018,CP01,Food & non-alcoholic beverages,16400.5,103390.6,15.862660628722534,,15.9,-0.03733937127746678,,False,True
Eurostat,PT,PRT,2005,2018,CP04,Housing & utilities (incl. imputed rent),14841.0,103390.6,14.354303002400604,7.772853624991052,14.4,-0.04569699759939638,,False,True
Eurostat,PT,PRT,2006,2018,CP01,Food & non-alcoholic beverages,17149.3,108818.0,15.75961697513279,,15.8,-0.04038302486721079,,False,True
Eurostat,PT,PRT,2006,2018,CP04,Housing & utilities (incl. imputed rent),15707.9,108818.0,14.435019941553787,7.860372364866107,14.4,0.03501994155378618,,False,True
Eurostat,PT,PRT,2007,2018,CP01,Food & non-alcoholic beverages,18154.2,115518.4,15.715418496101055,,15.7,0.015418496101055723,,False,True
Eurostat,PT,PRT,2007,2018,CP04,Housing & utilities (incl. imputed rent),16845.7,115518.4,14.582698513829834,7.976305073477473,14.6,-0.017301486170165248,,False,True
Eurostat,PT,PRT,2008,2018,CP01,Food & non-alcoholic beverages,19251.6,120124.3,16.026399321369613,,16.0,0.026399321369613205,,False,True
Eurostat,PT,PRT,2008,2018,CP04,Housing & utilities (incl. imputed rent),18000.9,120124.3,14.985227801535578,8.27734271916673,15.0,-0.014772198464422459,,False,True
Eurostat,PT,PRT,2009,2018,CP01,Food & non-alcoholic beverages,18803.6,114773.3,16.38325289941127,,16.4,-0.016747100588727193,,False,True
Eurostat,PT,PRT,2009,2018,CP04,Housing & utilities (incl. imputed rent),18779.1,114773.3,16.361906471278598,9.292840756517414,16.4,-0.038093528721400816,,False,True
Eurostat,PT,PRT,2010,2018,CP01,Food & non-alcoholic beverages,19079.7,119987.8,15.901366638941624,,15.9,0.001366638941624032,,False,True
Eurostat,PT,PRT,2010,2018,CP04,Housing & utilities (incl. imputed rent),19890.6,119987.8,16.57718534717696,9.422207924472321,16.6,-0.022814652823040404,,False,True
Eurostat,PT,PRT,2011,2018,CP01,Food & non-alcoholic beverages,19424.1,118010.7,16.459609171032795,,16.5,-0.040390828967204584,,False,True
Eurostat,PT,PRT,2011,2018,CP04,Housing & utilities (incl. imputed rent),20307.6,118010.7,17.208270097542,9.750387041175081,17.2,0.008270097542002475,,False,True
Eurostat,PT,PRT,2012,2018,CP01,Food & non-alcoholic beverages,19812.3,114193.0,17.349837555717073,,17.3,0.04983755571707249,,False,True
Eurostat,PT,PRT,2012,2018,CP04,Housing & utilities (incl. imputed rent),21211.7,114193.0,18.575306717574634,10.450728153214294,18.6,-0.024693282425367613,,False,True
Eurostat,PT,PRT,2013,2018,CP01,Food & non-alcoholic beverages,20397.2,114378.9,17.83300940995236,,17.8,0.0330094099523599,,False,True
Eurostat,PT,PRT,2013,2018,CP04,Housing & utilities (incl. imputed rent),21766.7,114378.9,19.030345631930366,10.753032246332147,19.0,0.030345631930366324,,False,True
Eurostat,PT,PRT,2014,2018,CP01,Food & non-alcoholic beverages,20436.9,118069.6,17.309197287023924,,17.3,0.009197287023923195,,False,True
Eurostat,PT,PRT,2014,2018,CP04,Housing & utilities (incl. imputed rent),22710.1,118069.6,19.234502361319084,10.84207958695549,19.2,0.034502361319084685,,False,True
Eurostat,PT,PRT,2015,2018,CP01,Food & non-alcoholic beverages,20991.3,121925.7,17.21646871824398,,17.2,0.01646871824398133,,False,True
Eurostat,PT,PRT,2015,2018,CP04,Housing & utilities (incl. imputed rent),23148.5,121925.7,18.98574295657109,10.676092079028457,19.0,-0.0142570434289091,,False,True
Eurostat,PT,PRT,2016,2018,CP01,Food & non-alcoholic beverages,21571.7,127139.4,16.966966966966968,,17.0,-0.033033033033031955,,False,True
Eurostat,PT,PRT,2016,2018,CP04,Housing & utilities (incl. imputed rent),23685.8,127139.4,18.6297874616366,10.502409166631274,18.6,0.029787461636598067,,False,True
Eurostat,PT,PRT,2017,2018,CP01,Food & non-alcoholic beverages,22425.1,133646.1,16.779464570982615,,16.8,-0.02053542901738581,,False,True
Eurostat,PT,PRT,2017,2018,CP04,Housing & utilities (incl. imputed rent),23957.4,133646.1,17.926000085299908,10.167449704854835,17.9,0.02600008529990916,,False,True
Eurostat,PT,PRT,2018,2018,CP01,Food & non-alcoholic beverages,23077.3,140121.9,16.46944553278253,,16.5,-0.03055446721747046,,False,True
Eurostat,PT,PRT,2018,2018,CP04,Housing & utilities (incl. imputed rent),24664.1,140121.9,17.60188807031592,9.9596137363253,17.6,0.0018880703159176448,,False,True
Eurostat,PT,PRT,2019,2018,CP01,Food & non-alcoholic beverages,23766.9,146690.7,16.202049618687482,,16.2,0.0020496186874829903,,False,True
Eurostat,PT,PRT,2019,2018,CP04,Housing & utilities (incl. imputed rent),25498.5,146690.7,17.382492550652493,9.861565866138752,17.4,-0.017507449347505144,,False,True
Eurostat,PT,PRT,2020,2018,CP01,Food & non-alcoholic beverages,24425.0,129986.2,18.79045621766003,,18.8,-0.00954378233997133,,False,True
Eurostat,PT,PRT,2020,2018,CP04,Housing & utilities (incl. imputed rent),26270.8,129986.2,20.21045310963779,11.447445959648023,20.2,0.010453109637790448,,False,True
Eurostat,PT,PRT,2021,2018,CP01,Food & non-alcoholic beverages,25787.0,140488.7,18.355212910362184,,18.4,-0.04478708963781486,,False,True
Eurostat,PT,PRT,2021,2018,CP04,Housing & utilities (incl. imputed rent),26579.0,140488.7,18.918959318436286,10.767271673807215,18.9,0.01895931843628773,,False,True
Eurostat,PT,PRT,2022,2018,CP01,Food & non-alcoholic beverages,29818.2,167258.5,17.827614142181115,,17.8,0.027614142181114687,,False,True
Eurostat,PT,PRT,2022,2018,CP04,Housing & utilities (incl. imputed rent),28072.0,167258.5,16.78360143131739,9.342425048652236,16.8,-0.016398568682610914,,False,True
Eurostat,PT,PRT,2023,2018,CP01,Food & non-alcoholic beverages,33349.5,181615.5,18.362694814043955,,18.4,-0.037305185956043374,,False,True
Eurostat,PT,PRT,2023,2018,CP04,Housing & utilities (incl. imputed rent),28807.7,181615.5,15.861917072056075,9.055779930677724,15.9,-0.038082927943925426,,False,True
Eurostat,PT,PRT,2024,2018,CP01,Food & non-alcoholic beverages,35120.1,193233.4,18.174963541499555,,18.2,-0.02503645850044478,,False,True
Eurostat,PT,PRT,2024,2018,CP04,Housing & utilities (incl. imputed rent),30952.7,193233.4,16.018297043885788,9.167721522262715,16.0,0.0182970438857879,,False,True
Eurostat,PT,PRT,2025,2018,CP01,Food & non-alcoholic beverages,36962.2,205186.7,18.013935601089152,,18.0,0.013935601089151817,p,False,True
Eurostat,PT,PRT,2025,2018,CP04,Housing & utilities (incl. imputed rent),33343.5,205186.7,16.2503222674764,9.384136496176408,16.3,-0.04967773252360175,p,False,True
Eurostat,RO,ROU,1995,2018,CP01,Food & non-alcoholic beverages,1354.5,5274.5,,,25.7,,,True,False
Eurostat,RO,ROU,1995,2018,CP04,Housing & utilities (incl. imputed rent),1379.7,5274.5,,,26.2,,,True,False
Eurostat,RO,ROU,1996,2018,CP01,Food & non-alcoholic beverages,2131.3,8297.9,,,25.7,,,True,False
Eurostat,RO,ROU,1996,2018,CP04,Housing & utilities (incl. imputed rent),2170.4,8297.9,,,26.2,,,True,False
Eurostat,RO,ROU,1997,2018,CP01,Food & non-alcoholic beverages,4744.5,18473.7,,,25.7,,,True,False
Eurostat,RO,ROU,1997,2018,CP04,Housing & utilities (incl. imputed rent),4832.2,18473.7,,,26.2,,,True,False
Eurostat,RO,ROU,1998,2018,CP01,Food & non-alcoholic beverages,7294.8,28404.2,,,25.7,,,True,False
Eurostat,RO,ROU,1998,2018,CP04,Housing & utilities (incl. imputed rent),7429.7,28404.2,,,26.2,,,True,False
Eurostat,RO,ROU,1999,2018,CP01,Food & non-alcoholic beverages,10091.6,39295.1,,,25.7,,,True,False
Eurostat,RO,ROU,1999,2018,CP04,Housing & utilities (incl. imputed rent),10278.5,39295.1,,,26.2,,,True,False
Eurostat,RO,ROU,2000,2018,CP01,Food & non-alcoholic beverages,14081.3,54829.5,,,25.7,,,True,False
Eurostat,RO,ROU,2000,2018,CP04,Housing & utilities (incl. imputed rent),14342.0,54829.5,,,26.2,,,True,False
Eurostat,RO,ROU,2001,2018,CP01,Food & non-alcoholic beverages,20546.7,80003.9,,,25.7,,,True,False
Eurostat,RO,ROU,2001,2018,CP04,Housing & utilities (incl. imputed rent),20926.9,80003.9,,,26.2,,,True,False
Eurostat,RO,ROU,2002,2018,CP01,Food & non-alcoholic beverages,26490.6,103148.1,,,25.7,,,True,False
Eurostat,RO,ROU,2002,2018,CP04,Housing & utilities (incl. imputed rent),26980.7,103148.1,,,26.2,,,True,False
Eurostat,RO,ROU,2003,2018,CP01,Food & non-alcoholic beverages,33322.9,129751.5,,,25.7,,,True,False
Eurostat,RO,ROU,2003,2018,CP04,Housing & utilities (incl. imputed rent),33939.4,129751.5,,,26.2,,,True,False
Eurostat,RO,ROU,2004,2018,CP01,Food & non-alcoholic beverages,43475.0,169282.1,,,25.7,,,True,False
Eurostat,RO,ROU,2004,2018,CP04,Housing & utilities (incl. imputed rent),44279.6,169282.1,,,26.2,,,True,False
Eurostat,RO,ROU,2005,2018,CP01,Food & non-alcoholic beverages,51606.3,200941.9,,,25.7,,,True,False
Eurostat,RO,ROU,2005,2018,CP04,Housing & utilities (incl. imputed rent),52560.8,200941.9,,,26.2,,,True,False
Eurostat,RO,ROU,2006,2018,CP01,Food & non-alcoholic beverages,59486.3,231626.3,,,25.7,,,True,False
Eurostat,RO,ROU,2006,2018,CP04,Housing & utilities (incl. imputed rent),60587.1,231626.3,,,26.2,,,True,False
Eurostat,RO,ROU,2007,2018,CP01,Food & non-alcoholic beverages,72189.7,281089.3,,,25.7,,,True,False
Eurostat,RO,ROU,2007,2018,CP04,Housing & utilities (incl. imputed rent),73525.2,281089.3,,,26.2,,,True,False
Eurostat,RO,ROU,2008,2018,CP01,Food & non-alcoholic beverages,86657.5,337422.6,,,25.7,,,True,False
Eurostat,RO,ROU,2008,2018,CP04,Housing & utilities (incl. imputed rent),88260.5,337422.6,,,26.2,,,True,False
Eurostat,RO,ROU,2009,2018,CP01,Food & non-alcoholic beverages,84194.1,327832.5,,,25.7,,,True,False
Eurostat,RO,ROU,2009,2018,CP04,Housing & utilities (incl. imputed rent),85752.1,327832.5,,,26.2,,,True,False
Eurostat,RO,ROU,2010,2018,CP01,Food & non-alcoholic beverages,87604.8,340585.5,25.72182315453829,,25.7,0.021823154538289202,,False,False
Eurostat,RO,ROU,2010,2018,CP04,Housing & utilities (incl. imputed rent),90603.6,340585.5,26.60230690971871,13.017230621973045,26.6,0.002306909718708283,,False,False
Eurostat,RO,ROU,2011,2018,CP01,Food & non-alcoholic beverages,98748.3,369635.3,26.71506211663226,,26.7,0.015062116632261535,,False,False
Eurostat,RO,ROU,2011,2018,CP04,Housing & utilities (incl. imputed rent),97705.2,369635.3,26.43286504292204,12.352121131288058,26.4,0.03286504292204029,,False,False
Eurostat,RO,ROU,2012,2018,CP01,Food & non-alcoholic beverages,105057.6,390969.7,26.871033739954786,,26.9,-0.028966260045212522,,False,False
Eurostat,RO,ROU,2012,2018,CP04,Housing & utilities (incl. imputed rent),100747.5,390969.7,25.768620944282894,11.719450381960545,25.8,-0.03137905571710675,,False,False
Eurostat,RO,ROU,2013,2018,CP01,Food & non-alcoholic beverages,98042.3,383745.8,25.54876170631705,,25.5,0.04876170631704824,,False,False
Eurostat,RO,ROU,2013,2018,CP04,Housing & utilities (incl. imputed rent),99158.4,383745.8,25.839605280370492,12.643056940297456,25.8,0.03960528037049116,,False,False
Eurostat,RO,ROU,2014,2018,CP01,Food & non-alcoholic beverages,102223.5,400737.9,25.508817608716317,,25.5,0.008817608716316983,,False,False
Eurostat,RO,ROU,2014,2018,CP04,Housing & utilities (incl. imputed rent),104654.3,400737.9,26.11539861839871,12.810318165564075,26.1,0.015398618398709374,,False,False
Eurostat,RO,ROU,2015,2018,CP01,Food & non-alcoholic beverages,106288.7,426255.3,24.935455348003885,,24.9,0.035455348003885945,,False,False
Eurostat,RO,ROU,2015,2018,CP04,Housing & utilities (incl. imputed rent),113425.7,426255.3,26.609804030589178,13.48227224388764,26.6,0.009804030589176449,,False,False
Eurostat,RO,ROU,2016,2018,CP01,Food & non-alcoholic beverages,105176.2,456163.1,23.056709321731635,,23.1,-0.043290678268366634,,False,False
Eurostat,RO,ROU,2016,2018,CP04,Housing & utilities (incl. imputed rent),122577.4,456163.1,26.871397533031498,14.105963415278438,26.9,-0.02860246696850055,,False,False
Eurostat,RO,ROU,2017,2018,CP01,Food & non-alcoholic beverages,131479.3,521029.7,25.234511583504737,,25.2,0.03451158350473804,,False,False
Eurostat,RO,ROU,2017,2018,CP04,Housing & utilities (incl. imputed rent),134448.3,521029.7,25.804344742727714,12.349814223642145,25.8,0.00434474272771368,,False,False
Eurostat,RO,ROU,2018,2018,CP01,Food & non-alcoholic beverages,150434.3,589962.2,25.498972646044106,,25.5,-0.0010273539558944833,,False,False
Eurostat,RO,ROU,2018,2018,CP04,Housing & utilities (incl. imputed rent),144611.7,589962.2,24.512028058746818,11.074675631760815,24.5,0.012028058746818004,,False,False
Eurostat,RO,ROU,2019,2018,CP01,Food & non-alcoholic beverages,160587.6,638918.2,25.13429731693353,,25.1,0.034297316933528776,,False,False
Eurostat,RO,ROU,2019,2018,CP04,Housing & utilities (incl. imputed rent),158085.6,638918.2,24.74269789152978,11.491940595838406,24.7,0.04269789152978021,,False,False
Eurostat,RO,ROU,2020,2018,CP01,Food & non-alcoholic beverages,160129.4,635486.5,25.197923165952385,,25.2,-0.002076834047613829,,False,False
Eurostat,RO,ROU,2020,2018,CP04,Housing & utilities (incl. imputed rent),162046.0,635486.5,25.499518872548826,12.245515837079152,25.5,-0.00048112745117379063,,False,False
Eurostat,RO,ROU,2021,2018,CP01,Food & non-alcoholic beverages,178255.6,711267.3,25.061689184923868,,25.1,-0.038310815076133764,,False,False
Eurostat,RO,ROU,2021,2018,CP04,Housing & utilities (incl. imputed rent),177742.7,711267.3,24.98957846086837,11.810426263094056,25.0,-0.010421539131630908,,False,False
Eurostat,RO,ROU,2022,2018,CP01,Food & non-alcoholic beverages,210561.3,851085.3,24.740328613359903,,24.7,0.0403286133599039,,False,False
Eurostat,RO,ROU,2022,2018,CP04,Housing & utilities (incl. imputed rent),202022.7,851085.3,23.737068423106354,10.767780855808459,23.7,0.03706842310635494,,False,False
Eurostat,RO,ROU,2023,2018,CP01,Food & non-alcoholic beverages,219049.0,950386.5,23.048412409056738,,23.0,0.048412409056737715,,False,False
Eurostat,RO,ROU,2023,2018,CP04,Housing & utilities (incl. imputed rent),256804.4,950386.5,27.02104880488096,11.591831323361601,27.0,0.021048804880958727,,False,False
Eurostat,RO,ROU,2024,2018,CP01,Food & non-alcoholic beverages,246396.2,1066227.3,23.10916255849011,,23.1,0.009162558490107386,p,False,False
Eurostat,RO,ROU,2024,2018,CP04,Housing & utilities (incl. imputed rent),288865.5,1066227.3,27.092300112743313,11.622399839133738,27.1,-0.007699887256688243,p,False,False
Eurostat,RO,ROU,2025,2018,CP01,Food & non-alcoholic beverages,,,,,,,,False,False
Eurostat,RO,ROU,2025,2018,CP04,Housing & utilities (incl. imputed rent),,,,,,,,False,False
Eurostat,RS,SRB,1995,2018,CP01,Food & non-alcoholic beverages,10153.6,42137.8,24.096179677154478,,24.1,-0.0038203228455238047,,False,False
Eurostat,RS,SRB,1995,2018,CP04,Housing & utilities (incl. imputed rent),11900.9,42137.8,28.242812866357518,10.885713065228844,28.2,0.042812866357518686,,False,False
Eurostat,RS,SRB,1996,2018,CP01,Food & non-alcoholic beverages,20385.5,86566.4,23.548975121987286,,23.5,0.048975121987286485,,False,False
Eurostat,RS,SRB,1996,2018,CP04,Housing & utilities (incl. imputed rent),24100.7,86566.4,27.84070955936715,11.370808997486323,27.8,0.04070955936714782,,False,False
Eurostat,RS,SRB,1997,2018,CP01,Food & non-alcoholic beverages,26265.0,106903.2,24.56895584042386,,24.6,-0.031044159576140373,,False,False
Eurostat,RS,SRB,1997,2018,CP04,Housing & utilities (incl. imputed rent),28623.5,106903.2,26.77515733860165,11.28890435459369,26.8,-0.02484266139834901,,False,False
Eurostat,RS,SRB,1998,2018,CP01,Food & non-alcoholic beverages,37947.1,147001.7,25.814055211606394,,25.8,0.01405521160639367,,False,False
Eurostat,RS,SRB,1998,2018,CP04,Housing & utilities (incl. imputed rent),36697.5,147001.7,24.963997015000505,11.448166925960718,25.0,-0.03600298499949517,,False,False
Eurostat,RS,SRB,1999,2018,CP01,Food & non-alcoholic beverages,49538.0,175833.8,28.17319536971845,,28.2,-0.02680463028154989,,False,False
Eurostat,RS,SRB,1999,2018,CP04,Housing & utilities (incl. imputed rent),44037.9,175833.8,25.045184714201707,12.711606073462553,25.0,0.045184714201706555,,False,False
Eurostat,RS,SRB,2000,2018,CP01,Food & non-alcoholic beverages,111348.4,328540.5,33.891833731305574,,33.9,-0.008166268694424161,,False,False
Eurostat,RS,SRB,2000,2018,CP04,Housing & utilities (incl. imputed rent),71461.1,328540.5,21.751077873199804,12.038424486478835,21.8,-0.04892212680019625,,False,False
Eurostat,RS,SRB,2001,2018,CP01,Food & non-alcoholic beverages,233379.2,656522.6,35.54777855324402,,35.5,0.04777855324402225,,False,False
Eurostat,RS,SRB,2001,2018,CP04,Housing & utilities (incl. imputed rent),140041.4,656522.6,21.330781301359618,12.290407062909944,21.3,0.03078130135961743,,False,False
Eurostat,RS,SRB,2002,2018,CP01,Food & non-alcoholic beverages,261625.5,806645.6,32.43376025357357,,32.4,0.03376025357356838,,False,False
Eurostat,RS,SRB,2002,2018,CP04,Housing & utilities (incl. imputed rent),179711.9,806645.6,22.278916540299733,11.57469897560961,22.3,-0.021083459700268037,,False,False
Eurostat,RS,SRB,2003,2018,CP01,Food & non-alcoholic beverages,274963.4,913868.2,30.087861685087635,,30.1,-0.01213831491236661,,False,False
Eurostat,RS,SRB,2003,2018,CP04,Housing & utilities (incl. imputed rent),206376.5,913868.2,22.58274223788507,11.174182447753408,22.6,-0.01725776211493013,,False,False
Eurostat,RS,SRB,2004,2018,CP01,Food & non-alcoholic beverages,319976.4,1139916.9,28.070151429459468,,28.1,-0.02984857054053336,,False,False
Eurostat,RS,SRB,2004,2018,CP04,Housing & utilities (incl. imputed rent),266437.7,1139916.9,23.373431870340728,11.666631137761009,23.4,-0.026568129659271023,,False,False
Eurostat,RS,SRB,2005,2018,CP01,Food & non-alcoholic beverages,372248.2,1381065.9,26.95368845179655,,27.0,-0.046311548203451736,,False,False
Eurostat,RS,SRB,2005,2018,CP04,Housing & utilities (incl. imputed rent),316650.4,1381065.9,22.927971793380753,11.79176895179296,22.9,0.02797179338075395,,False,False
Eurostat,RS,SRB,2006,2018,CP01,Food & non-alcoholic beverages,437251.3,1655234.8,26.41627036840936,,26.4,0.016270368409362135,,False,False
Eurostat,RS,SRB,2006,2018,CP04,Housing & utilities (incl. imputed rent),355677.1,1655234.8,21.48801487257276,10.718642454834807,21.5,-0.011985127427241338,,False,False
Eurostat,RS,SRB,2007,2018,CP01,Food & non-alcoholic beverages,472507.5,1885494.7,25.060134085765394,,25.1,-0.03986591423460695,,False,False
Eurostat,RS,SRB,2007,2018,CP04,Housing & utilities (incl. imputed rent),391990.5,1885494.7,20.78979590873419,10.29497457616826,20.8,-0.010204091265809012,,False,False
Eurostat,RS,SRB,2008,2018,CP01,Food & non-alcoholic beverages,557284.6,2173141.8,25.64418944037614,,25.6,0.044189440376140254,,False,False
Eurostat,RS,SRB,2008,2018,CP04,Housing & utilities (incl. imputed rent),431539.4,2173141.8,19.8578574117897,10.10659773789267,19.9,-0.04214258821030015,,False,False
Eurostat,RS,SRB,2009,2018,CP01,Food & non-alcoholic beverages,588991.6,2287749.6,25.74545745740705,,25.7,0.04545745740704987,,False,False
Eurostat,RS,SRB,2009,2018,CP04,Housing & utilities (incl. imputed rent),472360.9,2287749.6,20.647403894202405,10.542202695609694,20.6,0.04740389420240376,,False,False
Eurostat,RS,SRB,2010,2018,CP01,Food & non-alcoholic beverages,616230.1,2443471.7,25.21944903229286,,25.2,0.019449032292861546,,False,False
Eurostat,RS,SRB,2010,2018,CP04,Housing & utilities (incl. imputed rent),517956.5,2443471.7,21.1975649237108,10.854183414524506,21.2,-0.002435076289199145,,False,False
Eurostat,RS,SRB,2011,2018,CP01,Food & non-alcoholic beverages,721269.5,2719517.0,26.52197062934337,,26.5,0.021970629343371684,,False,False
Eurostat,RS,SRB,2011,2018,CP04,Housing & utilities (incl. imputed rent),570725.9,2719517.0,20.98629646367351,10.608887534073146,21.0,-0.013703536326488575,,False,False
Eurostat,RS,SRB,2012,2018,CP01,Food & non-alcoholic beverages,743994.9,2855777.4,26.052272141379092,,26.1,-0.04772785862090956,,False,False
Eurostat,RS,SRB,2012,2018,CP04,Housing & utilities (incl. imputed rent),606013.0,2855777.4,21.22059653529018,10.769540371038723,21.2,0.02059653529018135,,False,False
Eurostat,RS,SRB,2013,2018,CP01,Food & non-alcoholic beverages,788138.2,3004704.7,26.230138356025467,,26.2,0.030138356025467772,,False,False
Eurostat,RS,SRB,2013,2018,CP04,Housing & utilities (incl. imputed rent),626463.0,3004704.7,20.849403270810605,10.21045762001171,20.8,0.04940327081060403,,False,False
Eurostat,RS,SRB,2014,2018,CP01,Food & non-alcoholic beverages,758823.3,3071800.3,24.702885145235516,,24.7,0.0028851452355169727,,False,False
Eurostat,RS,SRB,2014,2018,CP04,Housing & utilities (incl. imputed rent),663135.9,3071800.3,21.58785842946887,10.749956629667626,21.6,-0.012141570531131407,,False,False
Eurostat,RS,SRB,2015,2018,CP01,Food & non-alcoholic beverages,776378.3,3111646.1,24.950726241007935,,25.0,-0.0492737589920651,,False,False
Eurostat,RS,SRB,2015,2018,CP04,Housing & utilities (incl. imputed rent),673738.6,3111646.1,21.65216025048607,10.869176285825048,21.7,-0.047839749513929775,,False,False
Eurostat,RS,SRB,2016,2018,CP01,Food & non-alcoholic beverages,789534.3,3214419.8,24.562264704815473,,24.6,-0.037735295184528894,,False,False
Eurostat,RS,SRB,2016,2018,CP04,Housing & utilities (incl. imputed rent),694364.2,3214419.8,21.601540657508394,11.039239491991681,21.6,0.0015406575083929397,,False,False
Eurostat,RS,SRB,2017,2018,CP01,Food & non-alcoholic beverages,825142.4,3397230.3,24.288680105084428,,24.3,-0.011319894915573059,,False,False
Eurostat,RS,SRB,2017,2018,CP04,Housing & utilities (incl. imputed rent),717263.5,3397230.3,21.113184466769887,10.715122845807658,21.1,0.013184466769885717,,False,False
Eurostat,RS,SRB,2018,2018,CP01,Food & non-alcoholic beverages,835084.3,3541436.6,23.580382605183445,,23.6,-0.019617394816556555,,False,False
Eurostat,RS,SRB,2018,2018,CP04,Housing & utilities (incl. imputed rent),733526.0,3541436.6,20.71266784784457,10.786814593828957,20.7,0.012667847844571867,,False,False
Eurostat,RS,SRB,2019,2018,CP01,Food & non-alcoholic beverages,852509.0,3707577.3,22.99369456167509,,23.0,-0.006305438324911705,,False,False
Eurostat,RS,SRB,2019,2018,CP04,Housing & utilities (incl. imputed rent),757831.5,3707577.3,20.44007282059905,10.838082863437535,20.4,0.040072820599050374,,False,False
Eurostat,RS,SRB,2020,2018,CP01,Food & non-alcoholic beverages,888580.2,3698225.1,24.02720699721604,,24.0,0.027206997216040918,,False,False
Eurostat,RS,SRB,2020,2018,CP04,Housing & utilities (incl. imputed rent),782779.0,3698225.1,21.166342741008382,11.434055217460937,21.2,-0.03365725899161731,,False,False
Eurostat,RS,SRB,2021,2018,CP01,Food & non-alcoholic beverages,950709.9,4179686.0,22.74596464901909,,22.7,0.04596464901909059,,False,False
Eurostat,RS,SRB,2021,2018,CP04,Housing & utilities (incl. imputed rent),848897.6,4179686.0,20.310080709412144,11.090859456906571,20.3,0.010080709412143563,,False,False
Eurostat,RS,SRB,2022,2018,CP01,Food & non-alcoholic beverages,1153979.4,4888514.6,23.605931339552512,,23.6,0.005931339552510906,,False,False
Eurostat,RS,SRB,2022,2018,CP04,Housing & utilities (incl. imputed rent),921207.9,4888514.6,18.84433156853004,10.262683883566595,18.8,0.0443315685300405,,False,False
Eurostat,RS,SRB,2023,2018,CP01,Food & non-alcoholic beverages,1310985.3,5435328.5,24.119706840166145,,24.1,0.01970684016614399,p,False,False
Eurostat,RS,SRB,2023,2018,CP04,Housing & utilities (incl. imputed rent),1012814.7,5435328.5,18.63391881465858,9.87238765789409,18.6,0.033918814658576935,p,False,False
Eurostat,RS,SRB,2024,2018,CP01,Food & non-alcoholic beverages,1392987.8,5907979.9,23.578072769001803,,23.6,-0.021927230998198155,p,False,False
Eurostat,RS,SRB,2024,2018,CP04,Housing & utilities (incl. imputed rent),1077569.8,5907979.9,18.239225898517358,9.346069373052538,18.2,0.03922589851735836,p,False,False
Eurostat,RS,SRB,2025,2018,CP01,Food & non-alcoholic beverages,,,,,,,,False,False
Eurostat,RS,SRB,2025,2018,CP04,Housing & utilities (incl. imputed rent),,,,,,,,False,False
Eurostat,SE,SWE,1993,2018,CP01,Food & non-alcoholic beverages,113754.0,820270.0,13.867872773598938,,13.9,-0.03212722640106236,,False,False
Eurostat,SE,SWE,1993,2018,CP04,Housing & utilities (incl. imputed rent),253522.0,820270.0,30.907140331841955,17.202262669608785,30.9,0.007140331841956282,,False,False
Eurostat,SE,SWE,1994,2018,CP01,Food & non-alcoholic beverages,119230.0,856788.0,13.91592786080104,,13.9,0.015927860801038918,,False,False
Eurostat,SE,SWE,1994,2018,CP04,Housing & utilities (incl. imputed rent),263338.0,856788.0,30.735491160006912,17.11730323020397,30.7,0.03549116000691299,,False,False
Eurostat,SE,SWE,1995,2018,CP01,Food & non-alcoholic beverages,121645.0,894348.0,13.601528711418823,,13.6,0.0015287114188229367,,False,False
Eurostat,SE,SWE,1995,2018,CP04,Housing & utilities (incl. imputed rent),271792.0,894348.0,30.389960060289727,16.92171280083368,30.4,-0.010039939710271284,,False,False
Eurostat,SE,SWE,1996,2018,CP01,Food & non-alcoholic beverages,116736.0,919729.0,12.692434401872726,,12.7,-0.007565598127273532,,False,False
Eurostat,SE,SWE,1996,2018,CP04,Housing & utilities (incl. imputed rent),285786.0,919729.0,31.072848632586336,17.082640647408095,31.1,-0.02715136741366564,,False,False
Eurostat,SE,SWE,1997,2018,CP01,Food & non-alcoholic beverages,119415.0,959746.0,12.442354539638613,,12.4,0.042354539638612465,,False,False
Eurostat,SE,SWE,1997,2018,CP04,Housing & utilities (incl. imputed rent),293443.0,959746.0,30.575068820292035,16.91176623815051,30.6,-0.024931179707966322,,False,False
Eurostat,SE,SWE,1998,2018,CP01,Food & non-alcoholic beverages,121390.0,994561.0,12.205385089501801,,12.2,0.005385089501801943,,False,False
Eurostat,SE,SWE,1998,2018,CP04,Housing & utilities (incl. imputed rent),294351.0,994561.0,29.596073041271474,16.23972787993899,29.6,-0.003926958728527552,,False,False
Eurostat,SE,SWE,1999,2018,CP01,Food & non-alcoholic beverages,125015.0,1054484.0,11.855561582726718,,11.9,-0.04443841727328213,,False,False
Eurostat,SE,SWE,1999,2018,CP04,Housing & utilities (incl. imputed rent),295212.0,1054484.0,27.995872862935805,15.384017206519966,28.0,-0.004127137064195097,,False,False
Eurostat,SE,SWE,2000,2018,CP01,Food & non-alcoholic beverages,129517.0,1115259.0,11.61317684950312,,11.6,0.013176849503119925,,False,False
Eurostat,SE,SWE,2000,2018,CP04,Housing & utilities (incl. imputed rent),299562.0,1115259.0,26.860307785007787,14.794141988542572,26.9,-0.039692214992211206,,False,False
Eurostat,SE,SWE,2001,2018,CP01,Food & non-alcoholic beverages,137253.0,1153918.0,11.894519367927357,,11.9,-0.005480632072643488,,False,False
Eurostat,SE,SWE,2001,2018,CP04,Housing & utilities (incl. imputed rent),310354.0,1153918.0,26.89567196282578,14.46099289550904,26.9,-0.00432803717421848,,False,False
Eurostat,SE,SWE,2002,2018,CP01,Food & non-alcoholic beverages,145940.0,1200397.0,12.15764451260708,,12.2,-0.0423554873929195,,False,False
Eurostat,SE,SWE,2002,2018,CP04,Housing & utilities (incl. imputed rent),323329.0,1200397.0,26.935172280503867,14.46338169788828,26.9,0.035172280503868336,,False,False
Eurostat,SE,SWE,2003,2018,CP01,Food & non-alcoholic beverages,149192.0,1241749.0,12.014666410039387,,12.0,0.0146664100393874,,False,False
Eurostat,SE,SWE,2003,2018,CP04,Housing & utilities (incl. imputed rent),340065.0,1241749.0,27.38596930619634,14.672691502066842,27.4,-0.014030693803658068,,False,False
Eurostat,SE,SWE,2004,2018,CP01,Food & non-alcoholic beverages,151277.0,1282811.0,11.792617930466765,,11.8,-0.0073820695332358355,,False,False
Eurostat,SE,SWE,2004,2018,CP04,Housing & utilities (incl. imputed rent),346086.0,1282811.0,26.97872094953972,14.590691847824816,27.0,-0.021279050460279336,,False,False
Eurostat,SE,SWE,2005,2018,CP01,Food & non-alcoholic beverages,154309.0,1338575.0,11.527856115645369,,11.5,0.027856115645368718,,False,False
Eurostat,SE,SWE,2005,2018,CP04,Housing & utilities (incl. imputed rent),356732.0,1338575.0,26.650131669872813,14.693984274321572,26.7,-0.049868330127186056,,False,False
Eurostat,SE,SWE,2006,2018,CP01,Food & non-alcoholic beverages,161713.0,1398234.0,11.565517645830385,,11.6,-0.03448235416961509,,False,False
Eurostat,SE,SWE,2006,2018,CP04,Housing & utilities (incl. imputed rent),367286.0,1398234.0,26.26784930133297,14.327215616270239,26.3,-0.03215069866703146,,False,False
Eurostat,SE,SWE,2007,2018,CP01,Food & non-alcoholic beverages,170896.0,1479909.0,11.54773705680552,,11.5,0.047737056805519984,,False,False
Eurostat,SE,SWE,2007,2018,CP04,Housing & utilities (incl. imputed rent),382016.0,1479909.0,25.81347907202402,14.139382894488783,25.8,0.01347907202401899,,False,False
Eurostat,SE,SWE,2008,2018,CP01,Food & non-alcoholic beverages,179635.0,1520470.0,11.814438956375332,,11.8,0.014438956375331102,,False,False
Eurostat,SE,SWE,2008,2018,CP04,Housing & utilities (incl. imputed rent),398471.0,1520470.0,26.20709385913566,14.237110893342189,26.2,0.007093859135661518,,False,False
Eurostat,SE,SWE,2009,2018,CP01,Food & non-alcoholic beverages,189773.0,1564203.0,12.132248819366795,,12.1,0.0322488193667958,,False,False
Eurostat,SE,SWE,2009,2018,CP04,Housing & utilities (incl. imputed rent),416960.0,1564203.0,26.6563866710395,14.58749279984759,26.7,-0.0436133289605003,,False,False
Eurostat,SE,SWE,2010,2018,CP01,Food & non-alcoholic beverages,192811.0,1640859.0,11.750613550585394,,11.8,-0.049386449414607014,,False,False
Eurostat,SE,SWE,2010,2018,CP04,Housing & utilities (incl. imputed rent),436804.0,1640859.0,26.620446973201233,14.300802201773582,26.6,0.020446973201231344,,False,False
Eurostat,SE,SWE,2011,2018,CP01,Food & non-alcoholic beverages,197410.0,1695830.0,11.640907402274992,,11.6,0.04090740227499268,,False,False
Eurostat,SE,SWE,2011,2018,CP04,Housing & utilities (incl. imputed rent),447538.0,1695830.0,26.390499047663972,14.617679838191327,26.4,-0.009500952336026103,,False,False
Eurostat,SE,SWE,2012,2018,CP01,Food & non-alcoholic beverages,206721.0,1720508.0,12.01511414070728,,12.0,0.015114140707279233,,False,False
Eurostat,SE,SWE,2012,2018,CP04,Housing & utilities (incl. imputed rent),449973.0,1720508.0,26.153496525444808,14.290314256022057,26.2,-0.046503474555191104,,False,False
Eurostat,SE,SWE,2013,2018,CP01,Food & non-alcoholic beverages,211896.0,1758050.0,12.05289951935383,,12.1,-0.04710048064617034,,False,False
Eurostat,SE,SWE,2013,2018,CP04,Housing & utilities (incl. imputed rent),458911.0,1758050.0,26.103410028156194,14.34401751941071,26.1,0.0034100281561926238,,False,False
Eurostat,SE,SWE,2014,2018,CP01,Food & non-alcoholic beverages,219220.0,1824969.0,12.01225883836931,,12.0,0.012258838369309188,,False,False
Eurostat,SE,SWE,2014,2018,CP04,Housing & utilities (incl. imputed rent),470674.0,1824969.0,25.79079425458734,14.486931010882925,25.8,-0.00920574541266106,,False,False
Eurostat,SE,SWE,2015,2018,CP01,Food & non-alcoholic beverages,230539.0,1919048.0,12.01319612641268,,12.0,0.013196126412680087,,False,False
Eurostat,SE,SWE,2015,2018,CP04,Housing & utilities (incl. imputed rent),485663.0,1919048.0,25.3074962168742,14.165461207848892,25.3,0.007496216874198325,,False,False
Eurostat,SE,SWE,2016,2018,CP01,Food & non-alcoholic beverages,240868.0,1982978.0,12.146781255263548,,12.1,0.04678125526354826,,False,False
Eurostat,SE,SWE,2016,2018,CP04,Housing & utilities (incl. imputed rent),503567.0,1982978.0,25.394482440047245,14.167227271306086,25.4,-0.0055175599527537145,,False,False
Eurostat,SE,SWE,2017,2018,CP01,Food & non-alcoholic beverages,249239.0,2060018.0,12.098874864200216,,12.1,-0.001125135799783905,,False,False
Eurostat,SE,SWE,2017,2018,CP04,Housing & utilities (incl. imputed rent),524547.0,2060018.0,25.463224107750516,14.24492407347897,25.5,-0.03677589224948363,,False,False
Eurostat,SE,SWE,2018,2018,CP01,Food & non-alcoholic beverages,264731.0,2154094.0,12.289667953209099,,12.3,-0.010332046790901828,,False,False
Eurostat,SE,SWE,2018,2018,CP04,Housing & utilities (incl. imputed rent),552157.0,2154094.0,25.632911098587158,14.28178157499162,25.6,0.03291109858715657,,False,False
Eurostat,SE,SWE,2019,2018,CP01,Food & non-alcoholic beverages,270293.0,2217193.0,12.19077455142606,,12.2,-0.009225448573939588,,False,False
Eurostat,SE,SWE,2019,2018,CP04,Housing & utilities (incl. imputed rent),572851.0,2217193.0,25.836767480323093,14.487372096159422,25.8,0.03676748032309263,,False,False
Eurostat,SE,SWE,2020,2018,CP01,Food & non-alcoholic beverages,287732.0,2185369.0,13.166289079784695,,13.2,-0.033710920215304085,,False,False
Eurostat,SE,SWE,2020,2018,CP04,Housing & utilities (incl. imputed rent),590121.0,2185369.0,27.003265810030253,15.529825855496258,27.0,0.003265810030253391,,False,False
Eurostat,SE,SWE,2021,2018,CP01,Food & non-alcoholic beverages,298963.0,2360316.0,12.666227742387036,,12.7,-0.033772257612962875,,False,False
Eurostat,SE,SWE,2021,2018,CP04,Housing & utilities (incl. imputed rent),623538.0,2360316.0,26.417564427813904,14.325285258414553,26.4,0.017564427813905326,,False,False
Eurostat,SE,SWE,2022,2018,CP01,Food & non-alcoholic beverages,323030.0,2588446.0,12.479688585351983,,12.5,-0.02031141464801678,,False,False
Eurostat,SE,SWE,2022,2018,CP04,Housing & utilities (incl. imputed rent),648004.0,2588446.0,25.03448014754799,13.289827178160177,25.0,0.03448014754798834,,False,False
Eurostat,SE,SWE,2023,2018,CP01,Food & non-alcoholic beverages,349563.0,2710539.0,12.896438678801522,,12.9,-0.0035613211984788506,,False,False
Eurostat,SE,SWE,2023,2018,CP04,Housing & utilities (incl. imputed rent),665923.0,2710539.0,24.567918041393245,13.49226113330227,24.6,-0.032081958606756444,,False,False
Eurostat,SE,SWE,2024,2018,CP01,Food & non-alcoholic beverages,366167.0,2831492.0,12.931945419587976,,12.9,0.031945419587975366,,False,False
Eurostat,SE,SWE,2024,2018,CP04,Housing & utilities (incl. imputed rent),703566.0,2831492.0,24.84788938128732,14.070179255318397,24.8,0.047889381287319566,,False,False
Eurostat,SE,SWE,2025,2018,CP01,Food & non-alcoholic beverages,379345.0,2969925.0,12.772881470070793,,12.8,-0.027118529929207824,,False,False
Eurostat,SE,SWE,2025,2018,CP04,Housing & utilities (incl. imputed rent),747750.0,2969925.0,25.177403469784593,14.193422392821367,25.2,-0.022596530215405863,,False,False
Eurostat,SI,SVN,1995,2018,CP01,Food & non-alcoholic beverages,1098.8,6398.2,17.173580069394518,,17.2,-0.026419930605481312,,False,False
Eurostat,SI,SVN,1995,2018,CP04,Housing & utilities (incl. imputed rent),1243.3,6398.2,19.432027757806882,13.134944203057112,19.4,0.03202775780688327,,False,False
Eurostat,SI,SVN,1996,2018,CP01,Food & non-alcoholic beverages,1231.0,7339.0,16.77340237089522,,16.8,-0.026597629104781362,,False,False
Eurostat,SI,SVN,1996,2018,CP04,Housing & utilities (incl. imputed rent),1426.3,7339.0,19.434527864831722,12.954080937457421,19.4,0.03452786483172332,,False,False
Eurostat,SI,SVN,1997,2018,CP01,Food & non-alcoholic beverages,1392.4,8244.9,16.88801562177831,,16.9,-0.011984378221686853,,False,False
Eurostat,SI,SVN,1997,2018,CP04,Housing & utilities (incl. imputed rent),1598.4,8244.9,19.386529854819344,12.650244393503861,19.4,-0.013470145180654924,,False,False
Eurostat,SI,SVN,1998,2018,CP01,Food & non-alcoholic beverages,1521.7,8942.1,17.017255454535288,,17.0,0.017255454535288095,,False,False
Eurostat,SI,SVN,1998,2018,CP04,Housing & utilities (incl. imputed rent),1739.0,8942.1,19.447333400431667,12.608895002292526,19.4,0.04733340043166834,,False,False
Eurostat,SI,SVN,1999,2018,CP01,Food & non-alcoholic beverages,1649.3,10021.4,16.45778035005089,,16.5,-0.04221964994911076,,False,False
Eurostat,SI,SVN,1999,2018,CP04,Housing & utilities (incl. imputed rent),1912.4,10021.4,19.08316203324885,12.041231764024987,19.1,-0.0168379667511509,,False,False
Eurostat,SI,SVN,2000,2018,CP01,Food & non-alcoholic beverages,1759.7,10800.1,16.293367654003205,,16.3,-0.006632345996795408,,False,False
Eurostat,SI,SVN,2000,2018,CP04,Housing & utilities (incl. imputed rent),2098.6,10800.1,19.431301562022576,12.045258840195924,19.4,0.031301562022576945,,False,False
Eurostat,SI,SVN,2001,2018,CP01,Food & non-alcoholic beverages,1970.7,11910.9,16.54534921794323,,16.5,0.04534921794322955,,False,False
Eurostat,SI,SVN,2001,2018,CP04,Housing & utilities (incl. imputed rent),2279.9,11910.9,19.14129075048905,11.666624688310707,19.1,0.04129075048904696,,False,False
Eurostat,SI,SVN,2002,2018,CP01,Food & non-alcoholic beverages,2115.0,13047.6,16.209877678653545,,16.2,0.009877678653545274,,False,False
Eurostat,SI,SVN,2002,2018,CP04,Housing & utilities (incl. imputed rent),2423.7,13047.6,18.575830037708084,11.292498237223704,18.6,-0.024169962291917813,,False,False
Eurostat,SI,SVN,2003,2018,CP01,Food & non-alcoholic beverages,2275.4,14240.3,15.97859595654586,,16.0,-0.021404043454140265,,False,False
Eurostat,SI,SVN,2003,2018,CP04,Housing & utilities (incl. imputed rent),2570.6,14240.3,18.051585991868148,10.829828023286026,18.1,-0.04841400813185359,,False,False
Eurostat,SI,SVN,2004,2018,CP01,Food & non-alcoholic beverages,2301.2,15142.8,15.196661119475921,,15.2,-0.0033388805240779362,,False,False
Eurostat,SI,SVN,2004,2018,CP04,Housing & utilities (incl. imputed rent),2820.8,15142.8,18.627994822621975,11.106928705391342,18.6,0.027994822621973725,,False,False
Eurostat,SI,SVN,2005,2018,CP01,Food & non-alcoholic beverages,2318.1,16019.9,14.470127778575398,,14.5,-0.02987222142460233,,False,False
Eurostat,SI,SVN,2005,2018,CP04,Housing & utilities (incl. imputed rent),3032.3,16019.9,18.928332885973074,11.054376119701123,18.9,0.02833288597307515,,False,False
Eurostat,SI,SVN,2006,2018,CP01,Food & non-alcoholic beverages,2341.7,16636.6,14.075592368633014,,14.1,-0.024407631366985427,,False,False
Eurostat,SI,SVN,2006,2018,CP04,Housing & utilities (incl. imputed rent),3225.0,16636.6,19.384970486758114,11.259512159936527,19.4,-0.015029513241884729,,False,False
Eurostat,SI,SVN,2007,2018,CP01,Food & non-alcoholic beverages,2562.5,18485.4,13.862291321799905,,13.9,-0.03770867820009549,,False,False
Eurostat,SI,SVN,2007,2018,CP04,Housing & utilities (incl. imputed rent),3446.0,18485.4,18.641738885823404,10.817185454466767,18.6,0.04173888582340268,,False,False
Eurostat,SI,SVN,2008,2018,CP01,Food & non-alcoholic beverages,2849.9,20014.5,14.239176596967198,,14.2,0.03917659696719866,,False,False
Eurostat,SI,SVN,2008,2018,CP04,Housing & utilities (incl. imputed rent),3772.3,20014.5,18.84783531939344,10.63828724174973,18.8,0.04783531939343888,,False,False
Eurostat,SI,SVN,2009,2018,CP01,Food & non-alcoholic beverages,2919.3,20173.6,14.47089265178253,,14.5,-0.02910734821747063,,False,False
Eurostat,SI,SVN,2009,2018,CP04,Housing & utilities (incl. imputed rent),3864.5,20173.6,19.156223975889283,10.708054090494509,19.2,-0.04377602411071635,,False,False
Eurostat,SI,SVN,2010,2018,CP01,Food & non-alcoholic beverages,2971.8,20934.8,14.195502225958693,,14.2,-0.004497774041306357,,False,False
Eurostat,SI,SVN,2010,2018,CP04,Housing & utilities (incl. imputed rent),4108.4,20934.8,19.624739667921354,10.32586888816707,19.6,0.024739667921352293,,False,False
Eurostat,SI,SVN,2011,2018,CP01,Food & non-alcoholic beverages,3131.1,21474.0,14.580888516345347,,14.6,-0.019111483654652872,,False,False
Eurostat,SI,SVN,2011,2018,CP04,Housing & utilities (incl. imputed rent),4228.5,21474.0,19.691254540374405,10.267299990686412,19.7,-0.00874545962559381,,False,False
Eurostat,SI,SVN,2012,2018,CP01,Food & non-alcoholic beverages,3212.7,21480.7,14.956216510635127,,15.0,-0.04378348936487342,,False,False
Eurostat,SI,SVN,2012,2018,CP04,Housing & utilities (incl. imputed rent),4292.2,21480.7,19.98165795341865,10.36884272858892,20.0,-0.01834204658134908,,False,False
Eurostat,SI,SVN,2013,2018,CP01,Food & non-alcoholic beverages,3152.9,20988.4,15.022107449829427,,15.0,0.02210744982942714,,False,False
Eurostat,SI,SVN,2013,2018,CP04,Housing & utilities (incl. imputed rent),4240.7,20988.4,20.20497036458234,10.662556459758724,20.2,0.004970364582341347,,False,False
Eurostat,SI,SVN,2014,2018,CP01,Food & non-alcoholic beverages,3135.0,21222.3,14.772197169958016,,14.8,-0.027802830041984805,,False,False
Eurostat,SI,SVN,2014,2018,CP04,Housing & utilities (incl. imputed rent),4207.5,21222.3,19.82584357020681,10.671793349448459,19.8,0.02584357020680983,,False,False
Eurostat,SI,SVN,2015,2018,CP01,Food & non-alcoholic beverages,3182.7,21592.1,14.740113282172645,,14.7,0.04011328217264598,,False,False
Eurostat,SI,SVN,2015,2018,CP04,Housing & utilities (incl. imputed rent),4264.7,21592.1,19.751205301939134,10.84609648899366,19.8,-0.04879469806086689,,False,False
Eurostat,SI,SVN,2016,2018,CP01,Food & non-alcoholic beverages,3261.2,22354.2,14.588757369979689,,14.6,-0.011242630020310784,,False,False
Eurostat,SI,SVN,2016,2018,CP04,Housing & utilities (incl. imputed rent),4386.9,22354.2,19.624500093942075,10.900412450456736,19.6,0.02450009394207342,,False,False
Eurostat,SI,SVN,2017,2018,CP01,Food & non-alcoholic beverages,3293.5,23343.8,14.108671253180717,,14.1,0.008671253180716931,,False,False
Eurostat,SI,SVN,2017,2018,CP04,Housing & utilities (incl. imputed rent),4470.0,23343.8,19.148553363205647,10.644796477008885,19.1,0.048553363205645184,,False,False
Eurostat,SI,SVN,2018,2018,CP01,Food & non-alcoholic beverages,3425.8,24626.9,13.910804851605358,,13.9,0.010804851605357157,,False,False
Eurostat,SI,SVN,2018,2018,CP04,Housing & utilities (incl. imputed rent),4624.1,24626.9,18.77662231137496,10.353718900876684,18.8,-0.02337768862503964,,False,False
Eurostat,SI,SVN,2019,2018,CP01,Food & non-alcoholic beverages,3645.4,26299.0,13.861363549944866,,13.9,-0.03863645005513483,,False,False
Eurostat,SI,SVN,2019,2018,CP04,Housing & utilities (incl. imputed rent),4827.0,26299.0,18.35431004981178,9.908741777253887,18.4,-0.045689950188219086,,False,False
Eurostat,SI,SVN,2020,2018,CP01,Food & non-alcoholic beverages,3710.5,23474.2,15.80671545782178,,15.8,0.006715457821778514,,False,False
Eurostat,SI,SVN,2020,2018,CP04,Housing & utilities (incl. imputed rent),4914.7,23474.2,20.93660273832548,11.351185556909286,20.9,0.036602738325481,,False,False
Eurostat,SI,SVN,2021,2018,CP01,Food & non-alcoholic beverages,3803.3,27098.3,14.035197779934535,,14.0,0.03519777993453488,,False,False
Eurostat,SI,SVN,2021,2018,CP04,Housing & utilities (incl. imputed rent),5260.8,27098.3,19.413763963053036,10.335703715731247,19.4,0.013763963053037287,,False,False
Eurostat,SI,SVN,2022,2018,CP01,Food & non-alcoholic beverages,4329.5,31313.8,13.826172486252068,,13.8,0.026172486252066918,,False,False
Eurostat,SI,SVN,2022,2018,CP04,Housing & utilities (incl. imputed rent),5932.1,31313.8,18.94404384009606,10.052117596714547,18.9,0.044043840096062326,,False,False
Eurostat,SI,SVN,2023,2018,CP01,Food & non-alcoholic beverages,4714.7,33564.3,14.046769931147079,,14.0,0.046769931147078836,,False,False
Eurostat,SI,SVN,2023,2018,CP04,Housing & utilities (incl. imputed rent),6147.0,33564.3,18.31410159008232,9.7880784047336,18.3,0.014101590082319149,,False,False
Eurostat,SI,SVN,2024,2018,CP01,Food & non-alcoholic beverages,5159.7,35281.1,14.624544019319124,,14.6,0.024544019319124644,,False,False
Eurostat,SI,SVN,2024,2018,CP04,Housing & utilities (incl. imputed rent),6355.8,35281.1,18.014744438240303,9.533716352381303,18.0,0.014744438240303026,,False,False
Eurostat,SI,SVN,2025,2018,CP01,Food & non-alcoholic beverages,5648.5,36892.6,15.310658506041863,,15.3,0.010658506041862026,,False,False
Eurostat,SI,SVN,2025,2018,CP04,Housing & utilities (incl. imputed rent),6612.6,36892.6,17.92391970205407,9.399445959352281,17.9,0.0239197020540729,,False,False
Eurostat,SK,SVK,1995,2018,CP01,Food & non-alcoholic beverages,2115.0,10403.6,20.329501326463916,,20.3,0.029501326463915234,,False,False
Eurostat,SK,SVK,1995,2018,CP04,Housing & utilities (incl. imputed rent),3519.6,10403.6,33.8305971010035,24.860625168211005,33.8,0.03059710100350088,,False,False
Eurostat,SK,SVK,1996,2018,CP01,Food & non-alcoholic beverages,2263.3,11481.6,19.712409420289855,,19.7,0.012409420289856143,,False,False
Eurostat,SK,SVK,1996,2018,CP04,Housing & utilities (incl. imputed rent),3673.3,11481.6,31.99292781493869,23.114374303233,32.0,-0.0070721850613111314,,False,False
Eurostat,SK,SVK,1997,2018,CP01,Food & non-alcoholic beverages,2584.3,12462.6,20.7364434387688,,20.7,0.0364434387687993,,False,False
Eurostat,SK,SVK,1997,2018,CP04,Housing & utilities (incl. imputed rent),3798.2,12462.6,30.476786545343664,21.69290517227545,30.5,-0.02321345465633584,,False,False
Eurostat,SK,SVK,1998,2018,CP01,Food & non-alcoholic beverages,2806.3,13716.9,20.458704226173555,,20.5,-0.04129577382644456,,False,False
Eurostat,SK,SVK,1998,2018,CP04,Housing & utilities (incl. imputed rent),4005.5,13716.9,29.2012043537534,20.212292865005942,29.2,0.0012043537534012216,,False,False
Eurostat,SK,SVK,1999,2018,CP01,Food & non-alcoholic beverages,3043.2,15117.7,20.130046237192165,,20.1,0.03004623719216326,,False,False
Eurostat,SK,SVK,1999,2018,CP04,Housing & utilities (incl. imputed rent),4394.8,15117.7,29.07055967508285,18.87059539480212,29.1,-0.029440324917150207,,False,False
Eurostat,SK,SVK,2000,2018,CP01,Food & non-alcoholic beverages,3266.8,16833.2,19.406886391179338,,19.4,0.006886391179339313,,False,False
Eurostat,SK,SVK,2000,2018,CP04,Housing & utilities (incl. imputed rent),4994.8,16833.2,29.672314236152364,18.301333079865977,29.7,-0.02768576384763577,,False,False
Eurostat,SK,SVK,2001,2018,CP01,Food & non-alcoholic beverages,3399.7,19068.2,17.829160591980365,,17.8,0.02916059198036436,,False,False
Eurostat,SK,SVK,2001,2018,CP04,Housing & utilities (incl. imputed rent),5438.5,19068.2,28.521307727000973,17.162605804428313,28.5,0.021307727000973387,,False,False
Eurostat,SK,SVK,2002,2018,CP01,Food & non-alcoholic beverages,3587.7,20551.4,17.457204861955873,,17.5,-0.04279513804412716,,False,False
Eurostat,SK,SVK,2002,2018,CP04,Housing & utilities (incl. imputed rent),6095.0,20551.4,29.657346944733693,17.92724583240071,29.7,-0.042653055266306694,,False,False
Eurostat,SK,SVK,2003,2018,CP01,Food & non-alcoholic beverages,3572.3,21956.2,16.27011960175258,,16.3,-0.02988039824742117,,False,False
Eurostat,SK,SVK,2003,2018,CP04,Housing & utilities (incl. imputed rent),6999.1,21956.2,31.877556225576377,18.02178883413341,31.9,-0.02244377442362122,,False,False
Eurostat,SK,SVK,2004,2018,CP01,Food & non-alcoholic beverages,3707.7,24965.8,14.851116327135522,,14.9,-0.04888367286447881,,False,False
Eurostat,SK,SVK,2004,2018,CP04,Housing & utilities (incl. imputed rent),8448.6,24965.8,33.84069406948706,18.30624294034239,33.8,0.04069406948705989,,False,False
Eurostat,SK,SVK,2005,2018,CP01,Food & non-alcoholic beverages,3887.6,26763.0,14.52602473564249,,14.5,0.026024735642490526,,False,False
Eurostat,SK,SVK,2005,2018,CP04,Housing & utilities (incl. imputed rent),8600.9,26763.0,32.13727907932593,16.375219519485857,32.1,0.037279079325927,,False,False
Eurostat,SK,SVK,2006,2018,CP01,Food & non-alcoholic beverages,4433.3,30191.2,14.684080129309201,,14.7,-0.01591987069079792,,False,False
Eurostat,SK,SVK,2006,2018,CP04,Housing & utilities (incl. imputed rent),9670.5,30191.2,32.03085667346777,15.965910596465196,32.0,0.030856673467766882,,False,False
Eurostat,SK,SVK,2007,2018,CP01,Food & non-alcoholic beverages,5088.6,33377.4,15.245645256970286,,15.2,0.04564525697028721,,False,False
Eurostat,SK,SVK,2007,2018,CP04,Housing & utilities (incl. imputed rent),10564.4,33377.4,31.65135690617004,16.633410631145626,31.7,-0.04864309382995913,,False,False
Eurostat,SK,SVK,2008,2018,CP01,Food & non-alcoholic beverages,5640.0,37179.6,15.169609140496402,,15.2,-0.030390859503597767,,False,False
Eurostat,SK,SVK,2008,2018,CP04,Housing & utilities (incl. imputed rent),11690.0,37179.6,31.44197355539059,17.08383091803032,31.4,0.04197355539059089,,False,False
Eurostat,SK,SVK,2009,2018,CP01,Food & non-alcoholic beverages,5757.3,37022.8,15.550687684345862,,15.6,-0.04931231565413796,,False,False
Eurostat,SK,SVK,2009,2018,CP04,Housing & utilities (incl. imputed rent),11611.9,37022.8,31.36418639324956,16.395842561880787,31.4,-0.03581360675043754,,False,False
Eurostat,SK,SVK,2010,2018,CP01,Food & non-alcoholic beverages,5745.0,37809.0,15.19479489010553,,15.2,-0.005205109894468762,,False,False
Eurostat,SK,SVK,2010,2018,CP04,Housing & utilities (incl. imputed rent),11808.7,37809.0,31.232510777857126,16.328122933693038,31.2,0.03251077785712653,,False,False
Eurostat,SK,SVK,2011,2018,CP01,Food & non-alcoholic beverages,5828.7,38482.2,15.146483309166317,,15.1,0.04648330916631771,,False,False
Eurostat,SK,SVK,2011,2018,CP04,Housing & utilities (incl. imputed rent),12171.3,38482.2,31.62838922930602,16.248031557447344,31.6,0.028389229306018393,,False,False
Eurostat,SK,SVK,2012,2018,CP01,Food & non-alcoholic beverages,6336.7,39953.8,15.860068378977719,,15.9,-0.03993162102228176,,False,False
Eurostat,SK,SVK,2012,2018,CP04,Housing & utilities (incl. imputed rent),12359.1,39953.8,30.933478167283212,15.553213962126256,30.9,0.03347816728321362,,False,False
Eurostat,SK,SVK,2013,2018,CP01,Food & non-alcoholic beverages,6312.1,39881.1,15.827296639260203,,15.8,0.02729663926020187,,False,False
Eurostat,SK,SVK,2013,2018,CP04,Housing & utilities (incl. imputed rent),12340.0,39881.1,30.94197502074918,15.641745087271916,30.9,0.041975020749180914,,False,False
Eurostat,SK,SVK,2014,2018,CP01,Food & non-alcoholic beverages,6080.4,40361.7,15.064776756182221,,15.1,-0.03522324381777864,,False,False
Eurostat,SK,SVK,2014,2018,CP04,Housing & utilities (incl. imputed rent),12812.1,40361.7,31.743212005440807,15.69111310970549,31.7,0.04321200544080739,,False,False
Eurostat,SK,SVK,2015,2018,CP01,Food & non-alcoholic beverages,6349.6,41504.4,15.29861894160619,,15.3,-0.0013810583938109744,,False,False
Eurostat,SK,SVK,2015,2018,CP04,Housing & utilities (incl. imputed rent),12760.7,41504.4,30.745414943957748,15.371382311273022,30.7,0.04541494395774848,,False,False
Eurostat,SK,SVK,2016,2018,CP01,Food & non-alcoholic beverages,6552.3,43049.6,15.220350479446964,,15.2,0.020350479446964442,,False,False
Eurostat,SK,SVK,2016,2018,CP04,Housing & utilities (incl. imputed rent),13142.1,43049.6,30.527809782204713,15.496543521891029,30.5,0.027809782204712974,,False,False
Eurostat,SK,SVK,2017,2018,CP01,Food & non-alcoholic beverages,7537.3,45918.1,16.414660014242752,,16.4,0.01466001424275376,,False,False
Eurostat,SK,SVK,2017,2018,CP04,Housing & utilities (incl. imputed rent),13267.3,45918.1,28.893399334902792,14.975358300974998,28.9,-0.00660066509720636,,False,False
Eurostat,SK,SVK,2018,2018,CP01,Food & non-alcoholic beverages,8064.9,48584.2,16.599841100604724,,16.6,-0.0001588993952772455,,False,False
Eurostat,SK,SVK,2018,2018,CP04,Housing & utilities (incl. imputed rent),13727.8,48584.2,28.2556880631975,14.780525355979929,28.3,-0.044311936802500895,,False,False
Eurostat,SK,SVK,2019,2018,CP01,Food & non-alcoholic beverages,8639.7,51201.7,16.87385379782312,,16.9,-0.026146202176878575,,False,False
Eurostat,SK,SVK,2019,2018,CP04,Housing & utilities (incl. imputed rent),14532.9,51201.7,28.383627887355306,14.751268024303881,28.4,-0.016372112644692294,,False,False
Eurostat,SK,SVK,2020,2018,CP01,Food & non-alcoholic beverages,10323.1,52088.4,19.81842406370708,,19.8,0.01842406370708005,,False,False
Eurostat,SK,SVK,2020,2018,CP04,Housing & utilities (incl. imputed rent),15614.2,52088.4,29.976347900876206,15.820988934196482,30.0,-0.023652099123793846,,False,False
Eurostat,SK,SVK,2021,2018,CP01,Food & non-alcoholic beverages,10832.2,55111.1,19.65520557564629,,19.7,-0.04479442435371084,,False,False
Eurostat,SK,SVK,2021,2018,CP04,Housing & utilities (incl. imputed rent),16587.6,55111.1,30.09847381017617,16.687926751598134,30.1,-0.0015261898238314586,,False,False
Eurostat,SK,SVK,2022,2018,CP01,Food & non-alcoholic beverages,11731.4,63909.0,18.356413024769594,,18.4,-0.043586975230404335,,False,False
Eurostat,SK,SVK,2022,2018,CP04,Housing & utilities (incl. imputed rent),18669.2,63909.0,29.212161041480854,16.204134003035566,29.2,0.012161041480855062,,False,False
Eurostat,SK,SVK,2023,2018,CP01,Food & non-alcoholic beverages,13572.2,68307.8,19.869180386427317,,19.9,-0.030819613572681703,,False,False
Eurostat,SK,SVK,2023,2018,CP04,Housing & utilities (incl. imputed rent),19608.5,68307.8,28.70609213003493,15.691619405104543,28.7,0.006092130034929255,,False,False
Eurostat,SK,SVK,2024,2018,CP01,Food & non-alcoholic beverages,14286.8,72472.4,19.713435735535185,,19.7,0.013435735535185955,,False,False
Eurostat,SK,SVK,2024,2018,CP04,Housing & utilities (incl. imputed rent),20037.5,72472.4,27.64845651585983,15.437877040086986,27.6,0.04845651585982935,,False,False
Eurostat,SK,SVK,2025,2018,CP01,Food & non-alcoholic beverages,,,,,,,,False,False
Eurostat,SK,SVK,2025,2018,CP04,Housing & utilities (incl. imputed rent),,,,,,,,False,False
Eurostat,TR,TUR,1995,2018,CP01,Food & non-alcoholic beverages,,,,,,,,False,False
Eurostat,TR,TUR,1995,2018,CP04,Housing & utilities (incl. imputed rent),,,,,,,,False,False
Eurostat,TR,TUR,1996,2018,CP01,Food & non-alcoholic beverages,,,,,,,,False,False
Eurostat,TR,TUR,1996,2018,CP04,Housing & utilities (incl. imputed rent),,,,,,,,False,False
Eurostat,TR,TUR,1997,2018,CP01,Food & non-alcoholic beverages,,,,,,,,False,False
Eurostat,TR,TUR,1997,2018,CP04,Housing & utilities (incl. imputed rent),,,,,,,,False,False
Eurostat,TR,TUR,1998,2018,CP01,Food & non-alcoholic beverages,,,,,,,,False,False
Eurostat,TR,TUR,1998,2018,CP04,Housing & utilities (incl. imputed rent),,,,,,,,False,False
Eurostat,TR,TUR,1999,2018,CP01,Food & non-alcoholic beverages,,,,,,,,False,False
Eurostat,TR,TUR,1999,2018,CP04,Housing & utilities (incl. imputed rent),,,,,,,,False,False
Eurostat,TR,TUR,2000,2018,CP01,Food & non-alcoholic beverages,,,,,,,,False,False
Eurostat,TR,TUR,2000,2018,CP04,Housing & utilities (incl. imputed rent),,,,,,,,False,False
Eurostat,TR,TUR,2001,2018,CP01,Food & non-alcoholic beverages,,,,,,,,False,False
Eurostat,TR,TUR,2001,2018,CP04,Housing & utilities (incl. imputed rent),,,,,,,,False,False
Eurostat,TR,TUR,2002,2018,CP01,Food & non-alcoholic beverages,,,,,,,,False,False
Eurostat,TR,TUR,2002,2018,CP04,Housing & utilities (incl. imputed rent),,,,,,,,False,False
Eurostat,TR,TUR,2003,2018,CP01,Food & non-alcoholic beverages,,,,,,,,False,False
Eurostat,TR,TUR,2003,2018,CP04,Housing & utilities (incl. imputed rent),,,,,,,,False,False
Eurostat,TR,TUR,2004,2018,CP01,Food & non-alcoholic beverages,,,,,,,,False,False
Eurostat,TR,TUR,2004,2018,CP04,Housing & utilities (incl. imputed rent),,,,,,,,False,False
Eurostat,TR,TUR,2005,2018,CP01,Food & non-alcoholic beverages,,,,,,,,False,False
Eurostat,TR,TUR,2005,2018,CP04,Housing & utilities (incl. imputed rent),,,,,,,,False,False
Eurostat,TR,TUR,2006,2018,CP01,Food & non-alcoholic beverages,,,,,,,,False,False
Eurostat,TR,TUR,2006,2018,CP04,Housing & utilities (incl. imputed rent),,,,,,,,False,False
Eurostat,TR,TUR,2007,2018,CP01,Food & non-alcoholic beverages,,,,,,,,False,False
Eurostat,TR,TUR,2007,2018,CP04,Housing & utilities (incl. imputed rent),,,,,,,,False,False
Eurostat,TR,TUR,2008,2018,CP01,Food & non-alcoholic beverages,,,,,,,,False,False
Eurostat,TR,TUR,2008,2018,CP04,Housing & utilities (incl. imputed rent),,,,,,,,False,False
Eurostat,TR,TUR,2009,2018,CP01,Food & non-alcoholic beverages,142159.3,632718.7,22.46800987547863,,22.5,-0.0319901245213714,,False,False
Eurostat,TR,TUR,2009,2018,CP04,Housing & utilities (incl. imputed rent),138852.1,632718.7,21.94531313836623,,21.9,0.04531313836623241,,False,False
Eurostat,TR,TUR,2010,2018,CP01,Food & non-alcoholic beverages,170126.7,740023.3,22.989370740083455,,23.0,-0.010629259916544953,,False,False
Eurostat,TR,TUR,2010,2018,CP04,Housing & utilities (incl. imputed rent),153102.3,740023.3,20.688848580848735,,20.7,-0.011151419151264719,,False,False
Eurostat,TR,TUR,2011,2018,CP01,Food & non-alcoholic beverages,198454.6,894811.3,22.178374367869516,,22.2,-0.021625632130483297,,False,False
Eurostat,TR,TUR,2011,2018,CP04,Housing & utilities (incl. imputed rent),171030.8,894811.3,19.113616468634223,,19.1,0.013616468634221945,,False,False
Eurostat,TR,TUR,2012,2018,CP01,Food & non-alcoholic beverages,221262.8,988890.9,22.374844383743444,,22.4,-0.025155616256554936,,False,False
Eurostat,TR,TUR,2012,2018,CP04,Housing & utilities (incl. imputed rent),188251.7,988890.9,19.036650049060015,,19.0,0.03665004906001457,,False,False
Eurostat,TR,TUR,2013,2018,CP01,Food & non-alcoholic beverages,237344.1,1141246.1,20.79692539584582,,20.8,-0.003074604154182481,,False,False
Eurostat,TR,TUR,2013,2018,CP04,Housing & utilities (incl. imputed rent),208512.8,1141246.1,18.270625415499776,,18.3,-0.0293745845002249,,False,False
Eurostat,TR,TUR,2014,2018,CP01,Food & non-alcoholic beverages,269710.2,1273135.7,21.184717387156766,,21.2,-0.015282612843233068,,False,False
Eurostat,TR,TUR,2014,2018,CP04,Housing & utilities (incl. imputed rent),227063.4,1273135.7,17.83497234426778,,17.8,0.03497234426777851,,False,False
Eurostat,TR,TUR,2015,2018,CP01,Food & non-alcoholic beverages,327493.4,1446545.9,22.639682570736266,,22.6,0.039682570736264466,,False,False
Eurostat,TR,TUR,2015,2018,CP04,Housing & utilities (incl. imputed rent),230757.3,1446545.9,15.95229712378985,,16.0,-0.04770287621015079,,False,False
Eurostat,TR,TUR,2016,2018,CP01,Food & non-alcoholic beverages,352378.6,1569055.4,22.458008812180882,,22.5,-0.041991187819117926,,False,False
Eurostat,TR,TUR,2016,2018,CP04,Housing & utilities (incl. imputed rent),254869.6,1569055.4,16.24350548744168,,16.2,0.04350548744168137,,False,False
Eurostat,TR,TUR,2017,2018,CP01,Food & non-alcoholic beverages,405822.8,1866836.4,21.738530489334792,,21.7,0.03853048933479286,,False,False
Eurostat,TR,TUR,2017,2018,CP04,Housing & utilities (incl. imputed rent),296007.3,1866836.4,15.856092156763173,,15.9,-0.04390784323682695,,False,False
Eurostat,TR,TUR,2018,2018,CP01,Food & non-alcoholic beverages,481264.7,2201816.4,21.857621734491577,,21.9,-0.04237826550842172,,False,False
Eurostat,TR,TUR,2018,2018,CP04,Housing & utilities (incl. imputed rent),346037.9,2201816.4,15.716019737158831,,15.7,0.01601973715883176,,False,False
Eurostat,TR,TUR,2019,2018,CP01,Food & non-alcoholic beverages,563505.4,2589682.7,21.759631015799734,,21.8,-0.04036898420026702,,False,False
Eurostat,TR,TUR,2019,2018,CP04,Housing & utilities (incl. imputed rent),417028.8,2589682.7,16.10347090012224,,16.1,0.003470900122238163,,False,False
Eurostat,TR,TUR,2020,2018,CP01,Food & non-alcoholic beverages,692194.1,2853219.7,24.260105171711803,,24.3,-0.03989482828819746,,False,False
Eurostat,TR,TUR,2020,2018,CP04,Housing & utilities (incl. imputed rent),484183.6,2853219.7,16.969727217290696,,17.0,-0.03027278270930367,,False,False
Eurostat,TR,TUR,2021,2018,CP01,Food & non-alcoholic beverages,968835.1,4122508.0,23.501109033627102,,23.5,0.0011090336271024626,,False,False
Eurostat,TR,TUR,2021,2018,CP04,Housing & utilities (incl. imputed rent),608960.7,4122508.0,14.77160747777809,,14.8,-0.028392522221910355,,False,False
Eurostat,TR,TUR,2022,2018,CP01,Food & non-alcoholic beverages,1970981.6,9011577.6,21.87165985232153,,21.9,-0.02834014767846682,,False,False
Eurostat,TR,TUR,2022,2018,CP04,Housing & utilities (incl. imputed rent),1226437.6,9011577.6,13.609577084482968,,13.6,0.009577084482968345,,False,False
Eurostat,TR,TUR,2023,2018,CP01,Food & non-alcoholic beverages,3623322.8,15961835.0,22.699913888346796,,22.7,-8.611165320360215e-05,,False,False
Eurostat,TR,TUR,2023,2018,CP04,Housing & utilities (incl. imputed rent),2078614.7,15961835.0,13.02240437894515,,13.0,0.022404378945150683,,False,False
Eurostat,TR,TUR,2024,2018,CP01,Food & non-alcoholic beverages,5672396.0,26251199.4,21.608140312247983,,21.6,0.008140312247981285,,False,False
Eurostat,TR,TUR,2024,2018,CP04,Housing & utilities (incl. imputed rent),3983821.3,26251199.4,15.175768692686855,,15.2,-0.024231307313144157,,False,False
Eurostat,TR,TUR,2025,2018,CP01,Food & non-alcoholic beverages,7963985.9,37137261.7,21.44473107450461,,21.4,0.044731074504611,,False,False
Eurostat,TR,TUR,2025,2018,CP04,Housing & utilities (incl. imputed rent),6677460.0,37137261.7,17.98048562099558,,18.0,-0.01951437900441988,,False,False
Eurostat,UK,GBR,1995,1999,CP01,Food & non-alcoholic beverages,49345.0,530454.0,9.302408879940579,,9.3,0.002408879940578146,,False,False
Eurostat,UK,GBR,1995,1999,CP04,Housing & utilities (incl. imputed rent),146384.0,530454.0,27.59598381763546,19.602076711647005,27.6,-0.004016182364541265,,False,False
Eurostat,UK,GBR,1996,1999,CP01,Food & non-alcoholic beverages,52610.0,568652.0,9.251704029881193,,9.3,-0.04829597011880793,,False,False
Eurostat,UK,GBR,1996,1999,CP04,Housing & utilities (incl. imputed rent),153927.0,568652.0,27.068752066290102,19.262220127600006,27.1,-0.0312479337098992,,False,False
Eurostat,UK,GBR,1997,1999,CP01,Food & non-alcoholic beverages,52922.0,607774.0,8.707512990025897,,8.7,0.007512990025897892,,False,False
Eurostat,UK,GBR,1997,1999,CP04,Housing & utilities (incl. imputed rent),160849.0,607774.0,26.465265049179465,19.050666859720884,26.5,-0.03473495082053546,,False,False
Eurostat,UK,GBR,1998,1999,CP01,Food & non-alcoholic beverages,54780.0,640298.0,8.555391395881292,,8.6,-0.04460860411870726,,False,False
Eurostat,UK,GBR,1998,1999,CP04,Housing & utilities (incl. imputed rent),166331.0,640298.0,25.977123152032334,18.722532320888085,26.0,-0.02287684796766598,,False,False
Eurostat,UK,GBR,1999,1999,CP01,Food & non-alcoholic beverages,56385.0,669180.0,8.425984040168565,,8.4,0.025984040168564704,,False,False
Eurostat,UK,GBR,1999,1999,CP04,Housing & utilities (incl. imputed rent),172750.0,669180.0,25.815176783526105,18.907319405839985,25.8,0.015176783526104742,,False,False
Eurostat,UK,GBR,2000,1999,CP01,Food & non-alcoholic beverages,56346.0,702811.0,8.017233651721444,,8.0,0.017233651721443977,,False,False
Eurostat,UK,GBR,2000,1999,CP04,Housing & utilities (incl. imputed rent),179132.0,702811.0,25.48793345579395,18.543249892218533,25.5,-0.012066544206049912,,False,False
Eurostat,UK,GBR,2001,1999,CP01,Food & non-alcoholic beverages,58547.0,726314.0,8.060838700617088,,8.1,-0.03916129938291135,,False,False
Eurostat,UK,GBR,2001,1999,CP04,Housing & utilities (incl. imputed rent),185400.0,726314.0,25.526149847035857,18.71587219852571,25.5,0.026149847035856766,,False,False
Eurostat,UK,GBR,2002,1999,CP01,Food & non-alcoholic beverages,59913.0,750727.0,7.980664076288717,,8.0,-0.019335923711283343,,False,False
Eurostat,UK,GBR,2002,1999,CP04,Housing & utilities (incl. imputed rent),191539.0,750727.0,25.513801954638637,18.490076952074457,25.5,0.013801954638637426,,False,False
Eurostat,UK,GBR,2003,1999,CP01,Food & non-alcoholic beverages,63600.0,783749.0,8.114842889751692,,8.1,0.014842889751692567,,False,False
Eurostat,UK,GBR,2003,1999,CP04,Housing & utilities (incl. imputed rent),197455.0,783749.0,25.19365255968429,18.19396260792677,25.2,-0.006347440315710884,,False,False
Eurostat,UK,GBR,2004,1999,CP01,Food & non-alcoholic beverages,65767.0,821768.0,8.003110366916209,,8.0,0.0031103669162089176,,False,False
Eurostat,UK,GBR,2004,1999,CP04,Housing & utilities (incl. imputed rent),207004.0,821768.0,25.190077978212827,17.91588380175427,25.2,-0.009922021787172497,,False,False
Eurostat,UK,GBR,2005,1999,CP01,Food & non-alcoholic beverages,67628.0,860274.0,7.861216310152347,,7.9,-0.038783689847653235,,False,False
Eurostat,UK,GBR,2005,1999,CP04,Housing & utilities (incl. imputed rent),218083.0,860274.0,25.350411613044216,17.746671409341673,25.4,-0.04958838695578294,,False,False
Eurostat,UK,GBR,2006,1999,CP01,Food & non-alcoholic beverages,70064.0,897724.0,7.804625920661584,,7.8,0.004625920661584182,,False,False
Eurostat,UK,GBR,2006,1999,CP04,Housing & utilities (incl. imputed rent),231537.0,897724.0,25.79155731605705,17.498919489731808,25.8,-0.008442683942949003,,False,False
Eurostat,UK,GBR,2007,1999,CP01,Food & non-alcoholic beverages,73034.0,940378.0,7.766451363175234,,7.8,-0.03354863682476594,,False,False
Eurostat,UK,GBR,2007,1999,CP04,Housing & utilities (incl. imputed rent),241249.0,940378.0,25.65447086171731,17.191491081246053,25.7,-0.045529138282688564,,False,False
Eurostat,UK,GBR,2008,1999,CP01,Food & non-alcoholic beverages,77685.0,966825.0,8.035063222403227,,8.0,0.035063222403227456,,False,False
Eurostat,UK,GBR,2008,1999,CP04,Housing & utilities (incl. imputed rent),254831.0,966825.0,26.357510407778033,17.237866211568793,26.4,-0.042489592221965466,,False,False
Eurostat,UK,GBR,2009,1999,CP01,Food & non-alcoholic beverages,79747.0,943437.0,8.452816669263555,,8.5,-0.04718333073644487,,False,False
Eurostat,UK,GBR,2009,1999,CP04,Housing & utilities (incl. imputed rent),259114.0,943437.0,27.46489696715308,17.768012066518484,27.5,-0.03510303284691929,,False,False
Eurostat,UK,GBR,2010,1999,CP01,Food & non-alcoholic beverages,80952.0,973124.0,8.318775407861692,,8.3,0.01877540786169085,,False,False
Eurostat,UK,GBR,2010,1999,CP04,Housing & utilities (incl. imputed rent),265777.0,973124.0,27.311730057012262,17.438579256086584,27.3,0.011730057012261597,,False,False
Eurostat,UK,GBR,2011,1999,CP01,Food & non-alcoholic beverages,86661.0,1012139.0,8.562163892508835,,8.6,-0.03783610749116484,,False,False
Eurostat,UK,GBR,2011,1999,CP04,Housing & utilities (incl. imputed rent),270766.0,1012139.0,26.75185918139702,16.91101716266244,26.8,-0.04814081860298103,,False,False
Eurostat,UK,GBR,2012,1999,CP01,Food & non-alcoholic beverages,89215.0,1050074.0,8.496067896167318,,8.5,-0.0039321038326818325,,False,False
Eurostat,UK,GBR,2012,1999,CP04,Housing & utilities (incl. imputed rent),286112.0,1050074.0,27.246841651159826,16.85833569824603,27.2,0.04684165115982708,,False,False
Eurostat,UK,GBR,2013,1999,CP01,Food & non-alcoholic beverages,92080.0,1102319.0,8.353298818218683,,8.4,-0.04670118178131766,,False,False
Eurostat,UK,GBR,2013,1999,CP04,Housing & utilities (incl. imputed rent),299107.0,1102319.0,27.13434132950625,16.623953683098993,27.1,0.034341329506247575,,False,False
Eurostat,UK,GBR,2014,1999,CP01,Food & non-alcoholic beverages,93329.0,1146617.0,8.139509531081433,,8.1,0.039509531081433735,,False,False
Eurostat,UK,GBR,2014,1999,CP04,Housing & utilities (incl. imputed rent),306770.0,1146617.0,26.75435651137215,16.57214222360213,26.8,-0.04564348862784939,,False,False
Eurostat,UK,GBR,2015,1999,CP01,Food & non-alcoholic beverages,91345.0,1178554.0,7.750599463410247,,7.8,-0.04940053658975252,,False,False
Eurostat,UK,GBR,2015,1999,CP04,Housing & utilities (incl. imputed rent),318687.0,1178554.0,27.040508962677993,16.74670825435237,27.0,0.04050896267799331,,False,False
Eurostat,UK,GBR,2016,1999,CP01,Food & non-alcoholic beverages,96721.0,1233355.0,7.842105476525413,,7.8,0.04210547652541319,,False,False
Eurostat,UK,GBR,2016,1999,CP04,Housing & utilities (incl. imputed rent),332882.0,1233355.0,26.989958284516625,16.849325619955323,27.0,-0.010041715483374958,,False,False
Eurostat,UK,GBR,2017,1999,CP01,Food & non-alcoholic beverages,101009.0,1272638.0,7.936978150896012,,7.9,0.03697815089601164,,False,False
Eurostat,UK,GBR,2017,1999,CP04,Housing & utilities (incl. imputed rent),333737.0,1272638.0,26.224032285693184,16.458175852049052,26.2,0.02403228569318472,,False,False
Eurostat,UK,GBR,2018,1999,CP01,Food & non-alcoholic beverages,104927.0,1318800.0,7.956248104337277,,8.0,-0.04375189566272297,,False,False
Eurostat,UK,GBR,2018,1999,CP04,Housing & utilities (incl. imputed rent),340229.0,1318800.0,25.79837731270852,16.035335153169548,25.8,-0.0016226872914799628,,False,False
Eurostat,UK,GBR,2019,1999,CP01,Food & non-alcoholic beverages,107289.0,1350697.0,7.9432322719307145,,7.9,0.043232271930714106,,False,False
Eurostat,UK,GBR,2019,1999,CP04,Housing & utilities (incl. imputed rent),347789.0,1350697.0,25.74885411013721,15.979083391759957,25.7,0.04885411013720997,,False,False
Eurostat,UK,GBR,2020,1999,CP01,Food & non-alcoholic beverages,,,,,,,,False,False
Eurostat,UK,GBR,2020,1999,CP04,Housing & utilities (incl. imputed rent),,,,,,,,False,False
Eurostat,UK,GBR,2021,1999,CP01,Food & non-alcoholic beverages,,,,,,,,False,False
Eurostat,UK,GBR,2021,1999,CP04,Housing & utilities (incl. imputed rent),,,,,,,,False,False
Eurostat,UK,GBR,2022,1999,CP01,Food & non-alcoholic beverages,,,,,,,,False,False
Eurostat,UK,GBR,2022,1999,CP04,Housing & utilities (incl. imputed rent),,,,,,,,False,False
Eurostat,UK,GBR,2023,1999,CP01,Food & non-alcoholic beverages,,,,,,,,False,False
Eurostat,UK,GBR,2023,1999,CP04,Housing & utilities (incl. imputed rent),,,,,,,,False,False
Eurostat,UK,GBR,2024,1999,CP01,Food & non-alcoholic beverages,,,,,,,,False,False
Eurostat,UK,GBR,2024,1999,CP04,Housing & utilities (incl. imputed rent),,,,,,,,False,False
Eurostat,UK,GBR,2025,1999,CP01,Food & non-alcoholic beverages,,,,,,,,False,False
Eurostat,UK,GBR,2025,1999,CP04,Housing & utilities (incl. imputed rent),,,,,,,,False,False
Eurostat,XK,XKX,1995,1999,CP01,Food & non-alcoholic beverages,,,,,,,,False,False
Eurostat,XK,XKX,1995,1999,CP04,Housing & utilities (incl. imputed rent),,,,,,,,False,False
Eurostat,XK,XKX,1996,1999,CP01,Food & non-alcoholic beverages,,,,,,,,False,False
Eurostat,XK,XKX,1996,1999,CP04,Housing & utilities (incl. imputed rent),,,,,,,,False,False
Eurostat,XK,XKX,1997,1999,CP01,Food & non-alcoholic beverages,,,,,,,,False,False
Eurostat,XK,XKX,1997,1999,CP04,Housing & utilities (incl. imputed rent),,,,,,,,False,False
Eurostat,XK,XKX,1998,1999,CP01,Food & non-alcoholic beverages,,,,,,,,False,False
Eurostat,XK,XKX,1998,1999,CP04,Housing & utilities (incl. imputed rent),,,,,,,,False,False
Eurostat,XK,XKX,1999,1999,CP01,Food & non-alcoholic beverages,,,,,,,,False,False
Eurostat,XK,XKX,1999,1999,CP04,Housing & utilities (incl. imputed rent),,,,,,,,False,False
Eurostat,XK,XKX,2000,1999,CP01,Food & non-alcoholic beverages,,,,,,,,False,False
Eurostat,XK,XKX,2000,1999,CP04,Housing & utilities (incl. imputed rent),,,,,,,,False,False
Eurostat,XK,XKX,2001,1999,CP01,Food & non-alcoholic beverages,,,,,,,,False,False
Eurostat,XK,XKX,2001,1999,CP04,Housing & utilities (incl. imputed rent),,,,,,,,False,False
Eurostat,XK,XKX,2002,1999,CP01,Food & non-alcoholic beverages,,,,,,,,False,False
Eurostat,XK,XKX,2002,1999,CP04,Housing & utilities (incl. imputed rent),,,,,,,,False,False
Eurostat,XK,XKX,2003,1999,CP01,Food & non-alcoholic beverages,,,,,,,,False,False
Eurostat,XK,XKX,2003,1999,CP04,Housing & utilities (incl. imputed rent),,,,,,,,False,False
Eurostat,XK,XKX,2004,1999,CP01,Food & non-alcoholic beverages,,,,,,,,False,False
Eurostat,XK,XKX,2004,1999,CP04,Housing & utilities (incl. imputed rent),,,,,,,,False,False
Eurostat,XK,XKX,2005,1999,CP01,Food & non-alcoholic beverages,,,,,,,,False,False
Eurostat,XK,XKX,2005,1999,CP04,Housing & utilities (incl. imputed rent),,,,,,,,False,False
Eurostat,XK,XKX,2006,1999,CP01,Food & non-alcoholic beverages,,,,,,,,False,False
Eurostat,XK,XKX,2006,1999,CP04,Housing & utilities (incl. imputed rent),,,,,,,,False,False
Eurostat,XK,XKX,2007,1999,CP01,Food & non-alcoholic beverages,,,,,,,,False,False
Eurostat,XK,XKX,2007,1999,CP04,Housing & utilities (incl. imputed rent),,,,,,,,False,False
Eurostat,XK,XKX,2008,1999,CP01,Food & non-alcoholic beverages,1504.6,3593.2,41.873538906823995,,,,,False,False
Eurostat,XK,XKX,2008,1999,CP04,Housing & utilities (incl. imputed rent),717.8,3593.2,19.976622509184015,13.04130023377491,,,,False,False
Eurostat,XK,XKX,2009,1999,CP01,Food & non-alcoholic beverages,1528.5,3707.3,41.22946618833112,,,,,False,False
Eurostat,XK,XKX,2009,1999,CP04,Housing & utilities (incl. imputed rent),724.5,3707.3,19.54252420899307,12.329727834272921,,,,False,False
Eurostat,XK,XKX,2010,1999,CP01,Food & non-alcoholic beverages,1614.6,3972.8,40.6413612565445,,,,,False,False
Eurostat,XK,XKX,2010,1999,CP04,Housing & utilities (incl. imputed rent),751.8,3972.8,18.923681031010872,11.619009262988321,,,,False,False
Eurostat,XK,XKX,2011,1999,CP01,Food & non-alcoholic beverages,1828.6,4363.5,41.90672625186204,,,,,False,False
Eurostat,XK,XKX,2011,1999,CP04,Housing & utilities (incl. imputed rent),776.1,4363.5,17.78618081815057,10.649707803368855,,,,False,False
Eurostat,XK,XKX,2012,1999,CP01,Food & non-alcoholic beverages,1895.2,4686.6,40.43869756326548,,,,,False,False
Eurostat,XK,XKX,2012,1999,CP04,Housing & utilities (incl. imputed rent),843.4,4686.6,17.995988563137455,10.250501429607816,,,,False,False
Eurostat,XK,XKX,2013,1999,CP01,Food & non-alcoholic beverages,2062.5,4938.4,41.76453912198283,,,,,False,False
Eurostat,XK,XKX,2013,1999,CP04,Housing & utilities (incl. imputed rent),882.0,4938.4,17.860035639073384,10.138911388303905,,,,False,False
Eurostat,XK,XKX,2014,1999,CP01,Food & non-alcoholic beverages,1889.1,5289.9,35.71145012193047,,,,,False,False
Eurostat,XK,XKX,2014,1999,CP04,Housing & utilities (incl. imputed rent),864.4,5289.9,16.340573545813722,10.569197905442449,,,,False,False
Eurostat,XK,XKX,2015,1999,CP01,Food & non-alcoholic beverages,1864.1,5453.9,34.17921120665945,,,,,False,False
Eurostat,XK,XKX,2015,1999,CP04,Housing & utilities (incl. imputed rent),886.1,5453.9,16.24708923889327,10.25137974660335,,,,False,False
Eurostat,XK,XKX,2016,1999,CP01,Food & non-alcoholic beverages,2095.3,5860.8,35.751092001092005,,,,,False,False
Eurostat,XK,XKX,2016,1999,CP04,Housing & utilities (incl. imputed rent),909.2,5860.8,15.513240513240515,9.601078351078352,,,,False,False
Eurostat,XK,XKX,2017,1999,CP01,Food & non-alcoholic beverages,2188.9,6206.5,35.26786433577701,,,,,False,False
Eurostat,XK,XKX,2017,1999,CP04,Housing & utilities (incl. imputed rent),932.7,6206.5,15.027793442358819,8.882623056473053,,,,False,False
Eurostat,XK,XKX,2018,1999,CP01,Food & non-alcoholic beverages,,,,,,,,False,False
Eurostat,XK,XKX,2018,1999,CP04,Housing & utilities (incl. imputed rent),,,,,,,,False,False
Eurostat,XK,XKX,2019,1999,CP01,Food & non-alcoholic beverages,,,,,,,,False,False
Eurostat,XK,XKX,2019,1999,CP04,Housing & utilities (incl. imputed rent),,,,,,,,False,False
Eurostat,XK,XKX,2020,1999,CP01,Food & non-alcoholic beverages,,,,,,,,False,False
Eurostat,XK,XKX,2020,1999,CP04,Housing & utilities (incl. imputed rent),,,,,,,,False,False
Eurostat,XK,XKX,2021,1999,CP01,Food & non-alcoholic beverages,,,,,,,,False,False
Eurostat,XK,XKX,2021,1999,CP04,Housing & utilities (incl. imputed rent),,,,,,,,False,False
Eurostat,XK,XKX,2022,1999,CP01,Food & non-alcoholic beverages,,,,,,,,False,False
Eurostat,XK,XKX,2022,1999,CP04,Housing & utilities (incl. imputed rent),,,,,,,,False,False
Eurostat,XK,XKX,2023,1999,CP01,Food & non-alcoholic beverages,,,,,,,,False,False
Eurostat,XK,XKX,2023,1999,CP04,Housing & utilities (incl. imputed rent),,,,,,,,False,False
Eurostat,XK,XKX,2024,1999,CP01,Food & non-alcoholic beverages,,,,,,,,False,False
Eurostat,XK,XKX,2024,1999,CP04,Housing & utilities (incl. imputed rent),,,,,,,,False,False
Eurostat,XK,XKX,2025,1999,CP01,Food & non-alcoholic beverages,,,,,,,,False,False
Eurostat,XK,XKX,2025,1999,CP04,Housing & utilities (incl. imputed rent),,,,,,,,False,False
