source,country_code,iso3,year,coicop_version,coicop,category,spending_mnac,total_mnac,share_pct,imputed_rent_share_pct,eurostat_pc_tot,diff_vs_eurostat,flag,frozen_back_data,high_tourism,large_version_gap_pts
OECD,AUS,AUS,1959,1999,CP01,Food & non-alcoholic beverages,1690.0,9603.0,17.598667083203164,,,,,False,False,
OECD,AUS,AUS,1959,1999,CP04,Housing & utilities (incl. imputed rent),1037.0,9603.0,10.798708736853067,5.581589086743726,,,,False,False,
OECD,AUS,AUS,1960,1999,CP01,Food & non-alcoholic beverages,1803.0,10214.0,17.652242020755825,,,,,False,False,
OECD,AUS,AUS,1960,1999,CP04,Housing & utilities (incl. imputed rent),1172.0,10214.0,11.474446837673781,6.050518895633444,,,,False,False,
OECD,AUS,AUS,1961,1999,CP01,Food & non-alcoholic beverages,1836.0,10528.0,17.439209726443767,,,,,False,False,
OECD,AUS,AUS,1961,1999,CP04,Housing & utilities (incl. imputed rent),1293.0,10528.0,12.281534954407295,6.572948328267477,,,,False,False,
OECD,AUS,AUS,1962,1999,CP01,Food & non-alcoholic beverages,1919.0,11246.0,17.06384492263916,,,,,False,False,
OECD,AUS,AUS,1962,1999,CP04,Housing & utilities (incl. imputed rent),1417.0,11246.0,12.600035568202028,6.83798683976525,,,,False,False,
OECD,AUS,AUS,1963,1999,CP01,Food & non-alcoholic beverages,2017.0,12214.0,16.513836580972654,,,,,False,False,
OECD,AUS,AUS,1963,1999,CP04,Housing & utilities (incl. imputed rent),1546.0,12214.0,12.657606025871951,6.951039790404454,,,,False,False,
OECD,AUS,AUS,1964,1999,CP01,Food & non-alcoholic beverages,2168.0,13241.0,16.373385695944414,,,,,False,False,
OECD,AUS,AUS,1964,1999,CP04,Housing & utilities (incl. imputed rent),1669.0,13241.0,12.60478815799411,6.970772600256778,,,,False,False,
OECD,AUS,AUS,1965,1999,CP01,Food & non-alcoholic beverages,2311.0,14106.0,16.383099390330354,,,,,False,False,
OECD,AUS,AUS,1965,1999,CP04,Housing & utilities (incl. imputed rent),1813.0,14106.0,12.852686799943285,7.124627817949808,,,,False,False,
OECD,AUS,AUS,1966,1999,CP01,Food & non-alcoholic beverages,2467.0,15255.0,16.171746968207145,,,,,False,False,
OECD,AUS,AUS,1966,1999,CP04,Housing & utilities (incl. imputed rent),2002.0,15255.0,13.123566043920027,7.295968534906589,,,,False,False,
OECD,AUS,AUS,1967,1999,CP01,Food & non-alcoholic beverages,2611.0,16617.0,15.71282421616417,,,,,False,False,
OECD,AUS,AUS,1967,1999,CP04,Housing & utilities (incl. imputed rent),2209.0,16617.0,13.293614972618403,7.384004332912078,,,,False,False,
OECD,AUS,AUS,1968,1999,CP01,Food & non-alcoholic beverages,2730.0,18085.0,15.095382914017142,,,,,False,False,
OECD,AUS,AUS,1968,1999,CP04,Housing & utilities (incl. imputed rent),2459.0,18085.0,13.596903511197125,7.481338125518386,,,,False,False,
OECD,AUS,AUS,1969,1999,CP01,Food & non-alcoholic beverages,2920.0,20015.0,14.58905820634524,,,,,False,False,
OECD,AUS,AUS,1969,1999,CP04,Housing & utilities (incl. imputed rent),2753.0,20015.0,13.754683987009741,7.609293030227329,,,,False,False,
OECD,AUS,AUS,1970,1999,CP01,Food & non-alcoholic beverages,3125.0,22040.0,14.178765880217787,,,,,False,False,
OECD,AUS,AUS,1970,1999,CP04,Housing & utilities (incl. imputed rent),3144.0,22040.0,14.264972776769511,7.94464609800363,,,,False,False,
OECD,AUS,AUS,1971,1999,CP01,Food & non-alcoholic beverages,3393.0,24383.0,13.91543288356642,,,,,False,False,
OECD,AUS,AUS,1971,1999,CP04,Housing & utilities (incl. imputed rent),3573.0,24383.0,14.653652134684,8.235245868022803,,,,False,False,
OECD,AUS,AUS,1972,1999,CP01,Food & non-alcoholic beverages,3749.0,27188.0,13.789171693394145,,,,,False,False,
OECD,AUS,AUS,1972,1999,CP04,Housing & utilities (incl. imputed rent),4038.0,27188.0,14.852140650286891,8.522142121524203,,,,False,False,
OECD,AUS,AUS,1973,1999,CP01,Food & non-alcoholic beverages,4432.0,32382.0,13.686616021246373,,,,,False,False,
OECD,AUS,AUS,1973,1999,CP04,Housing & utilities (incl. imputed rent),4673.0,32382.0,14.43085664875548,8.427521462540918,,,,False,False,
OECD,AUS,AUS,1974,1999,CP01,Food & non-alcoholic beverages,5118.0,39918.0,12.82128363144446,,,,,False,False,
OECD,AUS,AUS,1974,1999,CP04,Housing & utilities (incl. imputed rent),5757.0,39918.0,14.422065233729144,8.504935116989829,,,,False,False,
OECD,AUS,AUS,1975,1999,CP01,Food & non-alcoholic beverages,5862.0,46617.0,12.574811763948773,,,,,False,False,
OECD,AUS,AUS,1975,1999,CP04,Housing & utilities (incl. imputed rent),7107.0,46617.0,15.245511294163075,9.067507561619152,,,,False,False,
OECD,AUS,AUS,1976,1999,CP01,Food & non-alcoholic beverages,6771.0,54681.0,12.382728918637188,,,,,False,False,
OECD,AUS,AUS,1976,1999,CP04,Housing & utilities (incl. imputed rent),8578.0,54681.0,15.687350267917557,9.473125948684187,,,,False,False,
OECD,AUS,AUS,1977,1999,CP01,Food & non-alcoholic beverages,7712.0,60912.0,12.660887838192803,,,,,False,False,
OECD,AUS,AUS,1977,1999,CP04,Housing & utilities (incl. imputed rent),10050.0,60912.0,16.49921197793538,10.098174415550302,,,,False,False,
OECD,AUS,AUS,1978,1999,CP01,Food & non-alcoholic beverages,8744.0,67449.0,12.96386899731649,,,,,False,False,
OECD,AUS,AUS,1978,1999,CP04,Housing & utilities (incl. imputed rent),11622.0,67449.0,17.230796601876975,10.734036086524632,,,,False,False,
OECD,AUS,AUS,1979,1999,CP01,Food & non-alcoholic beverages,9980.0,75464.0,13.22484893459133,,,,,False,False,
OECD,AUS,AUS,1979,1999,CP04,Housing & utilities (incl. imputed rent),13321.0,75464.0,17.652125516802712,11.056927806636278,,,,False,False,
OECD,AUS,AUS,1980,1999,CP01,Food & non-alcoholic beverages,11418.0,85565.0,13.344241220125049,,,,,False,False,
OECD,AUS,AUS,1980,1999,CP04,Housing & utilities (incl. imputed rent),15389.0,85565.0,17.985157482615556,11.383159001928359,,,,False,False,
OECD,AUS,AUS,1981,1999,CP01,Food & non-alcoholic beverages,12821.0,98873.0,12.96713966401343,,,,,False,False,
OECD,AUS,AUS,1981,1999,CP04,Housing & utilities (incl. imputed rent),17882.0,98873.0,18.08582727337089,11.455098965339374,,,,False,False,
OECD,AUS,AUS,1982,1999,CP01,Food & non-alcoholic beverages,14257.0,112166.0,12.710625323181713,,,,,False,False,
OECD,AUS,AUS,1982,1999,CP04,Housing & utilities (incl. imputed rent),20597.0,112166.0,18.36296203840736,11.550737300073106,,,,False,False,
OECD,AUS,AUS,1983,1999,CP01,Food & non-alcoholic beverages,15448.0,121649.0,12.698830241103504,,,,,False,False,
OECD,AUS,AUS,1983,1999,CP04,Housing & utilities (incl. imputed rent),22641.0,121649.0,18.611743623046635,11.678682110005015,,,,False,False,
OECD,AUS,AUS,1984,1999,CP01,Food & non-alcoholic beverages,16596.0,129606.0,12.804962733206796,,,,,False,False,
OECD,AUS,AUS,1984,1999,CP04,Housing & utilities (incl. imputed rent),24830.0,129606.0,19.158063669891824,12.115951422002068,,,,False,False,
OECD,AUS,AUS,1985,1999,CP01,Food & non-alcoholic beverages,18736.0,146125.0,12.821899059024808,,,,,False,False,
OECD,AUS,AUS,1985,1999,CP04,Housing & utilities (incl. imputed rent),27878.0,146125.0,19.07818648417451,12.119076133447392,,,,False,False,
OECD,AUS,AUS,1986,1999,CP01,Food & non-alcoholic beverages,20224.0,161719.0,12.505642503354583,,,,,False,False,
OECD,AUS,AUS,1986,1999,CP04,Housing & utilities (incl. imputed rent),31146.0,161719.0,19.25933254595935,12.209449724522164,,,,False,False,
OECD,AUS,AUS,1987,1999,CP01,Food & non-alcoholic beverages,21571.0,178695.0,12.071406586642043,,,,,False,False,
OECD,AUS,AUS,1987,1999,CP04,Housing & utilities (incl. imputed rent),35231.0,178695.0,19.715716724026976,12.491675760373822,,,,False,False,
OECD,AUS,AUS,1988,1999,CP01,Food & non-alcoholic beverages,23423.0,199434.0,11.744737607429025,,,,,False,False,
OECD,AUS,AUS,1988,1999,CP04,Housing & utilities (incl. imputed rent),40107.0,199434.0,20.11041246728241,12.740054353821314,,,,False,False,
OECD,AUS,AUS,1989,1999,CP01,Food & non-alcoholic beverages,25556.0,221835.0,11.520274077580183,,,,,False,False,
OECD,AUS,AUS,1989,1999,CP04,Housing & utilities (incl. imputed rent),44884.0,221835.0,20.233056100254693,12.65940902021773,,,,False,False,
OECD,AUS,AUS,1990,1999,CP01,Food & non-alcoholic beverages,26763.0,235978.0,11.341311478188645,,,,,False,False,
OECD,AUS,AUS,1990,1999,CP04,Housing & utilities (incl. imputed rent),48798.0,235978.0,20.679046351778556,12.7969556484079,,,,False,False,
OECD,AUS,AUS,1991,1999,CP01,Food & non-alcoholic beverages,28038.0,247816.0,11.314039448623173,,,,,False,False,
OECD,AUS,AUS,1991,1999,CP04,Housing & utilities (incl. imputed rent),51385.0,247816.0,20.73514220227911,12.709429576782775,,,,False,False,
OECD,AUS,AUS,1992,1999,CP01,Food & non-alcoholic beverages,28962.0,257045.0,11.267287828979361,,,,,False,False,
OECD,AUS,AUS,1992,1999,CP04,Housing & utilities (incl. imputed rent),53389.0,257045.0,20.770293139333578,12.758855453325294,,,,False,False,
OECD,AUS,AUS,1993,1999,CP01,Food & non-alcoholic beverages,29885.0,267436.0,11.174636174636175,,,,,False,False,
OECD,AUS,AUS,1993,1999,CP04,Housing & utilities (incl. imputed rent),55387.0,267436.0,20.710375566490676,12.812037272468926,,,,False,False,
OECD,AUS,AUS,1994,1999,CP01,Food & non-alcoholic beverages,32005.0,285009.0,11.229469946563091,,,,,False,False,
OECD,AUS,AUS,1994,1999,CP04,Housing & utilities (incl. imputed rent),57759.0,285009.0,20.265675820763555,12.598198653375858,,,,False,False,
OECD,AUS,AUS,1995,1999,CP01,Food & non-alcoholic beverages,33909.0,302751.0,11.200293310344145,,,,,False,False,
OECD,AUS,AUS,1995,1999,CP04,Housing & utilities (incl. imputed rent),60619.0,302751.0,20.022724945582343,12.554871825361435,,,,False,False,
OECD,AUS,AUS,1996,1999,CP01,Food & non-alcoholic beverages,34696.0,315937.0,10.981936272104882,,,,,False,False,
OECD,AUS,AUS,1996,1999,CP04,Housing & utilities (incl. imputed rent),63752.0,315937.0,20.178706514273415,12.70379854211441,,,,False,False,
OECD,AUS,AUS,1997,1999,CP01,Food & non-alcoholic beverages,36394.0,336710.0,10.808707790086425,,,,,False,False,
OECD,AUS,AUS,1997,1999,CP04,Housing & utilities (incl. imputed rent),67735.0,336710.0,20.116717650203437,12.680942056962966,,,,False,False,
OECD,AUS,AUS,1998,1999,CP01,Food & non-alcoholic beverages,38234.0,359045.0,10.648804467406592,,,,,False,False,
OECD,AUS,AUS,1998,1999,CP04,Housing & utilities (incl. imputed rent),71504.0,359045.0,19.915052430753803,12.600648943725718,,,,False,False,
OECD,AUS,AUS,1999,1999,CP01,Food & non-alcoholic beverages,39948.0,381320.0,10.476240427986992,,,,,False,False,
OECD,AUS,AUS,1999,1999,CP04,Housing & utilities (incl. imputed rent),75620.0,381320.0,19.831112975978183,12.634794922899403,,,,False,False,
OECD,AUS,AUS,2000,1999,CP01,Food & non-alcoholic beverages,42331.0,411502.0,10.28694878761221,,,,,False,False,
OECD,AUS,AUS,2000,1999,CP04,Housing & utilities (incl. imputed rent),80980.0,411502.0,19.67912671141331,12.475516522398433,,,,False,False,
OECD,AUS,AUS,2001,1999,CP01,Food & non-alcoholic beverages,45781.0,434228.0,10.543078751255102,,,,,False,False,
OECD,AUS,AUS,2001,1999,CP04,Housing & utilities (incl. imputed rent),86002.0,434228.0,19.80572418176626,12.632764354210229,,,,False,False,
OECD,AUS,AUS,2002,1999,CP01,Food & non-alcoholic beverages,48546.0,465045.0,10.438989775183046,,,,,False,False,
OECD,AUS,AUS,2002,1999,CP04,Housing & utilities (incl. imputed rent),92069.0,465045.0,19.797869023427843,12.787794729542302,,,,False,False,
OECD,AUS,AUS,2003,1999,CP01,Food & non-alcoholic beverages,51606.0,496666.0,10.390483745615766,,,,,False,False,
OECD,AUS,AUS,2003,1999,CP04,Housing & utilities (incl. imputed rent),98923.0,496666.0,19.917409285113134,12.991628176682116,,,,False,False,
OECD,AUS,AUS,2004,1999,CP01,Food & non-alcoholic beverages,53855.0,527819.0,10.203308331075615,,,,,False,False,
OECD,AUS,AUS,2004,1999,CP04,Housing & utilities (incl. imputed rent),105970.0,527819.0,20.076958199685876,13.307402727071214,,,,False,False,
OECD,AUS,AUS,2005,1999,CP01,Food & non-alcoholic beverages,57733.0,561893.0,10.274732021933001,,,,,False,False,
OECD,AUS,AUS,2005,1999,CP04,Housing & utilities (incl. imputed rent),113912.0,561893.0,20.27289893271495,13.654734976232131,,,,False,False,
OECD,AUS,AUS,2006,1999,CP01,Food & non-alcoholic beverages,62934.0,611524.0,10.291337707105527,,,,,False,False,
OECD,AUS,AUS,2006,1999,CP04,Housing & utilities (incl. imputed rent),123382.0,611524.0,20.176150077511267,13.668964750361393,,,,False,False,
OECD,AUS,AUS,2007,1999,CP01,Food & non-alcoholic beverages,66448.0,661455.0,10.04573251392763,,,,,False,False,
OECD,AUS,AUS,2007,1999,CP04,Housing & utilities (incl. imputed rent),134976.0,661455.0,20.40592330544028,13.819836572404775,,,,False,False,
OECD,AUS,AUS,2008,1999,CP01,Food & non-alcoholic beverages,70600.0,684291.0,10.317248071361453,,,,,False,False,
OECD,AUS,AUS,2008,1999,CP04,Housing & utilities (incl. imputed rent),148803.0,684291.0,21.74557315528043,14.76550181136388,,,,False,False,
OECD,AUS,AUS,2009,1999,CP01,Food & non-alcoholic beverages,72284.0,725639.0,9.961427100803567,,,,,False,False,
OECD,AUS,AUS,2009,1999,CP04,Housing & utilities (incl. imputed rent),160649.0,725639.0,22.1389699285733,14.908928544358835,,,,False,False,
OECD,AUS,AUS,2010,1999,CP01,Food & non-alcoholic beverages,75233.0,768239.0,9.792916006607319,,,,,False,False,
OECD,AUS,AUS,2010,1999,CP04,Housing & utilities (incl. imputed rent),172901.0,768239.0,22.50614717555344,14.966306058401097,,,,False,False,
OECD,AUS,AUS,2011,1999,CP01,Food & non-alcoholic beverages,78236.0,808886.0,9.672067510131217,,,,,False,False,
OECD,AUS,AUS,2011,1999,CP04,Housing & utilities (incl. imputed rent),186031.0,808886.0,22.998420049302375,15.115850688477733,,,,False,False,
OECD,AUS,AUS,2012,1999,CP01,Food & non-alcoholic beverages,81813.0,845678.0,9.67424953705784,,,,,False,False,
OECD,AUS,AUS,2012,1999,CP04,Housing & utilities (incl. imputed rent),198261.0,845678.0,23.444029524239724,15.212764196301665,,,,False,False,
OECD,AUS,AUS,2013,1999,CP01,Food & non-alcoholic beverages,85114.0,883480.0,9.633947570969347,,,,,False,False,
OECD,AUS,AUS,2013,1999,CP04,Housing & utilities (incl. imputed rent),207576.0,883480.0,23.495268710100962,15.11930094625798,,,,False,False,
OECD,AUS,AUS,2014,1999,CP01,Food & non-alcoholic beverages,87886.0,917278.0,9.581173864411879,,,,,False,False,
OECD,AUS,AUS,2014,1999,CP04,Housing & utilities (incl. imputed rent),215636.0,917278.0,23.508249407486062,15.187653034303668,,,,False,False,
OECD,AUS,AUS,2015,1999,CP01,Food & non-alcoholic beverages,90970.0,951452.0,9.561175971042154,,,,,False,False,
OECD,AUS,AUS,2015,1999,CP04,Housing & utilities (incl. imputed rent),222237.0,951452.0,23.35766806943493,15.109853150763255,,,,False,False,
OECD,AUS,AUS,2016,1999,CP01,Food & non-alcoholic beverages,94238.0,983693.0,9.580021409118496,,,,,False,False,
OECD,AUS,AUS,2016,1999,CP04,Housing & utilities (incl. imputed rent),230153.0,983693.0,23.396832141735278,15.08905725668476,,,,False,False,
OECD,AUS,AUS,2017,1999,CP01,Food & non-alcoholic beverages,97205.0,1025255.0,9.481055932426568,,,,,False,False,
OECD,AUS,AUS,2017,1999,CP04,Housing & utilities (incl. imputed rent),241185.0,1025255.0,23.52439149284812,15.155644205587878,,,,False,False,
OECD,AUS,AUS,2018,1999,CP01,Food & non-alcoholic beverages,101368.0,1061474.0,9.5497393247503,,,,,False,False,
OECD,AUS,AUS,2018,1999,CP04,Housing & utilities (incl. imputed rent),251213.0,1061474.0,23.666429889003403,15.284783235387772,,,,False,False,
OECD,AUS,AUS,2019,1999,CP01,Food & non-alcoholic beverages,107529.0,1043527.0,10.30438119952814,,,,,False,False,
OECD,AUS,AUS,2019,1999,CP04,Housing & utilities (incl. imputed rent),259452.0,1043527.0,24.862988691236545,16.145916684474862,,,,False,False,
OECD,AUS,AUS,2020,1999,CP01,Food & non-alcoholic beverages,111404.0,1065406.0,10.45648325614836,,,,,False,False,
OECD,AUS,AUS,2020,1999,CP04,Housing & utilities (incl. imputed rent),266794.0,1065406.0,25.041533462360828,16.393468780915445,,,,False,False,
OECD,AUS,AUS,2021,1999,CP01,Food & non-alcoholic beverages,117703.0,1146338.0,10.267739532319437,,,,,False,False,
OECD,AUS,AUS,2021,1999,CP04,Housing & utilities (incl. imputed rent),276856.0,1146338.0,24.151341052987863,15.888158640819725,,,,False,False,
OECD,AUS,AUS,2022,1999,CP01,Food & non-alcoholic beverages,127821.0,1302014.0,9.817175544963417,,,,,False,False,
OECD,AUS,AUS,2022,1999,CP04,Housing & utilities (incl. imputed rent),295761.0,1302014.0,22.71565436316353,14.971882022773949,,,,False,False,
OECD,AUS,AUS,2023,1999,CP01,Food & non-alcoholic beverages,133107.0,1378415.0,9.656525792304931,,,,,False,False,
OECD,AUS,AUS,2023,1999,CP04,Housing & utilities (incl. imputed rent),326248.0,1378415.0,23.668343713613098,15.643982400075448,,,,False,False,
OECD,AUS,AUS,2024,1999,CP01,Food & non-alcoholic beverages,137878.0,1440991.0,9.56827627653469,,,,,False,False,
OECD,AUS,AUS,2024,1999,CP04,Housing & utilities (incl. imputed rent),350453.0,1440991.0,24.32027680950124,16.316757009585764,,,,False,False,
OECD,AUS,AUS,2025,1999,CP01,Food & non-alcoholic beverages,,,,,,,,False,False,
OECD,AUS,AUS,2025,1999,CP04,Housing & utilities (incl. imputed rent),,,,,,,,False,False,
OECD,CAN,CAN,1981,1999,CP01,Food & non-alcoholic beverages,26177.0,189606.0,13.80599770049471,,,,,False,False,
OECD,CAN,CAN,1981,1999,CP04,Housing & utilities (incl. imputed rent),40096.0,189606.0,21.147010115713638,12.021771462928388,,,,False,False,
OECD,CAN,CAN,1982,1999,CP01,Food & non-alcoholic beverages,28095.0,203194.0,13.826687795899486,,,,,False,False,
OECD,CAN,CAN,1982,1999,CP04,Housing & utilities (incl. imputed rent),45755.0,203194.0,22.51788930775515,12.7060838410583,,,,False,False,
OECD,CAN,CAN,1983,1999,CP01,Food & non-alcoholic beverages,29264.0,222346.0,13.161469061732614,,,,,False,False,
OECD,CAN,CAN,1983,1999,CP04,Housing & utilities (incl. imputed rent),50456.0,222346.0,22.692560243944122,12.951885799609617,,,,False,False,
OECD,CAN,CAN,1984,1999,CP01,Food & non-alcoholic beverages,31391.0,242020.0,12.9704156681266,,,,,False,False,
OECD,CAN,CAN,1984,1999,CP04,Housing & utilities (incl. imputed rent),54417.0,242020.0,22.484505412775803,12.890257003553426,,,,False,False,
OECD,CAN,CAN,1985,1999,CP01,Food & non-alcoholic beverages,32774.0,263986.0,12.415052313380254,,,,,False,False,
OECD,CAN,CAN,1985,1999,CP04,Housing & utilities (incl. imputed rent),58557.0,263986.0,22.181858128840165,12.75332782799088,,,,False,False,
OECD,CAN,CAN,1986,1999,CP01,Food & non-alcoholic beverages,34600.0,286198.0,12.089532421610214,,,,,False,False,
OECD,CAN,CAN,1986,1999,CP04,Housing & utilities (incl. imputed rent),62593.0,286198.0,21.870523204215264,12.818398451421743,,,,False,False,
OECD,CAN,CAN,1987,1999,CP01,Food & non-alcoholic beverages,36652.0,308276.0,11.889345910807199,,,,,False,False,
OECD,CAN,CAN,1987,1999,CP04,Housing & utilities (incl. imputed rent),66982.0,308276.0,21.727932112782053,12.963383461573393,,,,False,False,
OECD,CAN,CAN,1988,1999,CP01,Food & non-alcoholic beverages,37932.0,333195.0,11.384324494665286,,,,,False,False,
OECD,CAN,CAN,1988,1999,CP04,Housing & utilities (incl. imputed rent),73593.0,333195.0,22.087066132444967,13.174867570041568,,,,False,False,
OECD,CAN,CAN,1989,1999,CP01,Food & non-alcoholic beverages,39773.0,358061.0,11.107883852192783,,,,,False,False,
OECD,CAN,CAN,1989,1999,CP04,Housing & utilities (incl. imputed rent),81163.0,358061.0,22.667366733601256,13.589304615693973,,,,False,False,
OECD,CAN,CAN,1990,1999,CP01,Food & non-alcoholic beverages,41953.0,375245.0,11.18016229396794,,,,,False,False,
OECD,CAN,CAN,1990,1999,CP04,Housing & utilities (incl. imputed rent),87712.0,375245.0,23.374595264427242,14.046556249916723,,,,False,False,
OECD,CAN,CAN,1991,1999,CP01,Food & non-alcoholic beverages,43421.0,387982.0,11.191498574676146,,,,,False,False,
OECD,CAN,CAN,1991,1999,CP04,Housing & utilities (incl. imputed rent),94404.0,387982.0,24.33205664180297,14.564850946693403,,,,False,False,
OECD,CAN,CAN,1992,1999,CP01,Food & non-alcoholic beverages,43402.0,399989.0,10.850798396955916,,,,,False,False,
OECD,CAN,CAN,1992,1999,CP04,Housing & utilities (incl. imputed rent),99731.0,399989.0,24.93343566948091,14.987912167584607,,,,False,False,
OECD,CAN,CAN,1993,1999,CP01,Food & non-alcoholic beverages,45009.0,416354.0,10.810272028129909,,,,,False,False,
OECD,CAN,CAN,1993,1999,CP04,Housing & utilities (incl. imputed rent),104659.0,416354.0,25.137022821925576,15.07323095250676,,,,False,False,
OECD,CAN,CAN,1994,1999,CP01,Food & non-alcoholic beverages,45783.0,436055.0,10.499363612388347,,,,,False,False,
OECD,CAN,CAN,1994,1999,CP04,Housing & utilities (incl. imputed rent),109842.0,436055.0,25.18994163580282,15.251057779408562,,,,False,False,
OECD,CAN,CAN,1995,1999,CP01,Food & non-alcoholic beverages,47390.0,452872.0,10.464325460615804,,,,,False,False,
OECD,CAN,CAN,1995,1999,CP04,Housing & utilities (incl. imputed rent),113191.0,452872.0,24.994038050486672,15.33501740006006,,,,False,False,
OECD,CAN,CAN,1996,1999,CP01,Food & non-alcoholic beverages,48703.0,473359.0,10.288808282931136,,,,,False,False,
OECD,CAN,CAN,1996,1999,CP04,Housing & utilities (incl. imputed rent),117241.0,473359.0,24.767882304973604,15.159952594119897,,,,False,False,
OECD,CAN,CAN,1997,1999,CP01,Food & non-alcoholic beverages,50289.0,503213.0,9.993581246907373,,,,,False,False,
OECD,CAN,CAN,1997,1999,CP04,Housing & utilities (incl. imputed rent),120517.0,503213.0,23.949500509724512,14.721599004795186,,,,False,False,
OECD,CAN,CAN,1998,1999,CP01,Food & non-alcoholic beverages,52125.0,526056.0,9.908640905150783,,,,,False,False,
OECD,CAN,CAN,1998,1999,CP04,Housing & utilities (incl. imputed rent),123299.0,526056.0,23.438379183965203,14.589701476648873,,,,False,False,
OECD,CAN,CAN,1999,1999,CP01,Food & non-alcoholic beverages,53935.0,555384.0,9.711298849084598,,,,,False,False,
OECD,CAN,CAN,1999,1999,CP04,Housing & utilities (incl. imputed rent),128038.0,555384.0,23.05395906255852,14.28651167480518,,,,False,False,
OECD,CAN,CAN,2000,1999,CP01,Food & non-alcoholic beverages,56513.0,590555.0,9.569472784075996,,,,,False,False,
OECD,CAN,CAN,2000,1999,CP04,Housing & utilities (incl. imputed rent),134547.0,590555.0,22.783144668997807,13.984472233746223,,,,False,False,
OECD,CAN,CAN,2001,1999,CP01,Food & non-alcoholic beverages,59751.0,616324.0,9.694738481707674,,,,,False,False,
OECD,CAN,CAN,2001,1999,CP04,Housing & utilities (incl. imputed rent),139975.0,616324.0,22.711268748255787,13.955971209948014,,,,False,False,
OECD,CAN,CAN,2002,1999,CP01,Food & non-alcoholic beverages,62288.0,653348.0,9.533663530002388,,,,,False,False,
OECD,CAN,CAN,2002,1999,CP04,Housing & utilities (incl. imputed rent),146053.0,653348.0,22.354549183589757,13.82310805267637,,,,False,False,
OECD,CAN,CAN,2003,1999,CP01,Food & non-alcoholic beverages,64659.0,679663.0,9.513391195342399,,,,,False,False,
OECD,CAN,CAN,2003,1999,CP04,Housing & utilities (incl. imputed rent),154067.0,679663.0,22.668145831095703,13.89791705595273,,,,False,False,
OECD,CAN,CAN,2004,1999,CP01,Food & non-alcoholic beverages,67065.0,711624.0,9.42421840747361,,,,,False,False,
OECD,CAN,CAN,2004,1999,CP04,Housing & utilities (incl. imputed rent),161047.0,711624.0,22.630911829842727,13.92757973311749,,,,False,False,
OECD,CAN,CAN,2005,1999,CP01,Food & non-alcoholic beverages,69294.0,748603.0,9.256441665341978,,,,,False,False,
OECD,CAN,CAN,2005,1999,CP04,Housing & utilities (incl. imputed rent),169179.0,748603.0,22.599294953399866,13.86355651794075,,,,False,False,
OECD,CAN,CAN,2006,1999,CP01,Food & non-alcoholic beverages,72187.0,787725.0,9.163984893205116,,,,,False,False,
OECD,CAN,CAN,2006,1999,CP04,Housing & utilities (incl. imputed rent),177664.0,787725.0,22.554063918245582,13.941921355803105,,,,False,False,
OECD,CAN,CAN,2007,1999,CP01,Food & non-alcoholic beverages,75232.0,832791.0,9.033719144419187,,,,,False,False,
OECD,CAN,CAN,2007,1999,CP04,Housing & utilities (incl. imputed rent),188917.0,832791.0,22.684803269968096,14.081083969447317,,,,False,False,
OECD,CAN,CAN,2008,1999,CP01,Food & non-alcoholic beverages,79281.0,866620.0,9.148300293092705,,,,,False,False,
OECD,CAN,CAN,2008,1999,CP04,Housing & utilities (incl. imputed rent),200727.0,866620.0,23.16205487987815,14.37458170824583,,,,False,False,
OECD,CAN,CAN,2009,1999,CP01,Food & non-alcoholic beverages,84033.0,868311.0,9.677753708060822,,,,,False,False,
OECD,CAN,CAN,2009,1999,CP04,Housing & utilities (incl. imputed rent),206360.0,868311.0,23.765678426278143,15.05105889479691,,,,False,False,
OECD,CAN,CAN,2010,1999,CP01,Food & non-alcoholic beverages,86079.0,911430.0,9.44438958559626,,,,,False,False,
OECD,CAN,CAN,2010,1999,CP04,Housing & utilities (incl. imputed rent),215129.0,911430.0,23.603458301789495,14.986449864498644,,,,False,False,
OECD,CAN,CAN,2011,1999,CP01,Food & non-alcoholic beverages,88885.0,950634.0,9.350075844120871,,,,,False,False,
OECD,CAN,CAN,2011,1999,CP04,Housing & utilities (incl. imputed rent),225005.0,950634.0,23.66894093836324,15.014190529688609,,,,False,False,
OECD,CAN,CAN,2012,1999,CP01,Food & non-alcoholic beverages,91453.0,980661.0,9.325648720607834,,,,,False,False,
OECD,CAN,CAN,2012,1999,CP04,Housing & utilities (incl. imputed rent),233701.0,980661.0,23.830967072209457,15.23778349501,,,,False,False,
OECD,CAN,CAN,2013,1999,CP01,Food & non-alcoholic beverages,94295.0,1020292.0,9.24196210496603,,,,,False,False,
OECD,CAN,CAN,2013,1999,CP04,Housing & utilities (incl. imputed rent),245355.0,1020292.0,24.04752757053863,15.375598358117088,,,,False,False,
OECD,CAN,CAN,2014,1999,CP01,Food & non-alcoholic beverages,98402.0,1068624.0,9.208290287322763,,,,,False,False,
OECD,CAN,CAN,2014,1999,CP04,Housing & utilities (incl. imputed rent),257830.0,1068624.0,24.127288924822953,15.374163410142389,,,,False,False,
OECD,CAN,CAN,2015,1999,CP01,Food & non-alcoholic beverages,102409.0,1104700.0,9.270299628858513,,,,,False,False,
OECD,CAN,CAN,2015,1999,CP04,Housing & utilities (incl. imputed rent),267684.0,1104700.0,24.231375033945866,15.523581062731964,,,,False,False,
OECD,CAN,CAN,2016,1999,CP01,Food & non-alcoholic beverages,104944.0,1141037.0,9.19724776672448,,,,,False,False,
OECD,CAN,CAN,2016,1999,CP04,Housing & utilities (incl. imputed rent),276531.0,1141037.0,24.235059862213056,15.591518942856366,,,,False,False,
OECD,CAN,CAN,2017,1999,CP01,Food & non-alcoholic beverages,108692.0,1197297.0,9.078115120976667,,,,,False,False,
OECD,CAN,CAN,2017,1999,CP04,Housing & utilities (incl. imputed rent),286309.0,1197297.0,23.912947247007217,15.408875157959972,,,,False,False,
OECD,CAN,CAN,2018,1999,CP01,Food & non-alcoholic beverages,113048.0,1250934.0,9.037087488228796,,,,,False,False,
OECD,CAN,CAN,2018,1999,CP04,Housing & utilities (incl. imputed rent),298200.0,1250934.0,23.838188105847312,15.364199869857242,,,,False,False,
OECD,CAN,CAN,2019,1999,CP01,Food & non-alcoholic beverages,117486.0,1293556.0,9.082405400307369,,,,,False,False,
OECD,CAN,CAN,2019,1999,CP04,Housing & utilities (incl. imputed rent),313547.0,1293556.0,24.23915160998055,15.661401593746232,,,,False,False,
OECD,CAN,CAN,2020,1999,CP01,Food & non-alcoholic beverages,129284.0,1228469.0,10.52399368645037,,,,,False,False,
OECD,CAN,CAN,2020,1999,CP04,Housing & utilities (incl. imputed rent),326288.0,1228469.0,26.560539989206077,17.185781651795853,,,,False,False,
OECD,CAN,CAN,2021,1999,CP01,Food & non-alcoholic beverages,131991.0,1345505.0,9.80977402536594,,,,,False,False,
OECD,CAN,CAN,2021,1999,CP04,Housing & utilities (incl. imputed rent),341479.0,1345505.0,25.379244224287532,16.3601027123645,,,,False,False,
OECD,CAN,CAN,2022,1999,CP01,Food & non-alcoholic beverages,143379.0,1519559.0,9.43556650317625,,,,,False,False,
OECD,CAN,CAN,2022,1999,CP04,Housing & utilities (incl. imputed rent),368812.0,1519559.0,24.270989148825418,15.526741640173233,,,,False,False,
OECD,CAN,CAN,2023,1999,CP01,Food & non-alcoholic beverages,154894.0,1615602.0,9.587386002245603,,,,,False,False,
OECD,CAN,CAN,2023,1999,CP04,Housing & utilities (incl. imputed rent),396294.0,1615602.0,24.529184786847257,15.837563954488793,,,,False,False,
OECD,CAN,CAN,2024,1999,CP01,Food & non-alcoholic beverages,160508.0,1695130.0,9.468772306548761,,,,,False,False,
OECD,CAN,CAN,2024,1999,CP04,Housing & utilities (incl. imputed rent),432758.0,1695130.0,25.52948741394465,16.60792977529747,,,,False,False,
OECD,CAN,CAN,2025,1999,CP01,Food & non-alcoholic beverages,168680.0,1776798.0,9.493482095319782,,,,,False,False,
OECD,CAN,CAN,2025,1999,CP04,Housing & utilities (incl. imputed rent),464637.0,1776798.0,26.150243302840277,17.053486102528257,,,,False,False,
OECD,CHL,CHL,1995,1999,CP01,Food & non-alcoholic beverages,,,,,,,,False,False,
OECD,CHL,CHL,1995,1999,CP04,Housing & utilities (incl. imputed rent),,,,,,,,False,False,
OECD,CHL,CHL,1996,1999,CP01,Food & non-alcoholic beverages,,,,,,,,False,False,
OECD,CHL,CHL,1996,1999,CP04,Housing & utilities (incl. imputed rent),,,,,,,,False,False,
OECD,CHL,CHL,1997,1999,CP01,Food & non-alcoholic beverages,,,,,,,,False,False,
OECD,CHL,CHL,1997,1999,CP04,Housing & utilities (incl. imputed rent),,,,,,,,False,False,
OECD,CHL,CHL,1998,1999,CP01,Food & non-alcoholic beverages,,,,,,,,False,False,
OECD,CHL,CHL,1998,1999,CP04,Housing & utilities (incl. imputed rent),,,,,,,,False,False,
OECD,CHL,CHL,1999,1999,CP01,Food & non-alcoholic beverages,,,,,,,,False,False,
OECD,CHL,CHL,1999,1999,CP04,Housing & utilities (incl. imputed rent),,,,,,,,False,False,
OECD,CHL,CHL,2000,1999,CP01,Food & non-alcoholic beverages,,,,,,,,False,False,
OECD,CHL,CHL,2000,1999,CP04,Housing & utilities (incl. imputed rent),,,,,,,,False,False,
OECD,CHL,CHL,2001,1999,CP01,Food & non-alcoholic beverages,,,,,,,,False,False,
OECD,CHL,CHL,2001,1999,CP04,Housing & utilities (incl. imputed rent),,,,,,,,False,False,
OECD,CHL,CHL,2002,1999,CP01,Food & non-alcoholic beverages,,,,,,,,False,False,
OECD,CHL,CHL,2002,1999,CP04,Housing & utilities (incl. imputed rent),,,,,,,,False,False,
OECD,CHL,CHL,2003,1999,CP01,Food & non-alcoholic beverages,,,,,,,,False,False,
OECD,CHL,CHL,2003,1999,CP04,Housing & utilities (incl. imputed rent),,,,,,,,False,False,
OECD,CHL,CHL,2004,1999,CP01,Food & non-alcoholic beverages,,,,,,,,False,False,
OECD,CHL,CHL,2004,1999,CP04,Housing & utilities (incl. imputed rent),,,,,,,,False,False,
OECD,CHL,CHL,2005,1999,CP01,Food & non-alcoholic beverages,,,,,,,,False,False,
OECD,CHL,CHL,2005,1999,CP04,Housing & utilities (incl. imputed rent),,,,,,,,False,False,
OECD,CHL,CHL,2006,1999,CP01,Food & non-alcoholic beverages,,,,,,,,False,False,
OECD,CHL,CHL,2006,1999,CP04,Housing & utilities (incl. imputed rent),,,,,,,,False,False,
OECD,CHL,CHL,2007,1999,CP01,Food & non-alcoholic beverages,,,,,,,,False,False,
OECD,CHL,CHL,2007,1999,CP04,Housing & utilities (incl. imputed rent),,,,,,,,False,False,
OECD,CHL,CHL,2008,1999,CP01,Food & non-alcoholic beverages,,,,,,,,False,False,
OECD,CHL,CHL,2008,1999,CP04,Housing & utilities (incl. imputed rent),,,,,,,,False,False,
OECD,CHL,CHL,2009,1999,CP01,Food & non-alcoholic beverages,,,,,,,,False,False,
OECD,CHL,CHL,2009,1999,CP04,Housing & utilities (incl. imputed rent),,,,,,,,False,False,
OECD,CHL,CHL,2010,1999,CP01,Food & non-alcoholic beverages,,,,,,,,False,False,
OECD,CHL,CHL,2010,1999,CP04,Housing & utilities (incl. imputed rent),,,,,,,,False,False,
OECD,CHL,CHL,2011,1999,CP01,Food & non-alcoholic beverages,,,,,,,,False,False,
OECD,CHL,CHL,2011,1999,CP04,Housing & utilities (incl. imputed rent),,,,,,,,False,False,
OECD,CHL,CHL,2012,1999,CP01,Food & non-alcoholic beverages,,,,,,,,False,False,
OECD,CHL,CHL,2012,1999,CP04,Housing & utilities (incl. imputed rent),,,,,,,,False,False,
OECD,CHL,CHL,2013,1999,CP01,Food & non-alcoholic beverages,,83590194.086,,,,,,False,False,
OECD,CHL,CHL,2013,1999,CP04,Housing & utilities (incl. imputed rent),,83590194.086,,,,,,False,False,
OECD,CHL,CHL,2014,1999,CP01,Food & non-alcoholic beverages,,90813804.707,,,,,,False,False,
OECD,CHL,CHL,2014,1999,CP04,Housing & utilities (incl. imputed rent),,90813804.707,,,,,,False,False,
OECD,CHL,CHL,2015,1999,CP01,Food & non-alcoholic beverages,,98467703.425,,,,,,False,False,
OECD,CHL,CHL,2015,1999,CP04,Housing & utilities (incl. imputed rent),,98467703.425,,,,,,False,False,
OECD,CHL,CHL,2016,1999,CP01,Food & non-alcoholic beverages,,105430917.459,,,,,,False,False,
OECD,CHL,CHL,2016,1999,CP04,Housing & utilities (incl. imputed rent),,105430917.459,,,,,,False,False,
OECD,CHL,CHL,2017,1999,CP01,Food & non-alcoholic beverages,,112000103.59,,,,,,False,False,
OECD,CHL,CHL,2017,1999,CP04,Housing & utilities (incl. imputed rent),,112000103.59,,,,,,False,False,
OECD,CHL,CHL,2018,1999,CP01,Food & non-alcoholic beverages,21118596.264,118015673.786,17.894738543199555,,,,,False,False,
OECD,CHL,CHL,2018,1999,CP04,Housing & utilities (incl. imputed rent),17093702.768,118015673.786,14.484264860442458,,,,,False,False,
OECD,CHL,CHL,2019,1999,CP01,Food & non-alcoholic beverages,21732345.447,120583584.253,18.022640131017102,,,,,False,False,
OECD,CHL,CHL,2019,1999,CP04,Housing & utilities (incl. imputed rent),18120216.072,120583584.253,15.027100234457649,,,,,False,False,
OECD,CHL,CHL,2020,1999,CP01,Food & non-alcoholic beverages,24087939.657,117631369.846,20.477479509535016,,,,,False,False,
OECD,CHL,CHL,2020,1999,CP04,Housing & utilities (incl. imputed rent),19886410.877,117631369.846,16.905703727700175,,,,,False,False,
OECD,CHL,CHL,2021,1999,CP01,Food & non-alcoholic beverages,29185983.958,148509667.047,19.652581908195437,,,,,False,False,
OECD,CHL,CHL,2021,1999,CP04,Housing & utilities (incl. imputed rent),22908436.877,148509667.047,15.425552647525626,,,,,False,False,
OECD,CHL,CHL,2022,1999,CP01,Food & non-alcoholic beverages,33333873.113,166581893.431,20.010501997810014,,,,,False,False,
OECD,CHL,CHL,2022,1999,CP04,Housing & utilities (incl. imputed rent),25111058.682,166581893.431,15.074302593637686,,,,,False,False,
OECD,CHL,CHL,2023,1999,CP01,Food & non-alcoholic beverages,36093767.829,170267058.963,21.198326939354363,,,,,False,False,
OECD,CHL,CHL,2023,1999,CP04,Housing & utilities (incl. imputed rent),26449193.044,170267058.963,15.533946028719248,,,,,False,False,
OECD,CHL,CHL,2024,1999,CP01,Food & non-alcoholic beverages,38926759.086,181131353.288,21.490900597483094,,,,,False,False,
OECD,CHL,CHL,2024,1999,CP04,Housing & utilities (incl. imputed rent),28252666.105,181131353.288,15.597888268453493,,,,,False,False,
OECD,CHL,CHL,2025,1999,CP01,Food & non-alcoholic beverages,,193820082.461,,,,,,False,False,
OECD,CHL,CHL,2025,1999,CP04,Housing & utilities (incl. imputed rent),,193820082.461,,,,,,False,False,
OECD,COL,COL,1995,1999,CP01,Food & non-alcoholic beverages,,,,,,,,False,False,
OECD,COL,COL,1995,1999,CP04,Housing & utilities (incl. imputed rent),,,,,,,,False,False,
OECD,COL,COL,1996,1999,CP01,Food & non-alcoholic beverages,,,,,,,,False,False,
OECD,COL,COL,1996,1999,CP04,Housing & utilities (incl. imputed rent),,,,,,,,False,False,
OECD,COL,COL,1997,1999,CP01,Food & non-alcoholic beverages,,,,,,,,False,False,
OECD,COL,COL,1997,1999,CP04,Housing & utilities (incl. imputed rent),,,,,,,,False,False,
OECD,COL,COL,1998,1999,CP01,Food & non-alcoholic beverages,,,,,,,,False,False,
OECD,COL,COL,1998,1999,CP04,Housing & utilities (incl. imputed rent),,,,,,,,False,False,
OECD,COL,COL,1999,1999,CP01,Food & non-alcoholic beverages,,,,,,,,False,False,
OECD,COL,COL,1999,1999,CP04,Housing & utilities (incl. imputed rent),,,,,,,,False,False,
OECD,COL,COL,2000,1999,CP01,Food & non-alcoholic beverages,,,,,,,,False,False,
OECD,COL,COL,2000,1999,CP04,Housing & utilities (incl. imputed rent),,,,,,,,False,False,
OECD,COL,COL,2001,1999,CP01,Food & non-alcoholic beverages,,,,,,,,False,False,
OECD,COL,COL,2001,1999,CP04,Housing & utilities (incl. imputed rent),,,,,,,,False,False,
OECD,COL,COL,2002,1999,CP01,Food & non-alcoholic beverages,,,,,,,,False,False,
OECD,COL,COL,2002,1999,CP04,Housing & utilities (incl. imputed rent),,,,,,,,False,False,
OECD,COL,COL,2003,1999,CP01,Food & non-alcoholic beverages,,,,,,,,False,False,
OECD,COL,COL,2003,1999,CP04,Housing & utilities (incl. imputed rent),,,,,,,,False,False,
OECD,COL,COL,2004,1999,CP01,Food & non-alcoholic beverages,,,,,,,,False,False,
OECD,COL,COL,2004,1999,CP04,Housing & utilities (incl. imputed rent),,,,,,,,False,False,
OECD,COL,COL,2005,1999,CP01,Food & non-alcoholic beverages,46458000.0,228906000.0,20.295667217110953,,,,,False,False,
OECD,COL,COL,2005,1999,CP04,Housing & utilities (incl. imputed rent),38570000.0,228906000.0,16.849711235179505,,,,,False,False,
OECD,COL,COL,2006,1999,CP01,Food & non-alcoholic beverages,50577000.0,256932000.0,19.684975012843868,,,,,False,False,
OECD,COL,COL,2006,1999,CP04,Housing & utilities (incl. imputed rent),42524000.0,256932000.0,16.550682670901253,,,,,False,False,
OECD,COL,COL,2007,1999,CP01,Food & non-alcoholic beverages,55623000.0,286638000.0,19.405312624285685,,,,,False,False,
OECD,COL,COL,2007,1999,CP04,Housing & utilities (incl. imputed rent),46320000.0,286638000.0,16.159755510434763,,,,,False,False,
OECD,COL,COL,2008,1999,CP01,Food & non-alcoholic beverages,62964000.0,314121000.0,20.04450514292263,,,,,False,False,
OECD,COL,COL,2008,1999,CP04,Housing & utilities (incl. imputed rent),49834000.0,314121000.0,15.864587213207649,,,,,False,False,
OECD,COL,COL,2009,1999,CP01,Food & non-alcoholic beverages,65870000.0,333083000.0,19.775851664600115,,,,,False,False,
OECD,COL,COL,2009,1999,CP04,Housing & utilities (incl. imputed rent),55034000.0,333083000.0,16.522608478967705,,,,,False,False,
OECD,COL,COL,2010,1999,CP01,Food & non-alcoholic beverages,67750000.0,357950000.0,18.927224472691716,,,,,False,False,
OECD,COL,COL,2010,1999,CP04,Housing & utilities (incl. imputed rent),58954000.0,357950000.0,16.46989803045118,,,,,False,False,
OECD,COL,COL,2011,1999,CP01,Food & non-alcoholic beverages,73177000.0,397739000.0,18.398246086001123,,,,,False,False,
OECD,COL,COL,2011,1999,CP04,Housing & utilities (incl. imputed rent),63244000.0,397739000.0,15.900879722632178,,,,,False,False,
OECD,COL,COL,2012,1999,CP01,Food & non-alcoholic beverages,77425000.0,434285000.0,17.828154322622243,,,,,False,False,
OECD,COL,COL,2012,1999,CP04,Housing & utilities (incl. imputed rent),69329000.0,434285000.0,15.963940730165675,,,,,False,False,
OECD,COL,COL,2013,1999,CP01,Food & non-alcoholic beverages,78816000.0,463666000.0,16.99844284463385,,,,,False,False,
OECD,COL,COL,2013,1999,CP04,Housing & utilities (incl. imputed rent),74597000.0,463666000.0,16.088520616133163,,,,,False,False,
OECD,COL,COL,2014,1999,CP01,Food & non-alcoholic beverages,83001000.0,496688000.0,16.710892954933477,,,,,False,False,
OECD,COL,COL,2014,1999,CP04,Housing & utilities (incl. imputed rent),79723000.0,496688000.0,16.050921302709146,,,,,False,False,
OECD,COL,COL,2015,1999,CP01,Food & non-alcoholic beverages,92725000.0,543366000.0,17.064924930893728,,,,,False,False,
OECD,COL,COL,2015,1999,CP04,Housing & utilities (incl. imputed rent),85797000.0,543366000.0,15.789909563719482,,,,,False,False,
OECD,COL,COL,2016,1999,CP01,Food & non-alcoholic beverages,107309000.0,587811000.0,18.255697834848274,,,,,False,False,
OECD,COL,COL,2016,1999,CP04,Housing & utilities (incl. imputed rent),93164000.0,587811000.0,15.849312108824096,,,,,False,False,
OECD,COL,COL,2017,1999,CP01,Food & non-alcoholic beverages,108948000.0,623083000.0,17.485310945732753,,,,,False,False,
OECD,COL,COL,2017,1999,CP04,Housing & utilities (incl. imputed rent),99654000.0,623083000.0,15.993695863953919,,,,,False,False,
OECD,COL,COL,2018,1999,CP01,Food & non-alcoholic beverages,117298000.0,663972000.0,17.666106402077197,,,,,False,False,
OECD,COL,COL,2018,1999,CP04,Housing & utilities (incl. imputed rent),107611000.0,663972000.0,16.207159338044374,,,,,False,False,
OECD,COL,COL,2019,1999,CP01,Food & non-alcoholic beverages,129827000.0,718269000.0,18.074983049526015,,,,,False,False,
OECD,COL,COL,2019,1999,CP04,Housing & utilities (incl. imputed rent),115285000.0,718269000.0,16.050393376297738,,,,,False,False,
OECD,COL,COL,2020,1999,CP01,Food & non-alcoholic beverages,150007000.0,701577000.0,21.381402183937045,,,,,False,False,
OECD,COL,COL,2020,1999,CP04,Housing & utilities (incl. imputed rent),119415000.0,701577000.0,17.02093996810044,,,,,False,False,
OECD,COL,COL,2021,1999,CP01,Food & non-alcoholic beverages,183379000.0,854078000.0,21.470989769084323,,,,,False,False,
OECD,COL,COL,2021,1999,CP04,Housing & utilities (incl. imputed rent),128418000.0,854078000.0,15.035863234973853,,,,,False,False,
OECD,COL,COL,2022,1999,CP01,Food & non-alcoholic beverages,243794000.0,1069540000.0,22.794285393720664,,,,,False,False,
OECD,COL,COL,2022,1999,CP04,Housing & utilities (incl. imputed rent),140994000.0,1069540000.0,13.182676664734371,,,,p,False,False,
OECD,COL,COL,2023,1999,CP01,Food & non-alcoholic beverages,260144000.0,1153472000.0,22.55312656050602,,,,p,False,False,
OECD,COL,COL,2023,1999,CP04,Housing & utilities (incl. imputed rent),156552000.0,1153472000.0,13.572241025356488,,,,p,False,False,
OECD,COL,COL,2024,1999,CP01,Food & non-alcoholic beverages,279374000.0,1236986000.0,22.585057551176813,,,,p,False,False,
OECD,COL,COL,2024,1999,CP04,Housing & utilities (incl. imputed rent),172940000.0,1236986000.0,13.98075645156857,,,,p,False,False,
OECD,COL,COL,2025,1999,CP01,Food & non-alcoholic beverages,,,,,,,,False,False,
OECD,COL,COL,2025,1999,CP04,Housing & utilities (incl. imputed rent),,,,,,,,False,False,
OECD,CRI,CRI,1991,1999,CP01,Food & non-alcoholic beverages,170861.053,643447.166,26.554014381967146,,,,,False,False,
OECD,CRI,CRI,1991,1999,CP04,Housing & utilities (incl. imputed rent),80577.52,643447.166,12.52278730216678,6.5434489768193345,,,,False,False,
OECD,CRI,CRI,1992,1999,CP01,Food & non-alcoholic beverages,220997.1,840775.432,26.2849140910673,,,,,False,False,
OECD,CRI,CRI,1992,1999,CP04,Housing & utilities (incl. imputed rent),102525.576,840775.432,12.194168870529033,6.315208315934711,,,,False,False,
OECD,CRI,CRI,1993,1999,CP01,Food & non-alcoholic beverages,258406.79,1001063.932,25.813215494013026,,,,,False,False,
OECD,CRI,CRI,1993,1999,CP04,Housing & utilities (incl. imputed rent),123392.385,1001063.932,12.326124341876698,6.466290306821283,,,,False,False,
OECD,CRI,CRI,1994,1999,CP01,Food & non-alcoholic beverages,305287.173,1188554.571,25.685583182196186,,,,,False,False,
OECD,CRI,CRI,1994,1999,CP04,Housing & utilities (incl. imputed rent),152125.782,1188554.571,12.7992256907487,6.839131999770838,,,,False,False,
OECD,CRI,CRI,1995,1999,CP01,Food & non-alcoholic beverages,377435.347,1477688.866,25.542274539950416,,,,,False,False,
OECD,CRI,CRI,1995,1999,CP04,Housing & utilities (incl. imputed rent),193635.51,1477688.866,13.103943222104512,7.093973055624282,,,,False,False,
OECD,CRI,CRI,1996,1999,CP01,Food & non-alcoholic beverages,451736.724,1776110.68,25.434041306479845,,,,,False,False,
OECD,CRI,CRI,1996,1999,CP04,Housing & utilities (incl. imputed rent),248776.28,1776110.68,14.006800522138633,7.801433016550523,,,,False,False,
OECD,CRI,CRI,1997,1999,CP01,Food & non-alcoholic beverages,526360.345,2104278.709,25.01381317734941,,,,,False,False,
OECD,CRI,CRI,1997,1999,CP04,Housing & utilities (incl. imputed rent),315520.93,2104278.709,14.994255687258395,8.629536915587355,,,,False,False,
OECD,CRI,CRI,1998,1999,CP01,Food & non-alcoholic beverages,586066.105,2418579.788,24.23182844361056,,,,,False,False,
OECD,CRI,CRI,1998,1999,CP04,Housing & utilities (incl. imputed rent),385287.949,2418579.788,15.93033857769095,9.447363867575659,,,,False,False,
OECD,CRI,CRI,1999,1999,CP01,Food & non-alcoholic beverages,658032.785,2771463.993,23.743147544475427,,,,,False,False,
OECD,CRI,CRI,1999,1999,CP04,Housing & utilities (incl. imputed rent),466772.342,2771463.993,16.842085741649395,10.201512114684002,,,,False,False,
OECD,CRI,CRI,2000,1999,CP01,Food & non-alcoholic beverages,721064.912,3065409.992,23.52262548506758,,,,,False,False,
OECD,CRI,CRI,2000,1999,CP04,Housing & utilities (incl. imputed rent),514905.07,3065409.992,16.797265988686057,10.193938423098869,,,,False,False,
OECD,CRI,CRI,2001,1999,CP01,Food & non-alcoholic beverages,842691.727,3437422.347,24.515222219796662,,,,,False,False,
OECD,CRI,CRI,2001,1999,CP04,Housing & utilities (incl. imputed rent),596193.146,3437422.347,17.34419241558506,10.251674435861808,,,,False,False,
OECD,CRI,CRI,2002,1999,CP01,Food & non-alcoholic beverages,1003292.866,4020046.764,24.957243656581504,,,,,False,False,
OECD,CRI,CRI,2002,1999,CP04,Housing & utilities (incl. imputed rent),668024.052,4020046.764,16.617320424783,9.767079590121904,,,,False,False,
OECD,CRI,CRI,2003,1999,CP01,Food & non-alcoholic beverages,1160781.348,4718107.287,24.602690812020107,,,,,False,False,
OECD,CRI,CRI,2003,1999,CP04,Housing & utilities (incl. imputed rent),767204.496,4718107.287,16.260853120358476,9.400809350438157,,,,False,False,
OECD,CRI,CRI,2004,1999,CP01,Food & non-alcoholic beverages,1366683.423,5536779.192,24.683726325490785,,,,,False,False,
OECD,CRI,CRI,2004,1999,CP04,Housing & utilities (incl. imputed rent),920992.93,5536779.192,16.634091735692248,9.422605794968462,,,,False,False,
OECD,CRI,CRI,2005,1999,CP01,Food & non-alcoholic beverages,1675409.206,6686350.558,25.057154743336447,,,,,False,False,
OECD,CRI,CRI,2005,1999,CP04,Housing & utilities (incl. imputed rent),1082026.876,6686350.558,16.182622592310693,9.270429670462994,,,,False,False,
OECD,CRI,CRI,2006,1999,CP01,Food & non-alcoholic beverages,1978088.322,8005735.254,24.70839041313119,,,,,False,False,
OECD,CRI,CRI,2006,1999,CP04,Housing & utilities (incl. imputed rent),1300792.975,8005735.254,16.248263697579425,9.22428232473749,,,,False,False,
OECD,CRI,CRI,2007,1999,CP01,Food & non-alcoholic beverages,2419069.86,9611264.045,25.169112498355044,,,,,False,False,
OECD,CRI,CRI,2007,1999,CP04,Housing & utilities (incl. imputed rent),1512343.304,9611264.045,15.735113476429314,8.827122822011702,,,,False,False,
OECD,CRI,CRI,2008,1999,CP01,Food & non-alcoholic beverages,3045408.51,11443597.177,26.612335814483558,,,,,False,False,
OECD,CRI,CRI,2008,1999,CP04,Housing & utilities (incl. imputed rent),1767724.468,11443597.177,15.447279737815961,8.456563989730517,,,,False,False,
OECD,CRI,CRI,2009,1999,CP01,Food & non-alcoholic beverages,3036297.707,11685019.507,25.98453263326675,,,,,False,False,
OECD,CRI,CRI,2009,1999,CP04,Housing & utilities (incl. imputed rent),1911985.946,11685019.507,16.362710775575604,9.085947476287771,,,,False,False,
OECD,CRI,CRI,2010,1999,CP01,Food & non-alcoholic beverages,3331465.28,12950245.189,25.725113550975564,,,,,False,False,
OECD,CRI,CRI,2010,1999,CP04,Housing & utilities (incl. imputed rent),2162437.47,12950245.189,16.69804268908194,9.340607280759956,,,,False,False,
OECD,CRI,CRI,2011,1999,CP01,Food & non-alcoholic beverages,3604374.194,14419471.97,24.9965754744624,,,,,False,False,
OECD,CRI,CRI,2011,1999,CP04,Housing & utilities (incl. imputed rent),2397546.208,14419471.97,16.627142886980486,9.371182279152487,,,,False,False,
OECD,CRI,CRI,2012,1999,CP01,Food & non-alcoholic beverages,3715735.714,15938569.443,23.31285581989229,,,,,False,False,
OECD,CRI,CRI,2012,1999,CP04,Housing & utilities (incl. imputed rent),2644203.558,15938569.443,16.589967923133138,9.653844891805953,,,,False,False,
OECD,CRI,CRI,2013,1999,CP01,Food & non-alcoholic beverages,3888339.234,16846917.831,23.080419059473716,,,,,False,False,
OECD,CRI,CRI,2013,1999,CP04,Housing & utilities (incl. imputed rent),2773454.283,16846917.831,16.462680656615827,9.340482881114612,,,,False,False,
OECD,CRI,CRI,2014,1999,CP01,Food & non-alcoholic beverages,4177072.754,18545546.681,22.52331961871704,,,,,False,False,
OECD,CRI,CRI,2014,1999,CP04,Housing & utilities (incl. imputed rent),2926546.704,18545546.681,15.780320496015685,9.107762688551396,,,,False,False,
OECD,CRI,CRI,2015,1999,CP01,Food & non-alcoholic beverages,4408808.955,19596141.697,22.49835208976342,,,,,False,False,
OECD,CRI,CRI,2015,1999,CP04,Housing & utilities (incl. imputed rent),3090423.304,19596141.697,15.770570308098542,9.175552559283986,,,,False,False,
OECD,CRI,CRI,2016,1999,CP01,Food & non-alcoholic beverages,4586158.96,20535471.569,22.33286411071849,,,,,False,False,
OECD,CRI,CRI,2016,1999,CP04,Housing & utilities (incl. imputed rent),3243766.983,20535471.569,15.79592156966454,9.204255824606042,,,,False,False,
OECD,CRI,CRI,2017,1999,CP01,Food & non-alcoholic beverages,4908981.743,22365798.52,21.94860934032951,,,,,False,False,
OECD,CRI,CRI,2017,1999,CP04,Housing & utilities (incl. imputed rent),3398034.707,22365798.52,15.192995251036537,9.007043478454799,,,,False,False,
OECD,CRI,CRI,2018,1999,CP01,Food & non-alcoholic beverages,5026152.705,23374534.205,21.502686046787044,,,,,False,False,
OECD,CRI,CRI,2018,1999,CP04,Housing & utilities (incl. imputed rent),3553739.252,23374534.205,15.203465535753121,8.991691819683044,,,,False,False,
OECD,CRI,CRI,2019,1999,CP01,Food & non-alcoholic beverages,5229671.313,24324029.648,21.500020303708194,,,,,False,False,
OECD,CRI,CRI,2019,1999,CP04,Housing & utilities (incl. imputed rent),3679840.465,24324029.648,15.128416295539948,8.887343406020502,,,,False,False,
OECD,CRI,CRI,2020,1999,CP01,Food & non-alcoholic beverages,5208643.733,22794603.777,22.85033679004141,,,,,False,False,
OECD,CRI,CRI,2020,1999,CP04,Housing & utilities (incl. imputed rent),3786952.427,22794603.777,16.613372463271663,9.770262720017799,,,,False,False,
OECD,CRI,CRI,2021,1999,CP01,Food & non-alcoholic beverages,5685954.3,25533345.76,22.268739684352276,,,,,False,False,
OECD,CRI,CRI,2021,1999,CP04,Housing & utilities (incl. imputed rent),3986199.756,25533345.76,15.61174079365931,9.219089715565735,,,,False,False,
OECD,CRI,CRI,2022,1999,CP01,Food & non-alcoholic beverages,,28823571.77,,,,,e,False,False,
OECD,CRI,CRI,2022,1999,CP04,Housing & utilities (incl. imputed rent),,28823571.77,,,,,e,False,False,
OECD,CRI,CRI,2023,1999,CP01,Food & non-alcoholic beverages,,30358241.335,,,,,e,False,False,
OECD,CRI,CRI,2023,1999,CP04,Housing & utilities (incl. imputed rent),,30358241.335,,,,,e,False,False,
OECD,CRI,CRI,2024,1999,CP01,Food & non-alcoholic beverages,,31394858.192,,,,,e,False,False,
OECD,CRI,CRI,2024,1999,CP04,Housing & utilities (incl. imputed rent),,31394858.192,,,,,e,False,False,
OECD,CRI,CRI,2025,1999,CP01,Food & non-alcoholic beverages,,,,,,,,False,False,
OECD,CRI,CRI,2025,1999,CP04,Housing & utilities (incl. imputed rent),,,,,,,,False,False,
OECD,GBR,GBR,1995,1999,CP01,Food & non-alcoholic beverages,49798.0,527094.0,9.447650703669554,,,,,False,False,
OECD,GBR,GBR,1995,1999,CP04,Housing & utilities (incl. imputed rent),142725.0,527094.0,27.07771289371535,19.10475171411551,,,,False,False,
OECD,GBR,GBR,1996,1999,CP01,Food & non-alcoholic beverages,53143.0,565551.0,9.396676869106411,,,,,False,False,
OECD,GBR,GBR,1996,1999,CP04,Housing & utilities (incl. imputed rent),150131.0,565551.0,26.545970213119595,18.76170318857185,,,,False,False,
OECD,GBR,GBR,1997,1999,CP01,Food & non-alcoholic beverages,53529.0,604416.0,8.85631750317662,,,,,False,False,
OECD,GBR,GBR,1997,1999,CP04,Housing & utilities (incl. imputed rent),157107.0,604416.0,25.993190120711564,18.574293202033036,,,,False,False,
OECD,GBR,GBR,1998,1999,CP01,Food & non-alcoholic beverages,55547.0,636418.0,8.728068659277394,,,,,False,False,
OECD,GBR,GBR,1998,1999,CP04,Housing & utilities (incl. imputed rent),162399.0,636418.0,25.517662919653432,18.265353902623747,,,,False,False,
OECD,GBR,GBR,1999,1999,CP01,Food & non-alcoholic beverages,57030.0,665917.0,8.564130364594986,,,,,False,False,
OECD,GBR,GBR,1999,1999,CP04,Housing & utilities (incl. imputed rent),168669.0,665917.0,25.32883227188974,18.425869890692084,,,,False,False,
OECD,GBR,GBR,2000,1999,CP01,Food & non-alcoholic beverages,57072.0,696437.0,8.194854667399923,,,,,False,False,
OECD,GBR,GBR,2000,1999,CP04,Housing & utilities (incl. imputed rent),174703.0,696437.0,25.08525537844773,18.14722652587384,,,,False,False,
OECD,GBR,GBR,2001,1999,CP01,Food & non-alcoholic beverages,58961.0,722716.0,8.158253034386952,,,,,False,False,
OECD,GBR,GBR,2001,1999,CP04,Housing & utilities (incl. imputed rent),180940.0,722716.0,25.036113770831143,18.240083241549932,,,,False,False,
OECD,GBR,GBR,2002,1999,CP01,Food & non-alcoholic beverages,60466.0,747138.0,8.093016283471059,,,,,False,False,
OECD,GBR,GBR,2002,1999,CP04,Housing & utilities (incl. imputed rent),186845.0,747138.0,25.008097566982272,18.019027274747103,,,,False,False,
OECD,GBR,GBR,2003,1999,CP01,Food & non-alcoholic beverages,63872.0,781374.0,8.174318572156228,,,,,False,False,
OECD,GBR,GBR,2003,1999,CP04,Housing & utilities (incl. imputed rent),192832.0,781374.0,24.67857901593859,17.701382436579667,,,,False,False,
OECD,GBR,GBR,2004,1999,CP01,Food & non-alcoholic beverages,66098.0,819324.0,8.067382378643858,,,,,False,False,
OECD,GBR,GBR,2004,1999,CP04,Housing & utilities (incl. imputed rent),201986.0,819324.0,24.652762521298047,17.42924654959454,,,,False,False,
OECD,GBR,GBR,2005,1999,CP01,Food & non-alcoholic beverages,67844.0,856603.0,7.920121689977738,,,,,False,False,
OECD,GBR,GBR,2005,1999,CP04,Housing & utilities (incl. imputed rent),212770.0,856603.0,24.838810977780838,17.28735481897682,,,,False,False,
OECD,GBR,GBR,2006,1999,CP01,Food & non-alcoholic beverages,69883.0,889726.0,7.854440580583236,,,,,False,False,
OECD,GBR,GBR,2006,1999,CP04,Housing & utilities (incl. imputed rent),226156.0,889726.0,25.418612022128162,17.124597909918336,,,,False,False,
OECD,GBR,GBR,2007,1999,CP01,Food & non-alcoholic beverages,73425.0,932993.0,7.869833964456325,,,,,False,False,
OECD,GBR,GBR,2007,1999,CP04,Housing & utilities (incl. imputed rent),235304.0,932993.0,25.220339273713737,16.80730723595997,,,,False,False,
OECD,GBR,GBR,2008,1999,CP01,Food & non-alcoholic beverages,78836.0,959687.0,8.214761687925334,,,,,False,False,
OECD,GBR,GBR,2008,1999,CP04,Housing & utilities (incl. imputed rent),248503.0,959687.0,25.89417174557955,16.84497132919379,,,,False,False,
OECD,GBR,GBR,2009,1999,CP01,Food & non-alcoholic beverages,81922.0,936472.0,8.747939073458683,,,,,False,False,
OECD,GBR,GBR,2009,1999,CP04,Housing & utilities (incl. imputed rent),252997.0,936472.0,27.015970578938823,17.368912257921217,,,,False,False,
OECD,GBR,GBR,2010,1999,CP01,Food & non-alcoholic beverages,84737.0,969984.0,8.73591729348113,,,,,False,False,
OECD,GBR,GBR,2010,1999,CP04,Housing & utilities (incl. imputed rent),259992.0,969984.0,26.803741092636578,16.98110484296648,,,,False,False,
OECD,GBR,GBR,2011,1999,CP01,Food & non-alcoholic beverages,90075.0,1005363.0,8.959450467144702,,,,,False,False,
OECD,GBR,GBR,2011,1999,CP04,Housing & utilities (incl. imputed rent),264827.0,1005363.0,26.34143090605085,16.525175483879952,,,,False,False,
OECD,GBR,GBR,2012,1999,CP01,Food & non-alcoholic beverages,94482.0,1044706.0,9.043884116679717,,,,,False,False,
OECD,GBR,GBR,2012,1999,CP04,Housing & utilities (incl. imputed rent),279910.0,1044706.0,26.7931839196865,16.449699724132913,,,,False,False,
OECD,GBR,GBR,2013,1999,CP01,Food & non-alcoholic beverages,99551.0,1094360.0,9.096732336708213,,,,,False,False,
OECD,GBR,GBR,2013,1999,CP04,Housing & utilities (incl. imputed rent),292606.0,1094360.0,26.7376366095252,16.25187324098103,,,,False,False,
OECD,GBR,GBR,2014,1999,CP01,Food & non-alcoholic beverages,101299.0,1140079.0,8.88526145995146,,,,,False,False,
OECD,GBR,GBR,2014,1999,CP04,Housing & utilities (incl. imputed rent),299604.0,1140079.0,26.279231526938045,16.162564173184492,,,,False,False,
OECD,GBR,GBR,2015,1999,CP01,Food & non-alcoholic beverages,101114.0,1169894.0,8.643005263724747,,,,,False,False,
OECD,GBR,GBR,2015,1999,CP04,Housing & utilities (incl. imputed rent),311068.0,1169894.0,26.589417502782304,16.363191878922365,,,,False,False,
OECD,GBR,GBR,2016,1999,CP01,Food & non-alcoholic beverages,105045.0,1223457.0,8.585916791517805,,,,,False,False,
OECD,GBR,GBR,2016,1999,CP04,Housing & utilities (incl. imputed rent),324720.0,1223457.0,26.541186163469575,16.400249457071233,,,,False,False,
OECD,GBR,GBR,2017,1999,CP01,Food & non-alcoholic beverages,111078.0,1276178.0,8.703958225263248,,,,,False,False,
OECD,GBR,GBR,2017,1999,CP04,Housing & utilities (incl. imputed rent),332738.0,1276178.0,26.073008624188788,16.27468895404873,,,,False,False,
OECD,GBR,GBR,2018,1999,CP01,Food & non-alcoholic beverages,115634.0,1321271.0,8.751724665114121,,,,,False,False,
OECD,GBR,GBR,2018,1999,CP04,Housing & utilities (incl. imputed rent),341676.0,1321271.0,25.859645750190534,16.153234272151586,,,,False,False,
OECD,GBR,GBR,2019,1999,CP01,Food & non-alcoholic beverages,116000.0,1359402.0,8.53316384704451,,,,,False,False,
OECD,GBR,GBR,2019,1999,CP04,Housing & utilities (incl. imputed rent),351331.0,1359402.0,25.844525754706847,16.126502682797287,,,,False,False,
OECD,GBR,GBR,2020,1999,CP01,Food & non-alcoholic beverages,122416.0,1206375.0,10.147425137291473,,,,,False,False,
OECD,GBR,GBR,2020,1999,CP04,Housing & utilities (incl. imputed rent),356552.0,1206375.0,29.555652264014093,18.55459537871723,,,,False,False,
OECD,GBR,GBR,2021,1999,CP01,Food & non-alcoholic beverages,125836.0,1332054.0,9.446764170221329,,,,,False,False,
OECD,GBR,GBR,2021,1999,CP04,Housing & utilities (incl. imputed rent),369864.0,1332054.0,27.766441901004015,17.328726913473478,,,,False,False,
OECD,GBR,GBR,2022,1999,CP01,Food & non-alcoholic beverages,138851.0,1543865.0,8.993726783106036,,,,,False,False,
OECD,GBR,GBR,2022,1999,CP04,Housing & utilities (incl. imputed rent),403720.0,1543865.0,26.14995482117931,15.829169001175622,,,,False,False,
OECD,GBR,GBR,2023,1999,CP01,Food & non-alcoholic beverages,148438.0,1635517.0,9.075906884489736,,,,,False,False,
OECD,GBR,GBR,2023,1999,CP04,Housing & utilities (incl. imputed rent),435230.0,1635517.0,26.611157205947723,16.16516367607307,,,,False,False,
OECD,GBR,GBR,2024,1999,CP01,Food & non-alcoholic beverages,153437.0,1692413.0,9.06616765529454,,,,,False,False,
OECD,GBR,GBR,2024,1999,CP04,Housing & utilities (incl. imputed rent),459318.0,1692413.0,27.139829344255805,17.231373193186297,,,,False,False,
OECD,GBR,GBR,2025,1999,CP01,Food & non-alcoholic beverages,160360.0,1766604.0,9.077303119431408,,,,,False,False,
OECD,GBR,GBR,2025,1999,CP04,Housing & utilities (incl. imputed rent),491873.0,1766604.0,27.842855557895263,17.66389071914249,,,,False,False,
OECD,ISR,ISR,1995,2018,CP01,Food & non-alcoholic beverages,27232.3,165557.3,16.44886694818048,,,,,False,False,
OECD,ISR,ISR,1995,2018,CP04,Housing & utilities (incl. imputed rent),37676.0,165557.3,22.757075646921038,15.168766342529144,,,,False,False,
OECD,ISR,ISR,1996,2018,CP01,Food & non-alcoholic beverages,31186.9,187608.9,16.623358486724246,,,,,False,False,
OECD,ISR,ISR,1996,2018,CP04,Housing & utilities (incl. imputed rent),41105.2,187608.9,21.910047977468018,14.141226775488796,,,,False,False,
OECD,ISR,ISR,1997,2018,CP01,Food & non-alcoholic beverages,34773.3,208478.1,16.679593683940904,,,,,False,False,
OECD,ISR,ISR,1997,2018,CP04,Housing & utilities (incl. imputed rent),45878.2,208478.1,22.006244300960144,13.89589601977378,,,,False,False,
OECD,ISR,ISR,1998,2018,CP01,Food & non-alcoholic beverages,37420.1,231108.2,16.191593374878085,,,,,False,False,
OECD,ISR,ISR,1998,2018,CP04,Housing & utilities (incl. imputed rent),52568.2,231108.2,22.746142283138372,14.415801775964676,,,,False,False,
OECD,ISR,ISR,1999,2018,CP01,Food & non-alcoholic beverages,40205.8,259042.6,15.520922041393964,,,,,False,False,
OECD,ISR,ISR,1999,2018,CP04,Housing & utilities (incl. imputed rent),58479.0,259042.6,22.575051362208377,14.433185892976674,,,,False,False,
OECD,ISR,ISR,2000,2018,CP01,Food & non-alcoholic beverages,42822.6,282322.3,15.167983542213987,,,,,False,False,
OECD,ISR,ISR,2000,2018,CP04,Housing & utilities (incl. imputed rent),63009.0,282322.3,22.318109479839176,13.91133466963113,,,,False,False,
OECD,ISR,ISR,2001,2018,CP01,Food & non-alcoholic beverages,44482.2,288104.9,15.439584679052661,,,,,False,False,
OECD,ISR,ISR,2001,2018,CP04,Housing & utilities (incl. imputed rent),66672.8,288104.9,23.141848680810355,14.658202619948495,,,,False,False,
OECD,ISR,ISR,2002,2018,CP01,Food & non-alcoholic beverages,46901.1,304692.1,15.39294914439856,,,,,False,False,
OECD,ISR,ISR,2002,2018,CP04,Housing & utilities (incl. imputed rent),75041.7,304692.1,24.628698939027302,15.382184178716813,,,,False,False,
OECD,ISR,ISR,2003,2018,CP01,Food & non-alcoholic beverages,49203.8,307243.7,16.01458386290752,,,,,False,False,
OECD,ISR,ISR,2003,2018,CP04,Housing & utilities (incl. imputed rent),72107.4,307243.7,23.46912239372198,14.08497554221616,,,,False,False,
OECD,ISR,ISR,2004,2018,CP01,Food & non-alcoholic beverages,51001.1,324919.1,15.696553388212637,,,,,False,False,
OECD,ISR,ISR,2004,2018,CP04,Housing & utilities (incl. imputed rent),74866.3,324919.1,23.04152018148518,13.876069458520599,,,,False,False,
OECD,ISR,ISR,2005,2018,CP01,Food & non-alcoholic beverages,52756.1,343001.6,15.380715425234168,,,,,False,False,
OECD,ISR,ISR,2005,2018,CP04,Housing & utilities (incl. imputed rent),78463.0,343001.6,22.875403496660077,13.599645016233161,,,,False,False,
OECD,ISR,ISR,2006,2018,CP01,Food & non-alcoholic beverages,57194.4,368777.8,15.509176528522053,,,,,False,False,
OECD,ISR,ISR,2006,2018,CP04,Housing & utilities (incl. imputed rent),83079.9,368777.8,22.528443957309793,13.2871338784493,,,,False,False,
OECD,ISR,ISR,2007,2018,CP01,Food & non-alcoholic beverages,61090.1,400974.8,15.235396339121559,,,,,False,False,
OECD,ISR,ISR,2007,2018,CP04,Housing & utilities (incl. imputed rent),87356.3,400974.8,21.785982560500063,12.69997516053378,,,,False,False,
OECD,ISR,ISR,2008,2018,CP01,Food & non-alcoholic beverages,69201.9,429340.4,16.118189669548915,,,,,False,False,
OECD,ISR,ISR,2008,2018,CP04,Housing & utilities (incl. imputed rent),93759.5,429340.4,21.838033411251303,12.713734836041517,,,,False,False,
OECD,ISR,ISR,2009,2018,CP01,Food & non-alcoholic beverages,70845.7,444550.1,15.93649399696457,,,,,False,False,
OECD,ISR,ISR,2009,2018,CP04,Housing & utilities (incl. imputed rent),104837.8,444550.1,23.582898755393376,14.143535228087902,,,,False,False,
OECD,ISR,ISR,2010,2018,CP01,Food & non-alcoholic beverages,74751.7,479320.8,15.595338236938602,,,,,False,False,
OECD,ISR,ISR,2010,2018,CP04,Housing & utilities (incl. imputed rent),111791.9,479320.8,23.322981185043503,14.189077544725787,,,,False,False,
OECD,ISR,ISR,2011,2018,CP01,Food & non-alcoholic beverages,78832.0,515289.0,15.298599426729467,,,,,False,False,
OECD,ISR,ISR,2011,2018,CP04,Housing & utilities (incl. imputed rent),120626.0,515289.0,23.409387741636248,14.309077042203503,,,,False,False,
OECD,ISR,ISR,2012,2018,CP01,Food & non-alcoholic beverages,81246.0,538972.7,15.07423288786241,,,,,False,False,
OECD,ISR,ISR,2012,2018,CP04,Housing & utilities (incl. imputed rent),130141.6,538972.7,24.146232267422825,14.524409121278314,,,,False,False,
OECD,ISR,ISR,2013,2018,CP01,Food & non-alcoholic beverages,88490.5,566145.8,15.630337626809206,,,,,False,False,
OECD,ISR,ISR,2013,2018,CP04,Housing & utilities (incl. imputed rent),137050.7,566145.8,24.207668766596875,14.654016686161055,,,,False,False,
OECD,ISR,ISR,2014,2018,CP01,Food & non-alcoholic beverages,90550.4,588394.9,15.389392396161147,,,,,False,False,
OECD,ISR,ISR,2014,2018,CP04,Housing & utilities (incl. imputed rent),144802.6,588394.9,24.609764632562246,14.77742244196882,,,,False,False,
OECD,ISR,ISR,2015,2018,CP01,Food & non-alcoholic beverages,95175.3,603400.1,15.773166096591632,,,,,False,False,
OECD,ISR,ISR,2015,2018,CP04,Housing & utilities (incl. imputed rent),150898.1,603400.1,25.00796735035344,15.318857255741259,,,,False,False,
OECD,ISR,ISR,2016,2018,CP01,Food & non-alcoholic beverages,98285.4,634029.8,15.501700393262272,,,,,False,False,
OECD,ISR,ISR,2016,2018,CP04,Housing & utilities (incl. imputed rent),157177.4,634029.8,24.790222793944384,15.23877899745406,,,,False,False,
OECD,ISR,ISR,2017,2018,CP01,Food & non-alcoholic beverages,102440.2,657664.2,15.576368608782415,,,,,False,False,
OECD,ISR,ISR,2017,2018,CP04,Housing & utilities (incl. imputed rent),164729.6,657664.2,25.047676306540634,15.26131420867975,,,,False,False,
OECD,ISR,ISR,2018,2018,CP01,Food & non-alcoholic beverages,105749.8,684823.0,15.44191710850833,,,,,False,False,
OECD,ISR,ISR,2018,2018,CP04,Housing & utilities (incl. imputed rent),172550.8,684823.0,25.196408415021104,15.389582417646603,,,,False,False,
OECD,ISR,ISR,2019,2018,CP01,Food & non-alcoholic beverages,112044.6,716080.7,15.646923593946886,,,,,False,False,
OECD,ISR,ISR,2019,2018,CP04,Housing & utilities (incl. imputed rent),182447.5,716080.7,25.47862273065033,15.511771229136606,,,,False,False,
OECD,ISR,ISR,2020,2018,CP01,Food & non-alcoholic beverages,114612.4,658746.2,17.398567156820032,,,,,False,False,
OECD,ISR,ISR,2020,2018,CP04,Housing & utilities (incl. imputed rent),189768.0,658746.2,28.807452703332487,17.638492639502136,,,,False,False,
OECD,ISR,ISR,2021,2018,CP01,Food & non-alcoholic beverages,121187.6,738162.7,16.417464605025426,,,,,False,False,
OECD,ISR,ISR,2021,2018,CP04,Housing & utilities (incl. imputed rent),196947.7,738162.7,26.68079814924271,16.303099574118278,,,,False,False,
OECD,ISR,ISR,2022,2018,CP01,Food & non-alcoholic beverages,131516.2,825772.7,15.926440774804012,,,,,False,False,
OECD,ISR,ISR,2022,2018,CP04,Housing & utilities (incl. imputed rent),211855.2,825772.7,25.65538918881673,15.599183649447362,,,,False,False,
OECD,ISR,ISR,2023,2018,CP01,Food & non-alcoholic beverages,138209.1,858825.0,16.09281285477251,,,,,False,False,
OECD,ISR,ISR,2023,2018,CP04,Housing & utilities (incl. imputed rent),229068.1,858825.0,26.672267342007977,16.237091374843537,,,,False,False,
OECD,ISR,ISR,2024,2018,CP01,Food & non-alcoholic beverages,150693.2,917088.8,16.431691238623785,,,,,False,False,
OECD,ISR,ISR,2024,2018,CP04,Housing & utilities (incl. imputed rent),241287.6,917088.8,26.310167565016606,15.840298125983002,,,,False,False,
OECD,ISR,ISR,2025,2018,CP01,Food & non-alcoholic beverages,,965211.1,,,,,,False,False,
OECD,ISR,ISR,2025,2018,CP04,Housing & utilities (incl. imputed rent),,965211.1,,,,,,False,False,
OECD,JPN,JPN,1994,2018,CP01,Food & non-alcoholic beverages,40669400.0,261515700.0,15.551418136654894,,,,,False,False,
OECD,JPN,JPN,1994,2018,CP04,Housing & utilities (incl. imputed rent),54678700.0,261515700.0,20.908381408840846,13.403478261534584,,,,False,False,
OECD,JPN,JPN,1995,2018,CP01,Food & non-alcoholic beverages,40812500.0,266638300.0,15.306315709333582,,,,,False,False,
OECD,JPN,JPN,1995,2018,CP04,Housing & utilities (incl. imputed rent),56912100.0,266638300.0,21.344308000763583,13.735536117654515,,,,False,False,
OECD,JPN,JPN,1996,2018,CP01,Food & non-alcoholic beverages,39808200.0,271983300.0,14.636266270760007,,,,,False,False,
OECD,JPN,JPN,1996,2018,CP04,Housing & utilities (incl. imputed rent),59408300.0,271983300.0,21.842627837812103,14.050347944156865,,,,False,False,
OECD,JPN,JPN,1997,2018,CP01,Food & non-alcoholic beverages,38618200.0,276940900.0,13.944563623502344,,,,,False,False,
OECD,JPN,JPN,1997,2018,CP04,Housing & utilities (incl. imputed rent),62110300.0,276940900.0,22.42727600004189,14.409680910259192,,,,False,False,
OECD,JPN,JPN,1998,2018,CP01,Food & non-alcoholic beverages,39384600.0,275002200.0,14.32155815480749,,,,,False,False,
OECD,JPN,JPN,1998,2018,CP04,Housing & utilities (incl. imputed rent),63404800.0,275002200.0,23.056106460239228,14.962134848375758,,,,False,False,
OECD,JPN,JPN,1999,2018,CP01,Food & non-alcoholic beverages,39230800.0,275809500.0,14.223875537282074,,,,,False,False,
OECD,JPN,JPN,1999,2018,CP04,Housing & utilities (incl. imputed rent),64442200.0,275809500.0,23.364749945161424,15.185046200366559,,,,False,False,
OECD,JPN,JPN,2000,2018,CP01,Food & non-alcoholic beverages,38119500.0,278290700.0,13.697726873373778,,,,,False,False,
OECD,JPN,JPN,2000,2018,CP04,Housing & utilities (incl. imputed rent),65435600.0,278290700.0,23.513398040250717,15.369503903651829,,,,False,False,
OECD,JPN,JPN,2001,2018,CP01,Food & non-alcoholic beverages,38351000.0,280269800.0,13.683600587719406,,,,,False,False,
OECD,JPN,JPN,2001,2018,CP04,Housing & utilities (incl. imputed rent),66572600.0,280269800.0,23.753040819952776,15.564538170006188,,,,False,False,
OECD,JPN,JPN,2002,2018,CP01,Food & non-alcoholic beverages,38254200.0,279703800.0,13.67668226173545,,,,,False,False,
OECD,JPN,JPN,2002,2018,CP04,Housing & utilities (incl. imputed rent),67231200.0,279703800.0,24.036570114528296,15.800500386480271,,,,False,False,
OECD,JPN,JPN,2003,2018,CP01,Food & non-alcoholic beverages,37536500.0,278621500.0,13.472219480549777,,,,,False,False,
OECD,JPN,JPN,2003,2018,CP04,Housing & utilities (incl. imputed rent),67971300.0,278621500.0,24.3955688990261,16.066419856328388,,,,False,False,
OECD,JPN,JPN,2004,2018,CP01,Food & non-alcoholic beverages,37916900.0,280103100.0,13.53676556953493,,,,,False,False,
OECD,JPN,JPN,2004,2018,CP04,Housing & utilities (incl. imputed rent),69216400.0,280103100.0,24.711043897764785,16.267510070399076,,,,False,False,
OECD,JPN,JPN,2005,2018,CP01,Food & non-alcoholic beverages,36752300.0,282447900.0,13.012063463739684,,,,,False,False,
OECD,JPN,JPN,2005,2018,CP04,Housing & utilities (incl. imputed rent),71028100.0,282447900.0,25.147328055899866,16.45259178772439,,,,False,False,
OECD,JPN,JPN,2006,2018,CP01,Food & non-alcoholic beverages,36630400.0,285713300.0,12.820684231360598,,,,,False,False,
OECD,JPN,JPN,2006,2018,CP04,Housing & utilities (incl. imputed rent),72897000.0,285713300.0,25.51403802343118,16.602587278926112,,,,False,False,
OECD,JPN,JPN,2007,2018,CP01,Food & non-alcoholic beverages,36997700.0,287141900.0,12.88481409365892,,,,,False,False,
OECD,JPN,JPN,2007,2018,CP04,Housing & utilities (incl. imputed rent),73882600.0,287141900.0,25.730344474282575,16.823459063271503,,,,False,False,
OECD,JPN,JPN,2008,2018,CP01,Food & non-alcoholic beverages,37921300.0,286195100.0,13.250156973337418,,,,,False,False,
OECD,JPN,JPN,2008,2018,CP04,Housing & utilities (incl. imputed rent),75281500.0,286195100.0,26.304258877947245,17.17311023144701,,,,False,False,
OECD,JPN,JPN,2009,2018,CP01,Food & non-alcoholic beverages,38175700.0,277046200.0,13.779542906562153,,,,,False,False,
OECD,JPN,JPN,2009,2018,CP04,Housing & utilities (incl. imputed rent),74870800.0,277046200.0,27.024662312639553,17.871531896124186,,,,False,False,
OECD,JPN,JPN,2010,2018,CP01,Food & non-alcoholic beverages,39052900.0,279473400.0,13.973744907386534,,,,,False,False,
OECD,JPN,JPN,2010,2018,CP04,Housing & utilities (incl. imputed rent),75571300.0,279473400.0,27.040605653346617,17.798903222990095,,,,False,False,
OECD,JPN,JPN,2011,2018,CP01,Food & non-alcoholic beverages,38982300.0,275617000.0,14.143648613837318,,,,,False,False,
OECD,JPN,JPN,2011,2018,CP04,Housing & utilities (incl. imputed rent),75354500.0,275617000.0,27.340294684290157,18.017284855433445,,,,False,False,
OECD,JPN,JPN,2012,2018,CP01,Food & non-alcoholic beverages,40118300.0,279733900.0,14.341593921937957,,,,,False,False,
OECD,JPN,JPN,2012,2018,CP04,Housing & utilities (incl. imputed rent),76652100.0,279733900.0,27.401791488267957,17.817969148537234,,,,False,False,
OECD,JPN,JPN,2013,2018,CP01,Food & non-alcoholic beverages,41109800.0,287610600.0,14.29356219833344,,,,,False,False,
OECD,JPN,JPN,2013,2018,CP04,Housing & utilities (incl. imputed rent),77383100.0,287610600.0,26.905510436680707,17.425991948836376,,,,False,False,
OECD,JPN,JPN,2014,2018,CP01,Food & non-alcoholic beverages,41706700.0,292409400.0,14.26311876430785,,,,,False,False,
OECD,JPN,JPN,2014,2018,CP04,Housing & utilities (incl. imputed rent),77934200.0,292409400.0,26.652426358386567,17.16422249079544,,,,False,False,
OECD,JPN,JPN,2015,2018,CP01,Food & non-alcoholic beverages,43735900.0,294875200.0,14.832003505211697,,,,,False,False,
OECD,JPN,JPN,2015,2018,CP04,Housing & utilities (incl. imputed rent),76853900.0,294875200.0,26.063195548489666,17.010925299923493,,,,False,False,
OECD,JPN,JPN,2016,2018,CP01,Food & non-alcoholic beverages,44360300.0,292224500.0,15.180212473629007,,,,,False,False,
OECD,JPN,JPN,2016,2018,CP04,Housing & utilities (incl. imputed rent),75501600.0,292224500.0,25.83684803977764,17.102364791453144,,,,False,False,
OECD,JPN,JPN,2017,2018,CP01,Food & non-alcoholic beverages,45117900.0,296189000.0,15.23280743039073,,,,,False,False,
OECD,JPN,JPN,2017,2018,CP04,Housing & utilities (incl. imputed rent),76240100.0,296189000.0,25.740354976045698,16.82321085523095,,,,False,False,
OECD,JPN,JPN,2018,2018,CP01,Food & non-alcoholic beverages,45725600.0,299384400.0,15.273207288021688,,,,,False,False,
OECD,JPN,JPN,2018,2018,CP04,Housing & utilities (incl. imputed rent),76848300.0,299384400.0,25.668772320802287,16.66793593787786,,,,False,False,
OECD,JPN,JPN,2019,2018,CP01,Food & non-alcoholic beverages,45957400.0,299056700.0,15.367453730346117,,,,,False,False,
OECD,JPN,JPN,2019,2018,CP04,Housing & utilities (incl. imputed rent),77906100.0,299056700.0,26.05061180705866,17.05683236657129,,,,False,False,
OECD,JPN,JPN,2020,2018,CP01,Food & non-alcoholic beverages,48602800.0,283111500.0,17.16737045298407,,,,,False,False,
OECD,JPN,JPN,2020,2018,CP04,Housing & utilities (incl. imputed rent),79281600.0,283111500.0,28.00366639998728,18.560567126379535,,,,False,False,
OECD,JPN,JPN,2021,2018,CP01,Food & non-alcoholic beverages,49069700.0,291478400.0,16.83476374235621,,,,,False,False,
OECD,JPN,JPN,2021,2018,CP04,Housing & utilities (incl. imputed rent),81905100.0,291478400.0,28.09988664683215,18.568477115285386,,,,False,False,
OECD,JPN,JPN,2022,2018,CP01,Food & non-alcoholic beverages,49689800.0,308457300.0,16.10913406815141,,,,,False,False,
OECD,JPN,JPN,2022,2018,CP04,Housing & utilities (incl. imputed rent),85763500.0,308457300.0,27.804010474059133,18.053584726313822,,,,False,False,
OECD,JPN,JPN,2023,2018,CP01,Food & non-alcoholic beverages,51348700.0,322339500.0,15.930005475593278,,,,,False,False,
OECD,JPN,JPN,2023,2018,CP04,Housing & utilities (incl. imputed rent),87164600.0,322339500.0,27.041240679469936,17.7541381059411,,,,False,False,
OECD,JPN,JPN,2024,2018,CP01,Food & non-alcoholic beverages,54069500.0,331016300.0,16.33439199217682,,,,,False,False,
OECD,JPN,JPN,2024,2018,CP04,Housing & utilities (incl. imputed rent),88353600.0,331016300.0,26.691616092621423,17.592366297369647,,,,False,False,
OECD,JPN,JPN,2025,2018,CP01,Food & non-alcoholic beverages,,,,,,,,False,False,
OECD,JPN,JPN,2025,2018,CP04,Housing & utilities (incl. imputed rent),,,,,,,,False,False,
OECD,KOR,KOR,1970,2018,CP01,Food & non-alcoholic beverages,816200.0,2049100.0,39.832121419159634,,,,,False,False,
OECD,KOR,KOR,1970,2018,CP04,Housing & utilities (incl. imputed rent),195000.0,2049100.0,9.51637304182324,,,,,False,False,
OECD,KOR,KOR,1971,2018,CP01,Food & non-alcoholic beverages,1013800.0,2567600.0,39.48434335566288,,,,,False,False,
OECD,KOR,KOR,1971,2018,CP04,Housing & utilities (incl. imputed rent),240000.0,2567600.0,9.347250350521888,,,,,False,False,
OECD,KOR,KOR,1972,2018,CP01,Food & non-alcoholic beverages,1233400.0,3104500.0,39.72942502818489,,,,,False,False,
OECD,KOR,KOR,1972,2018,CP04,Housing & utilities (incl. imputed rent),273600.0,3104500.0,8.81301336769206,,,,,False,False,
OECD,KOR,KOR,1973,2018,CP01,Food & non-alcoholic beverages,1484300.0,3859400.0,38.459346012333526,,,,,False,False,
OECD,KOR,KOR,1973,2018,CP04,Housing & utilities (incl. imputed rent),320700.0,3859400.0,8.309581800279837,,,,,False,False,
OECD,KOR,KOR,1974,2018,CP01,Food & non-alcoholic beverages,2122500.0,5480700.0,38.72680497016805,,,,,False,False,
OECD,KOR,KOR,1974,2018,CP04,Housing & utilities (incl. imputed rent),448200.0,5480700.0,8.177787508894848,,,,,False,False,
OECD,KOR,KOR,1975,2018,CP01,Food & non-alcoholic beverages,2766400.0,7332700.0,37.72689459544233,,,,,False,False,
OECD,KOR,KOR,1975,2018,CP04,Housing & utilities (incl. imputed rent),580300.0,7332700.0,7.913865288365813,,,,,False,False,
OECD,KOR,KOR,1976,2018,CP01,Food & non-alcoholic beverages,3644200.0,9420500.0,38.68372167082427,,,,,False,False,
OECD,KOR,KOR,1976,2018,CP04,Housing & utilities (incl. imputed rent),714300.0,9420500.0,7.582400084921183,,,,,False,False,
OECD,KOR,KOR,1977,2018,CP01,Food & non-alcoholic beverages,4313700.0,11512400.0,37.47003231298426,,,,,False,False,
OECD,KOR,KOR,1977,2018,CP04,Housing & utilities (incl. imputed rent),954200.0,11512400.0,8.288454188527153,,,,,False,False,
OECD,KOR,KOR,1978,2018,CP01,Food & non-alcoholic beverages,5487200.0,15189200.0,36.12566823795855,,,,,False,False,
OECD,KOR,KOR,1978,2018,CP04,Housing & utilities (incl. imputed rent),1292100.0,15189200.0,8.506702130461118,,,,,False,False,
OECD,KOR,KOR,1979,2018,CP01,Food & non-alcoholic beverages,7007100.0,19575200.0,35.79580285258899,,,,,False,False,
OECD,KOR,KOR,1979,2018,CP04,Housing & utilities (incl. imputed rent),1625800.0,19575200.0,8.305406841309413,,,,,False,False,
OECD,KOR,KOR,1980,2018,CP01,Food & non-alcoholic beverages,8649700.0,25080700.0,34.48747443253179,,,,,False,False,
OECD,KOR,KOR,1980,2018,CP04,Housing & utilities (incl. imputed rent),2344900.0,25080700.0,9.34942007200756,,,,,False,False,
OECD,KOR,KOR,1981,2018,CP01,Food & non-alcoholic beverages,10886600.0,31300500.0,34.780914042906666,,,,,False,False,
OECD,KOR,KOR,1981,2018,CP04,Housing & utilities (incl. imputed rent),3106000.0,31300500.0,9.923164166706602,,,,,False,False,
OECD,KOR,KOR,1982,2018,CP01,Food & non-alcoholic beverages,11354700.0,35314400.0,32.15317264345423,,,,,False,False,
OECD,KOR,KOR,1982,2018,CP04,Housing & utilities (incl. imputed rent),3741300.0,35314400.0,10.594261830867861,,,,,False,False,
OECD,KOR,KOR,1983,2018,CP01,Food & non-alcoholic beverages,12008800.0,39903900.0,30.09430155949669,,,,,False,False,
OECD,KOR,KOR,1983,2018,CP04,Housing & utilities (incl. imputed rent),4153900.0,39903900.0,10.40975944707159,,,,,False,False,
OECD,KOR,KOR,1984,2018,CP01,Food & non-alcoholic beverages,12599300.0,44576500.0,28.264444269962873,,,,,False,False,
OECD,KOR,KOR,1984,2018,CP04,Housing & utilities (incl. imputed rent),4726400.0,44576500.0,10.602896144829675,,,,,False,False,
OECD,KOR,KOR,1985,2018,CP01,Food & non-alcoholic beverages,13564200.0,49524300.0,27.38897874376821,,,,,False,False,
OECD,KOR,KOR,1985,2018,CP04,Housing & utilities (incl. imputed rent),5240000.0,49524300.0,10.580664441496397,,,,,False,False,
OECD,KOR,KOR,1986,2018,CP01,Food & non-alcoholic beverages,14409000.0,55549800.0,25.93888726872104,,,,,False,False,
OECD,KOR,KOR,1986,2018,CP04,Housing & utilities (incl. imputed rent),6018600.0,55549800.0,10.834602464815354,,,,,False,False,
OECD,KOR,KOR,1987,2018,CP01,Food & non-alcoholic beverages,15699800.0,63086800.0,24.886030041149652,,,,,False,False,
OECD,KOR,KOR,1987,2018,CP04,Housing & utilities (incl. imputed rent),6864600.0,63086800.0,10.881198602560282,,,,,False,False,
OECD,KOR,KOR,1988,2018,CP01,Food & non-alcoholic beverages,17521700.0,72822600.0,24.060799806653428,,,,,False,False,
OECD,KOR,KOR,1988,2018,CP04,Housing & utilities (incl. imputed rent),8027700.0,72822600.0,11.023638266142653,,,,,False,False,
OECD,KOR,KOR,1989,2018,CP01,Food & non-alcoholic beverages,19821100.0,85006100.0,23.317267819603536,,,,,False,False,
OECD,KOR,KOR,1989,2018,CP04,Housing & utilities (incl. imputed rent),9503400.0,85006100.0,11.17966828262913,,,,,False,False,
OECD,KOR,KOR,1990,2018,CP01,Food & non-alcoholic beverages,22905700.0,101585700.0,22.548153923239195,,,,,False,False,
OECD,KOR,KOR,1990,2018,CP04,Housing & utilities (incl. imputed rent),12749100.0,101585700.0,12.550093172562674,,,,,False,False,
OECD,KOR,KOR,1991,2018,CP01,Food & non-alcoholic beverages,26130600.0,122920000.0,21.258216726326065,,,,,False,False,
OECD,KOR,KOR,1991,2018,CP04,Housing & utilities (incl. imputed rent),16638400.0,122920000.0,13.535958346892288,,,,,False,False,
OECD,KOR,KOR,1992,2018,CP01,Food & non-alcoholic beverages,27178200.0,142340800.0,19.0937524588874,,,,,False,False,
OECD,KOR,KOR,1992,2018,CP04,Housing & utilities (incl. imputed rent),21060500.0,142340800.0,14.795828040870923,,,,,False,False,
OECD,KOR,KOR,1993,2018,CP01,Food & non-alcoholic beverages,28759200.0,162557600.0,17.69169820420577,,,,,False,False,
OECD,KOR,KOR,1993,2018,CP04,Housing & utilities (incl. imputed rent),26661400.0,162557600.0,16.401201789396495,,,,,False,False,
OECD,KOR,KOR,1994,2018,CP01,Food & non-alcoholic beverages,32809900.0,194600900.0,16.860096741587526,,,,,False,False,
OECD,KOR,KOR,1994,2018,CP04,Housing & utilities (incl. imputed rent),33817500.0,194600900.0,17.37787440859729,,,,,False,False,
OECD,KOR,KOR,1995,2018,CP01,Food & non-alcoholic beverages,34695100.0,229176800.0,15.139010580477605,,,,,False,False,
OECD,KOR,KOR,1995,2018,CP04,Housing & utilities (incl. imputed rent),39946700.0,229176800.0,17.4305165269783,,,,,False,False,
OECD,KOR,KOR,1996,2018,CP01,Food & non-alcoholic beverages,36672900.0,263175600.0,13.934764469046524,,,,,False,False,
OECD,KOR,KOR,1996,2018,CP04,Housing & utilities (incl. imputed rent),47435400.0,263175600.0,18.02423932917793,,,,,False,False,
OECD,KOR,KOR,1997,2018,CP01,Food & non-alcoholic beverages,38906000.0,291492200.0,13.347183904063298,,,,,False,False,
OECD,KOR,KOR,1997,2018,CP04,Housing & utilities (incl. imputed rent),56739200.0,291492200.0,19.465083456778604,,,,,False,False,
OECD,KOR,KOR,1998,2018,CP01,Food & non-alcoholic beverages,38712100.0,276419700.0,14.004826718211474,,,,,False,False,
OECD,KOR,KOR,1998,2018,CP04,Housing & utilities (incl. imputed rent),60816400.0,276419700.0,22.001470951600048,,,,,False,False,
OECD,KOR,KOR,1999,2018,CP01,Food & non-alcoholic beverages,44961200.0,316465300.0,14.207308036615704,,,,,False,False,
OECD,KOR,KOR,1999,2018,CP04,Housing & utilities (incl. imputed rent),62965400.0,316465300.0,19.896462582153557,,,,,False,False,
OECD,KOR,KOR,2000,2018,CP01,Food & non-alcoholic beverages,48270500.0,359275700.0,13.435503709268398,,,,,False,False,
OECD,KOR,KOR,2000,2018,CP04,Housing & utilities (incl. imputed rent),71105800.0,359275700.0,19.791430369490616,,,,,False,False,
OECD,KOR,KOR,2001,2018,CP01,Food & non-alcoholic beverages,50110400.0,394807500.0,12.692362733737328,,,,,False,False,
OECD,KOR,KOR,2001,2018,CP04,Housing & utilities (incl. imputed rent),76419100.0,394807500.0,19.356040602065562,,,,,False,False,
OECD,KOR,KOR,2002,2018,CP01,Food & non-alcoholic beverages,52995500.0,441583500.0,12.001240988397438,,,,,False,False,
OECD,KOR,KOR,2002,2018,CP04,Housing & utilities (incl. imputed rent),81589300.0,441583500.0,18.4765282217293,,,,,False,False,
OECD,KOR,KOR,2003,2018,CP01,Food & non-alcoholic beverages,54041400.0,455461100.0,11.865206490740922,,,,,False,False,
OECD,KOR,KOR,2003,2018,CP04,Housing & utilities (incl. imputed rent),87514300.0,455461100.0,19.214440047679155,,,,,False,False,
OECD,KOR,KOR,2004,2018,CP01,Food & non-alcoholic beverages,56658400.0,470930700.0,12.031154477718271,,,,,False,False,
OECD,KOR,KOR,2004,2018,CP04,Housing & utilities (incl. imputed rent),92219600.0,470930700.0,19.582414142887693,,,,,False,False,
OECD,KOR,KOR,2005,2018,CP01,Food & non-alcoholic beverages,58669000.0,502596300.0,11.67318581533529,,,,,False,False,
OECD,KOR,KOR,2005,2018,CP04,Housing & utilities (incl. imputed rent),97672800.0,502596300.0,19.433648835059074,,,,,False,False,
OECD,KOR,KOR,2006,2018,CP01,Food & non-alcoholic beverages,60271100.0,533665800.0,11.293790983045945,,,,,False,False,
OECD,KOR,KOR,2006,2018,CP04,Housing & utilities (incl. imputed rent),101832900.0,533665800.0,19.081773649351337,,,,,False,False,
OECD,KOR,KOR,2007,2018,CP01,Food & non-alcoholic beverages,63527500.0,572182000.0,11.102673624825668,,,,,False,False,
OECD,KOR,KOR,2007,2018,CP04,Housing & utilities (incl. imputed rent),105988300.0,572182000.0,18.523529226714576,,,,,False,False,
OECD,KOR,KOR,2008,2018,CP01,Food & non-alcoholic beverages,69355000.0,611679900.0,11.338446792186566,,,,,False,False,
OECD,KOR,KOR,2008,2018,CP04,Housing & utilities (incl. imputed rent),112390600.0,611679900.0,18.37408749249403,,,,,False,False,
OECD,KOR,KOR,2009,2018,CP01,Food & non-alcoholic beverages,72439200.0,631703400.0,11.467280372402618,,,,,False,False,
OECD,KOR,KOR,2009,2018,CP04,Housing & utilities (incl. imputed rent),115482800.0,631703400.0,18.28117436125878,,,,,False,False,
OECD,KOR,KOR,2010,2018,CP01,Food & non-alcoholic beverages,79373300.0,675916200.0,11.743068149572387,,,,,False,False,
OECD,KOR,KOR,2010,2018,CP04,Housing & utilities (incl. imputed rent),121934100.0,675916200.0,18.039825055236136,,,,,False,False,
OECD,KOR,KOR,2011,2018,CP01,Food & non-alcoholic beverages,87173800.0,725078600.0,12.0226689906446,,,,,False,False,
OECD,KOR,KOR,2011,2018,CP04,Housing & utilities (incl. imputed rent),128803800.0,725078600.0,17.76411550416741,,,,,False,False,
OECD,KOR,KOR,2012,2018,CP01,Food & non-alcoholic beverages,90753700.0,752598800.0,12.058709102379646,,,,,False,False,
OECD,KOR,KOR,2012,2018,CP04,Housing & utilities (incl. imputed rent),136150300.0,752598800.0,18.09068789373568,,,,,False,False,
OECD,KOR,KOR,2013,2018,CP01,Food & non-alcoholic beverages,91880500.0,772423900.0,11.895087658473539,,,,,False,False,
OECD,KOR,KOR,2013,2018,CP04,Housing & utilities (incl. imputed rent),142362300.0,772423900.0,18.430592321133513,,,,,False,False,
OECD,KOR,KOR,2014,2018,CP01,Food & non-alcoholic beverages,93721100.0,800550900.0,11.707075714985768,,,,,False,False,
OECD,KOR,KOR,2014,2018,CP04,Housing & utilities (incl. imputed rent),146441600.0,800550900.0,18.292603256082778,,,,,False,False,
OECD,KOR,KOR,2015,2018,CP01,Food & non-alcoholic beverages,96584000.0,823799800.0,11.724207750475298,,,,,False,False,
OECD,KOR,KOR,2015,2018,CP04,Housing & utilities (incl. imputed rent),149807700.0,823799800.0,18.18496435663131,,,,,False,False,
OECD,KOR,KOR,2016,2018,CP01,Food & non-alcoholic beverages,101270200.0,854587100.0,11.85019057741452,,,,,False,False,
OECD,KOR,KOR,2016,2018,CP04,Housing & utilities (incl. imputed rent),153895600.0,854587100.0,18.008181962962,,,,,False,False,
OECD,KOR,KOR,2017,2018,CP01,Food & non-alcoholic beverages,105053300.0,888101700.0,11.828971839599001,,,,,False,False,
OECD,KOR,KOR,2017,2018,CP04,Housing & utilities (incl. imputed rent),158457800.0,888101700.0,17.84230342088074,,,,,False,False,
OECD,KOR,KOR,2018,2018,CP01,Food & non-alcoholic beverages,108306800.0,930759300.0,11.636391922165053,,,,,False,False,
OECD,KOR,KOR,2018,2018,CP04,Housing & utilities (incl. imputed rent),164397300.0,930759300.0,17.662708285590057,,,,,False,False,
OECD,KOR,KOR,2019,2018,CP01,Food & non-alcoholic beverages,111039000.0,962851500.0,11.532307941567312,,,,,False,False,
OECD,KOR,KOR,2019,2018,CP04,Housing & utilities (incl. imputed rent),168364500.0,962851500.0,17.486029777177478,,,,,False,False,
OECD,KOR,KOR,2020,2018,CP01,Food & non-alcoholic beverages,121081200.0,935197700.0,12.94712337295098,,,,,False,False,
OECD,KOR,KOR,2020,2018,CP04,Housing & utilities (incl. imputed rent),172732800.0,935197700.0,18.47019084841633,,,,,False,False,
OECD,KOR,KOR,2021,2018,CP01,Food & non-alcoholic beverages,130993900.0,998653700.0,13.117049483719931,,,,,False,False,
OECD,KOR,KOR,2021,2018,CP04,Housing & utilities (incl. imputed rent),178612300.0,998653700.0,17.88530899149525,,,,,False,False,
OECD,KOR,KOR,2022,2018,CP01,Food & non-alcoholic beverages,135149600.0,1085269200.0,12.453094587038866,,,,,False,False,
OECD,KOR,KOR,2022,2018,CP04,Housing & utilities (incl. imputed rent),188151500.0,1085269200.0,17.33685061733992,,,,,False,False,
OECD,KOR,KOR,2023,2018,CP01,Food & non-alcoholic beverages,142657600.0,1137291700.0,12.54362447206816,,,,,False,False,
OECD,KOR,KOR,2023,2018,CP04,Housing & utilities (incl. imputed rent),195349200.0,1137291700.0,17.17670145662718,,,,,False,False,
OECD,KOR,KOR,2024,2018,CP01,Food & non-alcoholic beverages,148743600.0,1167757900.0,12.73753746388699,,,,p,False,False,
OECD,KOR,KOR,2024,2018,CP04,Housing & utilities (incl. imputed rent),201314500.0,1167757900.0,17.239403818205812,,,,p,False,False,
OECD,KOR,KOR,2025,2018,CP01,Food & non-alcoholic beverages,,,,,,,,False,False,
OECD,KOR,KOR,2025,2018,CP04,Housing & utilities (incl. imputed rent),,,,,,,,False,False,
OECD,MEX,MEX,1993,1999,CP01,Food & non-alcoholic beverages,272181.116,1175776.504,23.149052143331485,,,,,False,False,
OECD,MEX,MEX,1993,1999,CP04,Housing & utilities (incl. imputed rent),215804.83,1175776.504,18.354239029767175,10.719978973146754,,,,False,False,
OECD,MEX,MEX,1994,1999,CP01,Food & non-alcoholic beverages,297018.535,1316089.885,22.568256042785404,,,,,False,False,
OECD,MEX,MEX,1994,1999,CP04,Housing & utilities (incl. imputed rent),247139.538,1316089.885,18.77831756149391,11.156561544426731,,,,False,False,
OECD,MEX,MEX,1995,1999,CP01,Food & non-alcoholic beverages,390179.025,1699745.989,22.95513726904285,,,,,False,False,
OECD,MEX,MEX,1995,1999,CP04,Housing & utilities (incl. imputed rent),329869.832,1699745.989,19.407007525522683,11.80765174907555,,,,False,False,
OECD,MEX,MEX,1996,1999,CP01,Food & non-alcoholic beverages,553736.429,2289742.135,24.18335324907667,,,,,False,False,
OECD,MEX,MEX,1996,1999,CP04,Housing & utilities (incl. imputed rent),434324.077,2289742.135,18.968252815944272,11.347579669708093,,,,False,False,
OECD,MEX,MEX,1997,1999,CP01,Food & non-alcoholic beverages,670030.315,2885562.045,23.2200973172975,,,,,False,False,
OECD,MEX,MEX,1997,1999,CP04,Housing & utilities (incl. imputed rent),547335.873,2885562.045,18.968085401192614,11.019853534287808,,,,False,False,
OECD,MEX,MEX,1998,1999,CP01,Food & non-alcoholic beverages,776233.473,3498105.416,22.190110951190384,,,,,False,False,
OECD,MEX,MEX,1998,1999,CP04,Housing & utilities (incl. imputed rent),670219.246,3498105.416,19.159492533715,11.2630032587903,,,,False,False,
OECD,MEX,MEX,1999,1999,CP01,Food & non-alcoholic beverages,937054.701,4117263.506,22.759162721415578,,,,,False,False,
OECD,MEX,MEX,1999,1999,CP04,Housing & utilities (incl. imputed rent),770006.896,4117263.506,18.70190952990707,10.94950945799387,,,,False,False,
OECD,MEX,MEX,2000,1999,CP01,Food & non-alcoholic beverages,1094657.073,4868292.594,22.485441288987573,,,,,False,False,
OECD,MEX,MEX,2000,1999,CP04,Housing & utilities (incl. imputed rent),906912.593,4868292.594,18.628966428963984,10.599104573869417,,,,False,False,
OECD,MEX,MEX,2001,1999,CP01,Food & non-alcoholic beverages,1160891.855,5174320.812,22.435637394336343,,,,,False,False,
OECD,MEX,MEX,2001,1999,CP04,Housing & utilities (incl. imputed rent),977915.896,5174320.812,18.89940596130165,10.72528022833386,,,,False,False,
OECD,MEX,MEX,2002,1999,CP01,Food & non-alcoholic beverages,1233443.69,5486116.165,22.48300351110046,,,,,False,False,
OECD,MEX,MEX,2002,1999,CP04,Housing & utilities (incl. imputed rent),1053546.217,5486116.165,19.203862720249198,11.01748125306056,,,,False,False,
OECD,MEX,MEX,2003,1999,CP01,Food & non-alcoholic beverages,1362944.99,5878570.12,23.18497461420091,,,,,False,False,
OECD,MEX,MEX,2003,1999,CP04,Housing & utilities (incl. imputed rent),1174719.533,5878570.12,19.983082773876994,11.539471200523844,,,,False,False,
OECD,MEX,MEX,2004,1999,CP01,Food & non-alcoholic beverages,1517810.882,6519900.174,23.279664434935874,,,,,False,False,
OECD,MEX,MEX,2004,1999,CP04,Housing & utilities (incl. imputed rent),1304119.24,6519900.174,20.002135081769428,11.114234630304635,,,,False,False,
OECD,MEX,MEX,2005,1999,CP01,Food & non-alcoholic beverages,1669591.24,7176720.212,23.263986761087907,,,,,False,False,
OECD,MEX,MEX,2005,1999,CP04,Housing & utilities (incl. imputed rent),1433373.613,7176720.212,19.972544151899562,10.748888589945773,,,,False,False,
OECD,MEX,MEX,2006,1999,CP01,Food & non-alcoholic beverages,1719176.038,7760205.353,22.153744131724395,,,,,False,False,
OECD,MEX,MEX,2006,1999,CP04,Housing & utilities (incl. imputed rent),1505386.492,7760205.353,19.39879711324954,10.748651743829697,,,,False,False,
OECD,MEX,MEX,2007,1999,CP01,Food & non-alcoholic beverages,1895983.803,8415486.938,22.529698126423497,,,,,False,False,
OECD,MEX,MEX,2007,1999,CP04,Housing & utilities (incl. imputed rent),1622464.891,8415486.938,19.279512914146242,10.598534518217322,,,,False,False,
OECD,MEX,MEX,2008,1999,CP01,Food & non-alcoholic beverages,2071271.434,9157046.292,22.619427356281406,,,,,False,False,
OECD,MEX,MEX,2008,1999,CP04,Housing & utilities (incl. imputed rent),1826183.841,9157046.292,19.942935557674694,10.560738486654362,,,,False,False,
OECD,MEX,MEX,2009,1999,CP01,Food & non-alcoholic beverages,2084890.839,8888838.092,23.4551559767571,,,,,False,False,
OECD,MEX,MEX,2009,1999,CP04,Housing & utilities (incl. imputed rent),1763127.088,8888838.092,19.835293091757666,11.445034845618379,,,,False,False,
OECD,MEX,MEX,2010,1999,CP01,Food & non-alcoholic beverages,2284492.242,9923575.073,23.02085916814024,,,,,False,False,
OECD,MEX,MEX,2010,1999,CP04,Housing & utilities (incl. imputed rent),1908295.841,9923575.073,19.22992295581135,10.974680818036674,,,,False,False,
OECD,MEX,MEX,2011,1999,CP01,Food & non-alcoholic beverages,2513998.371,10733403.262,23.422192473662413,,,,,False,False,
OECD,MEX,MEX,2011,1999,CP04,Housing & utilities (incl. imputed rent),1984412.431,10733403.262,18.488194122226954,10.753329599440889,,,,False,False,
OECD,MEX,MEX,2012,1999,CP01,Food & non-alcoholic beverages,2733052.912,11499695.742,23.76630628598417,,,,,False,False,
OECD,MEX,MEX,2012,1999,CP04,Housing & utilities (incl. imputed rent),1999576.937,11499695.742,17.388085579490628,10.45002005236531,,,,False,False,
OECD,MEX,MEX,2013,1999,CP01,Food & non-alcoholic beverages,2860740.075,12048970.623,23.74260975903784,,,,,False,False,
OECD,MEX,MEX,2013,1999,CP04,Housing & utilities (incl. imputed rent),2047882.558,12048970.623,16.9963279194228,10.55481760883699,,,,False,False,
OECD,MEX,MEX,2014,1999,CP01,Food & non-alcoholic beverages,3059564.967,12923728.357,23.67401172853358,,,,,False,False,
OECD,MEX,MEX,2014,1999,CP04,Housing & utilities (incl. imputed rent),2203335.663,12923728.357,17.048761797957372,10.306703686467774,,,,False,False,
OECD,MEX,MEX,2015,1999,CP01,Food & non-alcoholic beverages,3283007.923,13435465.498,24.435386503643716,,,,,False,False,
OECD,MEX,MEX,2015,1999,CP04,Housing & utilities (incl. imputed rent),2150281.531,13435465.498,16.004518275307174,10.300730043227862,,,,False,False,
OECD,MEX,MEX,2016,1999,CP01,Food & non-alcoholic beverages,3539068.349,14503542.418,24.40140654608454,,,,,False,False,
OECD,MEX,MEX,2016,1999,CP04,Housing & utilities (incl. imputed rent),2359942.574,14503542.418,16.27149082606972,9.924817872173993,,,,False,False,
OECD,MEX,MEX,2017,1999,CP01,Food & non-alcoholic beverages,3845407.31,15587468.116,24.669864800254647,,,,,False,False,
OECD,MEX,MEX,2017,1999,CP04,Housing & utilities (incl. imputed rent),2633104.936,15587468.116,16.892447935769685,9.552884868271445,,,,False,False,
OECD,MEX,MEX,2018,1999,CP01,Food & non-alcoholic beverages,4018241.767,16523085.671,24.31895498824712,,,,,False,False,
OECD,MEX,MEX,2018,1999,CP04,Housing & utilities (incl. imputed rent),2789793.993,16523085.671,16.884219137690625,9.36314278582548,,,,False,False,
OECD,MEX,MEX,2019,1999,CP01,Food & non-alcoholic beverages,4227552.041,17147523.408,24.654009447379902,,,,,False,False,
OECD,MEX,MEX,2019,1999,CP04,Housing & utilities (incl. imputed rent),2863164.316,17147523.408,16.697246872771263,9.476250000288088,,,,False,False,
OECD,MEX,MEX,2020,1999,CP01,Food & non-alcoholic beverages,4498849.317,16096947.264,27.94846279369658,,,,,False,False,
OECD,MEX,MEX,2020,1999,CP04,Housing & utilities (incl. imputed rent),2917229.318,16096947.264,18.122873052608142,10.558337914177066,,,,False,False,
OECD,MEX,MEX,2021,1999,CP01,Food & non-alcoholic beverages,4902570.254,18534845.331,26.450559292233887,,,,,False,False,
OECD,MEX,MEX,2021,1999,CP04,Housing & utilities (incl. imputed rent),3398343.517,18534845.331,18.334890074945402,9.607522060201216,,,,False,False,
OECD,MEX,MEX,2022,1999,CP01,Food & non-alcoholic beverages,5418849.609,21267939.575,25.478959021351272,,,,,False,False,
OECD,MEX,MEX,2022,1999,CP04,Housing & utilities (incl. imputed rent),3739061.211,21267939.575,17.58074023961957,8.86377359382732,,,,False,False,
OECD,MEX,MEX,2023,1999,CP01,Food & non-alcoholic beverages,5775107.69,22632557.953,25.516813883754995,,,,p,False,False,
OECD,MEX,MEX,2023,1999,CP04,Housing & utilities (incl. imputed rent),3666918.115,22632557.953,16.201960567669467,8.66618813513306,,,p,False,False,
OECD,MEX,MEX,2024,1999,CP01,Food & non-alcoholic beverages,6068222.091,24054904.49,25.22654826387964,,,,p,False,False,
OECD,MEX,MEX,2024,1999,CP04,Housing & utilities (incl. imputed rent),3709612.118,24054904.49,15.421437734421866,8.56977473286987,,,p,False,False,
OECD,MEX,MEX,2025,1999,CP01,Food & non-alcoholic beverages,,,,,,,,False,False,
OECD,MEX,MEX,2025,1999,CP04,Housing & utilities (incl. imputed rent),,,,,,,,False,False,
OECD,NZL,NZL,1987,1999,CP01,Food & non-alcoholic beverages,5044.0,37734.233,13.367172455844006,,,,,False,False,
OECD,NZL,NZL,1987,1999,CP04,Housing & utilities (incl. imputed rent),8024.0,37734.233,21.26451066330141,,,,,False,False,
OECD,NZL,NZL,1988,1999,CP01,Food & non-alcoholic beverages,5371.0,40648.906,13.213147728994231,,,,,False,False,
OECD,NZL,NZL,1988,1999,CP04,Housing & utilities (incl. imputed rent),9541.0,40648.906,23.471726397753486,,,,,False,False,
OECD,NZL,NZL,1989,1999,CP01,Food & non-alcoholic beverages,5865.0,43575.879,13.459280993505605,,,,,False,False,
OECD,NZL,NZL,1989,1999,CP04,Housing & utilities (incl. imputed rent),10299.0,43575.879,23.634635115449996,,,,,False,False,
OECD,NZL,NZL,1990,1999,CP01,Food & non-alcoholic beverages,6341.0,45729.267,13.866393266264252,,,,,False,False,
OECD,NZL,NZL,1990,1999,CP04,Housing & utilities (incl. imputed rent),11141.0,45729.267,24.36295337950639,,,,,False,False,
OECD,NZL,NZL,1991,1999,CP01,Food & non-alcoholic beverages,6363.0,45709.717,13.920453718844946,,,,,False,False,
OECD,NZL,NZL,1991,1999,CP04,Housing & utilities (incl. imputed rent),11507.0,45709.717,25.174078413130406,,,,,False,False,
OECD,NZL,NZL,1992,1999,CP01,Food & non-alcoholic beverages,6591.0,46686.538,14.117559969856835,,,,,False,False,
OECD,NZL,NZL,1992,1999,CP04,Housing & utilities (incl. imputed rent),11552.0,46686.538,24.74374947227828,,,,,False,False,
OECD,NZL,NZL,1993,1999,CP01,Food & non-alcoholic beverages,6742.0,48911.609,13.78404869077196,,,,,False,False,
OECD,NZL,NZL,1993,1999,CP04,Housing & utilities (incl. imputed rent),11929.0,48911.609,24.388893033553654,,,,,False,False,
OECD,NZL,NZL,1994,1999,CP01,Food & non-alcoholic beverages,7223.0,53069.952,13.610338294634222,,,,,False,False,
OECD,NZL,NZL,1994,1999,CP04,Housing & utilities (incl. imputed rent),12690.0,53069.952,23.91183621194909,,,,,False,False,
OECD,NZL,NZL,1995,1999,CP01,Food & non-alcoholic beverages,7571.0,57208.86,13.233964109755028,,,,,False,False,
OECD,NZL,NZL,1995,1999,CP04,Housing & utilities (incl. imputed rent),13886.0,57208.86,24.27246409035244,,,,,False,False,
OECD,NZL,NZL,1996,1999,CP01,Food & non-alcoholic beverages,8002.0,60762.424,13.169323198824326,,,,,False,False,
OECD,NZL,NZL,1996,1999,CP04,Housing & utilities (incl. imputed rent),14976.0,60762.424,24.646811325367796,,,,,False,False,
OECD,NZL,NZL,1997,1999,CP01,Food & non-alcoholic beverages,8298.0,62592.171,13.257249057553858,,,,,False,False,
OECD,NZL,NZL,1997,1999,CP04,Housing & utilities (incl. imputed rent),15959.0,62592.171,25.496798952699688,,,,,False,False,
OECD,NZL,NZL,1998,1999,CP01,Food & non-alcoholic beverages,8653.0,65263.116,13.258637543447971,,,,,False,False,
OECD,NZL,NZL,1998,1999,CP04,Housing & utilities (incl. imputed rent),16676.0,65263.116,25.551951886575562,,,,,False,False,
OECD,NZL,NZL,1999,1999,CP01,Food & non-alcoholic beverages,9018.0,68465.865,13.171527154444043,,,,,False,False,
OECD,NZL,NZL,1999,1999,CP04,Housing & utilities (incl. imputed rent),17008.0,68465.865,24.841576163537844,,,,,False,False,
OECD,NZL,NZL,2000,1999,CP01,Food & non-alcoholic beverages,9492.0,71265.169,13.31926961402421,,,,,False,False,
OECD,NZL,NZL,2000,1999,CP04,Housing & utilities (incl. imputed rent),17377.0,71265.169,24.383580708269985,,,,,False,False,
OECD,NZL,NZL,2001,1999,CP01,Food & non-alcoholic beverages,10108.0,75540.653,13.380874533875156,,,,,False,False,
OECD,NZL,NZL,2001,1999,CP04,Housing & utilities (incl. imputed rent),17634.0,75540.653,23.343721955911604,,,,,False,False,
OECD,NZL,NZL,2002,1999,CP01,Food & non-alcoholic beverages,10988.0,81490.934,13.48370850676469,,,,,False,False,
OECD,NZL,NZL,2002,1999,CP04,Housing & utilities (incl. imputed rent),18625.0,81490.934,22.85530314329199,,,,,False,False,
OECD,NZL,NZL,2003,1999,CP01,Food & non-alcoholic beverages,11745.0,87317.851,13.450857832037116,,,,,False,False,
OECD,NZL,NZL,2003,1999,CP04,Housing & utilities (incl. imputed rent),19991.0,87317.851,22.894516723733847,,,,,False,False,
OECD,NZL,NZL,2004,1999,CP01,Food & non-alcoholic beverages,12260.0,92670.139,13.22972009354599,,,,,False,False,
OECD,NZL,NZL,2004,1999,CP04,Housing & utilities (incl. imputed rent),21475.0,92670.139,23.17359208881731,,,,,False,False,
OECD,NZL,NZL,2005,1999,CP01,Food & non-alcoholic beverages,13034.0,98092.751,13.287424266447578,,,,,False,False,
OECD,NZL,NZL,2005,1999,CP04,Housing & utilities (incl. imputed rent),22799.0,98092.751,23.24228831139622,,,,,False,False,
OECD,NZL,NZL,2006,1999,CP01,Food & non-alcoholic beverages,13866.0,103828.691,13.354690179037313,,,,,False,False,
OECD,NZL,NZL,2006,1999,CP04,Housing & utilities (incl. imputed rent),24402.0,103828.691,23.502174365272502,,,,,False,False,
OECD,NZL,NZL,2007,1999,CP01,Food & non-alcoholic beverages,14708.0,108903.338,13.505554806777365,,,,,False,False,
OECD,NZL,NZL,2007,1999,CP04,Housing & utilities (incl. imputed rent),26044.0,108903.338,23.91478578921061,,,,,False,False,
OECD,NZL,NZL,2008,1999,CP01,Food & non-alcoholic beverages,15497.0,112116.308,13.822253226533288,,,,,False,False,
OECD,NZL,NZL,2008,1999,CP04,Housing & utilities (incl. imputed rent),27734.0,112116.308,24.736811704502433,,,,,False,False,
OECD,NZL,NZL,2009,1999,CP01,Food & non-alcoholic beverages,16558.0,115556.52,14.328918870177121,,,,,False,False,
OECD,NZL,NZL,2009,1999,CP04,Housing & utilities (incl. imputed rent),28909.0,115556.52,25.01719504879517,,,,,False,False,
OECD,NZL,NZL,2010,1999,CP01,Food & non-alcoholic beverages,17094.0,119914.567,14.255148834419758,,,,,False,False,
OECD,NZL,NZL,2010,1999,CP04,Housing & utilities (incl. imputed rent),30271.0,119914.567,25.2438054502586,,,,,False,False,
OECD,NZL,NZL,2011,1999,CP01,Food & non-alcoholic beverages,17940.0,126330.159,14.200884525127528,,,,,False,False,
OECD,NZL,NZL,2011,1999,CP04,Housing & utilities (incl. imputed rent),31671.0,126330.159,25.070023065513595,,,,,False,False,
OECD,NZL,NZL,2012,1999,CP01,Food & non-alcoholic beverages,18043.0,129694.101,13.911966589752605,,,,,False,False,
OECD,NZL,NZL,2012,1999,CP04,Housing & utilities (incl. imputed rent),33175.0,129694.101,25.579420917532715,,,,,False,False,
OECD,NZL,NZL,2013,1999,CP01,Food & non-alcoholic beverages,18544.0,135537.172,13.68185548389633,,,,,False,False,
OECD,NZL,NZL,2013,1999,CP04,Housing & utilities (incl. imputed rent),34648.0,135537.172,25.563466825174725,,,,,False,False,
OECD,NZL,NZL,2014,1999,CP01,Food & non-alcoholic beverages,19083.0,142720.953,13.370846816024272,,,,,False,False,
OECD,NZL,NZL,2014,1999,CP04,Housing & utilities (incl. imputed rent),36431.0,142720.953,25.526034709143232,,,,,False,False,
OECD,NZL,NZL,2015,1999,CP01,Food & non-alcoholic beverages,19855.0,151745.41,13.084415535204656,,,,,False,False,
OECD,NZL,NZL,2015,1999,CP04,Housing & utilities (incl. imputed rent),38218.0,151745.41,25.185605284535463,,,,,False,False,
OECD,NZL,NZL,2016,1999,CP01,Food & non-alcoholic beverages,20696.0,162149.964,12.763493428836037,,,,,False,False,
OECD,NZL,NZL,2016,1999,CP04,Housing & utilities (incl. imputed rent),40270.0,162149.964,24.835034807654967,,,,,False,False,
OECD,NZL,NZL,2017,1999,CP01,Food & non-alcoholic beverages,22004.0,172326.954,12.768751196054914,,,,,False,False,
OECD,NZL,NZL,2017,1999,CP04,Housing & utilities (incl. imputed rent),42864.0,172326.954,24.873648030707955,,,,,False,False,
OECD,NZL,NZL,2018,1999,CP01,Food & non-alcoholic beverages,22709.0,182403.263,12.44988692992844,,,,,False,False,
OECD,NZL,NZL,2018,1999,CP04,Housing & utilities (incl. imputed rent),45357.0,182403.263,24.866331475660058,,,,,False,False,
OECD,NZL,NZL,2019,1999,CP01,Food & non-alcoholic beverages,23490.0,190491.479,12.331260234480094,,,,,False,False,
OECD,NZL,NZL,2019,1999,CP04,Housing & utilities (incl. imputed rent),48142.0,190491.479,25.27252150737934,,,,,False,False,
OECD,NZL,NZL,2020,1999,CP01,Food & non-alcoholic beverages,24547.0,187122.545,13.118141376283655,,,,,False,False,
OECD,NZL,NZL,2020,1999,CP04,Housing & utilities (incl. imputed rent),50450.0,187122.545,26.960941558378227,,,,,False,False,
OECD,NZL,NZL,2021,1999,CP01,Food & non-alcoholic beverages,26303.0,204371.951,12.870161424451048,,,,,False,False,
OECD,NZL,NZL,2021,1999,CP04,Housing & utilities (incl. imputed rent),53614.0,204371.951,26.233541216230794,,,,,False,False,
OECD,NZL,NZL,2022,1999,CP01,Food & non-alcoholic beverages,28113.0,226152.98,12.430965977100987,,,,,False,False,
OECD,NZL,NZL,2022,1999,CP04,Housing & utilities (incl. imputed rent),57530.0,226152.98,25.43853280199978,,,,,False,False,
OECD,NZL,NZL,2023,1999,CP01,Food & non-alcoholic beverages,29798.0,242868.323,12.26919988244,,,,,False,False,
OECD,NZL,NZL,2023,1999,CP04,Housing & utilities (incl. imputed rent),61860.0,242868.323,25.470592144698916,,,,,False,False,
OECD,NZL,NZL,2024,1999,CP01,Food & non-alcoholic beverages,30480.0,250045.743,12.189769613474285,,,,p,False,False,
OECD,NZL,NZL,2024,1999,CP04,Housing & utilities (incl. imputed rent),65771.0,250045.743,26.303587180046495,,,,p,False,False,
OECD,NZL,NZL,2025,1999,CP01,Food & non-alcoholic beverages,,,,,,,,False,False,
OECD,NZL,NZL,2025,1999,CP04,Housing & utilities (incl. imputed rent),,,,,,,,False,False,
OECD,USA,USA,1970,1999,CP01,Food & non-alcoholic beverages,91179.0,631737.0,14.43306312595273,,,,,False,False,
OECD,USA,USA,1970,1999,CP04,Housing & utilities (incl. imputed rent),113786.0,631737.0,18.01160926144899,10.22070893425587,,,,False,False,
OECD,USA,USA,1971,1999,CP01,Food & non-alcoholic beverages,93340.0,683455.0,13.657080568581693,,,,,False,False,
OECD,USA,USA,1971,1999,CP04,Housing & utilities (incl. imputed rent),124478.0,683455.0,18.213049871608224,10.361911171913293,,,,False,False,
OECD,USA,USA,1972,1999,CP01,Food & non-alcoholic beverages,99571.0,750102.0,13.27432802472197,,,,,False,False,
OECD,USA,USA,1972,1999,CP04,Housing & utilities (incl. imputed rent),136172.0,750102.0,18.153797750172643,10.322462811724273,,,,False,False,
OECD,USA,USA,1973,1999,CP01,Food & non-alcoholic beverages,110706.0,831099.0,13.320434749650763,,,,,False,False,
OECD,USA,USA,1973,1999,CP04,Housing & utilities (incl. imputed rent),149679.0,831099.0,18.00976778939693,10.199025627512487,,,,False,False,
OECD,USA,USA,1974,1999,CP01,Food & non-alcoholic beverages,125373.0,909956.0,13.777918932343983,,,,,False,False,
OECD,USA,USA,1974,1999,CP04,Housing & utilities (incl. imputed rent),166298.0,909956.0,18.275389139694667,10.290387667095992,,,,False,False,
OECD,USA,USA,1975,1999,CP01,Food & non-alcoholic beverages,137332.0,1009089.0,13.60950322518628,,,,,False,False,
OECD,USA,USA,1975,1999,CP04,Housing & utilities (incl. imputed rent),184843.0,1009089.0,18.317809430089913,10.185028277981427,,,,False,False,
OECD,USA,USA,1976,1999,CP01,Food & non-alcoholic beverages,146828.0,1124893.0,13.052619226895356,,,,,False,False,
OECD,USA,USA,1976,1999,CP04,Housing & utilities (incl. imputed rent),204630.0,1124893.0,18.191063505595643,10.026286944624955,,,,False,False,
OECD,USA,USA,1977,1999,CP01,Food & non-alcoholic beverages,157705.0,1249029.0,12.626208038404233,,,,,False,False,
OECD,USA,USA,1977,1999,CP04,Housing & utilities (incl. imputed rent),228688.0,1249029.0,18.309262635215035,10.064217884452644,,,,False,False,
OECD,USA,USA,1978,1999,CP01,Food & non-alcoholic beverages,172335.0,1394984.0,12.353905134395808,,,,,False,False,
OECD,USA,USA,1978,1999,CP04,Housing & utilities (incl. imputed rent),255630.0,1394984.0,18.32494136133461,10.237178347565276,,,,False,False,
OECD,USA,USA,1979,1999,CP01,Food & non-alcoholic beverages,191597.0,1555225.0,12.319567908180488,,,,,False,False,
OECD,USA,USA,1979,1999,CP04,Housing & utilities (incl. imputed rent),287548.0,1555225.0,18.48915751740102,10.403317847899823,,,,False,False,
OECD,USA,USA,1980,1999,CP01,Food & non-alcoholic beverages,209215.0,1717094.0,12.184248503576391,,,,,False,False,
OECD,USA,USA,1980,1999,CP04,Housing & utilities (incl. imputed rent),327662.0,1717094.0,19.082356586185732,10.689979698257638,,,,False,False,
OECD,USA,USA,1981,1999,CP01,Food & non-alcoholic beverages,222897.0,1899395.0,11.735157773922749,,,,,False,False,
OECD,USA,USA,1981,1999,CP04,Housing & utilities (incl. imputed rent),367595.0,1899395.0,19.353267751047042,10.863459154099068,,,,False,False,
OECD,USA,USA,1982,1999,CP01,Food & non-alcoholic beverages,232474.0,2030784.0,11.447500078787305,,,,,False,False,
OECD,USA,USA,1982,1999,CP04,Housing & utilities (incl. imputed rent),401723.0,2030784.0,19.78167052724465,11.009245690334375,,,,False,False,
OECD,USA,USA,1983,1999,CP01,Food & non-alcoholic beverages,240231.0,2235414.0,10.746599958665374,,,,,False,False,
OECD,USA,USA,1983,1999,CP04,Housing & utilities (incl. imputed rent),434602.0,2235414.0,19.44167836472349,10.784221625166523,,,,False,False,
OECD,USA,USA,1984,1999,CP01,Food & non-alcoholic beverages,253750.0,2440392.0,10.397919678477884,,,,,False,False,
OECD,USA,USA,1984,1999,CP04,Housing & utilities (incl. imputed rent),471142.0,2440392.0,19.3059967415071,10.762246393202403,,,,False,False,
OECD,USA,USA,1985,1999,CP01,Food & non-alcoholic beverages,263257.0,2657181.0,9.90737928654465,,,,,False,False,
OECD,USA,USA,1985,1999,CP04,Housing & utilities (incl. imputed rent),513937.0,2657181.0,19.341437410549,10.752635970225588,,,,False,False,
OECD,USA,USA,1986,1999,CP01,Food & non-alcoholic beverages,274745.0,2830372.0,9.707027910112169,,,,,False,False,
OECD,USA,USA,1986,1999,CP04,Housing & utilities (incl. imputed rent),548115.0,2830372.0,19.36547563359163,10.960573380460236,,,,False,False,
OECD,USA,USA,1987,1999,CP01,Food & non-alcoholic beverages,282550.0,3014519.0,9.372971276677971,,,,,False,False,
OECD,USA,USA,1987,1999,CP04,Housing & utilities (incl. imputed rent),582573.0,3014519.0,19.32557067976682,11.085947708407213,,,,False,False,
OECD,USA,USA,1988,1999,CP01,Food & non-alcoholic beverages,299730.0,3263938.0,9.183078845247673,,,,,False,False,
OECD,USA,USA,1988,1999,CP04,Housing & utilities (incl. imputed rent),625893.0,3263938.0,19.17600763249792,11.120033530048671,,,,False,False,
OECD,USA,USA,1989,1999,CP01,Food & non-alcoholic beverages,320132.0,3512417.0,9.114293661601113,,,,,False,False,
OECD,USA,USA,1989,1999,CP04,Housing & utilities (incl. imputed rent),666891.0,3512417.0,18.986669293537755,11.11340139852415,,,,False,False,
OECD,USA,USA,1990,1999,CP01,Food & non-alcoholic beverages,341878.0,3740807.0,9.139150990681957,,,,,False,False,
OECD,USA,USA,1990,1999,CP04,Housing & utilities (incl. imputed rent),709299.0,3740807.0,18.96112255991822,11.204774798592924,,,,False,False,
OECD,USA,USA,1991,1999,CP01,Food & non-alcoholic beverages,352095.0,3878541.0,9.078027020985468,,,,,False,False,
OECD,USA,USA,1991,1999,CP04,Housing & utilities (incl. imputed rent),747525.0,3878541.0,19.27335562522093,11.424888895076784,,,,False,False,
OECD,USA,USA,1992,1999,CP01,Food & non-alcoholic beverages,355171.0,4129658.0,8.60049427821868,,,,,False,False,
OECD,USA,USA,1992,1999,CP04,Housing & utilities (incl. imputed rent),783255.0,4129658.0,18.96658270491164,11.376462651386628,,,,False,False,
OECD,USA,USA,1993,1999,CP01,Food & non-alcoholic beverages,362935.0,4382657.0,8.281163686777223,,,,,False,False,
OECD,USA,USA,1993,1999,CP04,Housing & utilities (incl. imputed rent),827304.0,4382657.0,18.87676813403376,11.330501109258607,,,,False,False,
OECD,USA,USA,1994,1999,CP01,Food & non-alcoholic beverages,378796.0,4640783.0,8.162329503448017,,,,,False,False,
OECD,USA,USA,1994,1999,CP04,Housing & utilities (incl. imputed rent),876082.0,4640783.0,18.877891941941694,11.478537134789539,,,,False,False,
OECD,USA,USA,1995,1999,CP01,Food & non-alcoholic beverages,388747.0,4882175.0,7.962578154203813,,,,,False,False,
OECD,USA,USA,1995,1999,CP04,Housing & utilities (incl. imputed rent),926675.0,4882175.0,18.98078213091501,11.64980771889578,,,,False,False,
OECD,USA,USA,1996,1999,CP01,Food & non-alcoholic beverages,403203.0,5159724.0,7.8144296090255985,,,,,False,False,
OECD,USA,USA,1996,1999,CP04,Housing & utilities (incl. imputed rent),976690.0,5159724.0,18.92911326264738,11.679481305589213,,,,False,False,
OECD,USA,USA,1997,1999,CP01,Food & non-alcoholic beverages,413179.0,5453745.0,7.576060120155967,,,,,False,False,
OECD,USA,USA,1997,1999,CP04,Housing & utilities (incl. imputed rent),1023056.0,5453745.0,18.75877951756087,11.71937815207715,,,,False,False,
OECD,USA,USA,1998,1999,CP01,Food & non-alcoholic beverages,422469.0,5770696.0,7.320936677308941,,,,,False,False,
OECD,USA,USA,1998,1999,CP04,Housing & utilities (incl. imputed rent),1077040.0,5770696.0,18.663953186929273,11.85893348046752,,,,False,False,
OECD,USA,USA,1999,1999,CP01,Food & non-alcoholic beverages,445295.0,6166759.0,7.2208918817810135,,,,,False,False,
OECD,USA,USA,1999,1999,CP04,Housing & utilities (incl. imputed rent),1135488.0,6166759.0,18.41304322092042,11.829714765892424,,,,False,False,
OECD,USA,USA,2000,1999,CP01,Food & non-alcoholic beverages,463443.0,6630243.0,6.989834309240249,,,,,False,False,
OECD,USA,USA,2000,1999,CP04,Housing & utilities (incl. imputed rent),1214463.0,6630243.0,18.31702095986527,11.788904267912956,,,,False,False,
OECD,USA,USA,2001,1999,CP01,Food & non-alcoholic beverages,482514.0,6906350.0,6.986526891918307,,,,,False,False,
OECD,USA,USA,2001,1999,CP04,Housing & utilities (incl. imputed rent),1302994.0,6906350.0,18.866608266305647,12.196398966168816,,,,False,False,
OECD,USA,USA,2002,1999,CP01,Food & non-alcoholic beverages,490678.0,7156367.0,6.8565237081888055,,,,,False,False,
OECD,USA,USA,2002,1999,CP04,Housing & utilities (incl. imputed rent),1343823.0,7156367.0,18.77800565566299,12.300012003297203,,,,False,False,
OECD,USA,USA,2003,1999,CP01,Food & non-alcoholic beverages,513853.0,7533741.0,6.820688420268231,,,,,False,False,
OECD,USA,USA,2003,1999,CP04,Housing & utilities (incl. imputed rent),1408519.0,7533741.0,18.696143124644184,12.230351428327573,,,,False,False,
OECD,USA,USA,2004,1999,CP01,Food & non-alcoholic beverages,543335.0,8022950.0,6.772259580328932,,,,,False,False,
OECD,USA,USA,2004,1999,CP04,Housing & utilities (incl. imputed rent),1485989.0,8022950.0,18.521728291962432,12.149321633563714,,,,False,False,
OECD,USA,USA,2005,1999,CP01,Food & non-alcoholic beverages,575665.0,8557713.0,6.726855644726576,,,,,False,False,
OECD,USA,USA,2005,1999,CP04,Housing & utilities (incl. imputed rent),1602445.0,8557713.0,18.72515472299667,12.22581313488779,,,,False,False,
OECD,USA,USA,2006,1999,CP01,Food & non-alcoholic beverages,602029.0,9031397.0,6.665956551350805,,,,,False,False,
OECD,USA,USA,2006,1999,CP04,Housing & utilities (incl. imputed rent),1689440.0,9031397.0,18.706297597149145,12.25599981929706,,,,False,False,
OECD,USA,USA,2007,1999,CP01,Food & non-alcoholic beverages,635117.0,9496131.0,6.68816594884801,,,,,False,False,
OECD,USA,USA,2007,1999,CP04,Housing & utilities (incl. imputed rent),1785184.0,9496131.0,18.79906669358289,12.334918294619147,,,,False,False,
OECD,USA,USA,2008,1999,CP01,Food & non-alcoholic beverages,666209.0,9766016.0,6.821707029765259,,,,,False,False,
OECD,USA,USA,2008,1999,CP04,Housing & utilities (incl. imputed rent),1902848.0,9766016.0,19.48438339646382,12.751576487279973,,,,False,False,
OECD,USA,USA,2009,1999,CP01,Food & non-alcoholic beverages,669496.0,9602077.0,6.972408157110175,,,,,False,False,
OECD,USA,USA,2009,1999,CP04,Housing & utilities (incl. imputed rent),1923247.0,9602077.0,20.02948945316727,13.144270765585404,,,,False,False,
OECD,USA,USA,2010,1999,CP01,Food & non-alcoholic beverages,678971.0,9977884.0,6.804759405902093,,,,,False,False,
OECD,USA,USA,2010,1999,CP04,Housing & utilities (incl. imputed rent),1972527.0,9977884.0,19.76899110071835,12.884735881876358,,,,False,False,
OECD,USA,USA,2011,1999,CP01,Food & non-alcoholic beverages,709420.0,10404697.0,6.818266788547518,,,,,False,False,
OECD,USA,USA,2011,1999,CP04,Housing & utilities (incl. imputed rent),2010292.0,10404697.0,19.321004734688575,12.525025957026909,,,,False,False,
OECD,USA,USA,2012,1999,CP01,Food & non-alcoholic beverages,732026.0,10728027.0,6.8234914024731665,,,,,False,False,
OECD,USA,USA,2012,1999,CP04,Housing & utilities (incl. imputed rent),2038866.0,10728027.0,19.00504165397794,12.315237461650684,,,,False,False,
OECD,USA,USA,2013,1999,CP01,Food & non-alcoholic beverages,753166.0,11083931.0,6.7951162813987205,,,,,False,False,
OECD,USA,USA,2013,1999,CP04,Housing & utilities (incl. imputed rent),2111649.0,11083931.0,19.051444834869503,12.296025660932028,,,,False,False,
OECD,USA,USA,2014,1999,CP01,Food & non-alcoholic beverages,785923.0,11565421.0,6.795455176253419,,,,,False,False,
OECD,USA,USA,2014,1999,CP04,Housing & utilities (incl. imputed rent),2173820.0,11565421.0,18.795857063914923,12.032488916745876,,,,False,False,
OECD,USA,USA,2015,1999,CP01,Food & non-alcoholic beverages,809560.0,11984237.0,6.755206860478477,,,,,False,False,
OECD,USA,USA,2015,1999,CP04,Housing & utilities (incl. imputed rent),2217529.0,11984237.0,18.503714504310956,11.943538833552775,,,,False,False,
OECD,USA,USA,2016,1999,CP01,Food & non-alcoholic beverages,829436.0,12383619.0,6.697848181537239,,,,,False,False,
OECD,USA,USA,2016,1999,CP04,Housing & utilities (incl. imputed rent),2287430.0,12383619.0,18.471417765679,12.033340173014045,,,,False,False,
OECD,USA,USA,2017,1999,CP01,Food & non-alcoholic beverages,862988.0,12930690.0,6.673951660738908,,,,,False,False,
OECD,USA,USA,2017,1999,CP04,Housing & utilities (incl. imputed rent),2371652.0,12930690.0,18.3412640779417,12.016195578116868,,,,False,False,
OECD,USA,USA,2018,1999,CP01,Food & non-alcoholic beverages,889543.0,13538035.0,6.570695082410409,,,,,False,False,
OECD,USA,USA,2018,1999,CP04,Housing & utilities (incl. imputed rent),2484287.0,13538035.0,18.350425301751695,11.930416785006095,,,,False,False,
OECD,USA,USA,2019,1999,CP01,Food & non-alcoholic beverages,920826.0,14030419.0,6.563068430101766,,,,,False,False,
OECD,USA,USA,2019,1999,CP04,Housing & utilities (incl. imputed rent),2585792.0,14030419.0,18.429898636669368,12.025171878330934,,,,False,False,
OECD,USA,USA,2020,1999,CP01,Food & non-alcoholic beverages,1012420.0,13762700.0,7.35626003618476,,,,,False,False,
OECD,USA,USA,2020,1999,CP04,Housing & utilities (incl. imputed rent),2707744.0,13762700.0,19.6745115420666,13.025518248599473,,,,False,False,
OECD,USA,USA,2021,1999,CP01,Food & non-alcoholic beverages,1087937.0,15665613.0,6.944745794499073,,,,,False,False,
OECD,USA,USA,2021,1999,CP04,Housing & utilities (incl. imputed rent),2867439.0,15665613.0,18.30403317125222,12.079386871104246,,,,False,False,
OECD,USA,USA,2022,1999,CP01,Food & non-alcoholic beverages,1179656.0,17112794.0,6.893415534599434,,,,,False,False,
OECD,USA,USA,2022,1999,CP04,Housing & utilities (incl. imputed rent),3147349.0,17112794.0,18.39178920753677,12.002756534087888,,,,False,False,
OECD,USA,USA,2023,1999,CP01,Food & non-alcoholic beverages,1216537.0,18220824.0,6.676629992145251,,,,,False,False,
OECD,USA,USA,2023,1999,CP04,Housing & utilities (incl. imputed rent),3403504.0,18220824.0,18.679199140499904,12.340830469577007,,,,False,False,
OECD,USA,USA,2024,1999,CP01,Food & non-alcoholic beverages,1250839.0,19217200.0,6.508955519014216,,,,,False,False,
OECD,USA,USA,2024,1999,CP04,Housing & utilities (incl. imputed rent),3629903.0,19217200.0,18.88882355389963,12.506270424411465,,,,False,False,
OECD,USA,USA,2025,1999,CP01,Food & non-alcoholic beverages,,,,,,,,False,False,
OECD,USA,USA,2025,1999,CP04,Housing & utilities (incl. imputed rent),,,,,,,,False,False,
