source,country_code,iso3,year,coicop_version,coicop,category,spending_mnac,total_mnac,share_pct,essentials_share,imputed_rent_share_pct,eurostat_pc_tot,diff_vs_eurostat,flag,frozen_back_data,high_tourism,large_version_gap_pts,version_gap_note
Eurostat,AL,ALB,1995,1999,CP01,Food & non-alcoholic beverages,89168.4,245741.0,36.28552012077756,46.42583044750367,,36.3,-0.0144798792224349,e,False,False,,
Eurostat,AL,ALB,1995,1999,CP04,Housing & utilities (incl. imputed rent),24918.9,245741.0,10.140310326726109,46.42583044750367,6.521011959746237,10.1,0.0403103267261073,e,False,False,,
Eurostat,AL,ALB,1996,1999,CP01,Food & non-alcoholic beverages,116549.7,309487.4,37.65894831259689,47.44580877929117,,37.7,-0.0410516874031117,,False,False,,
Eurostat,AL,ALB,1996,1999,CP04,Housing & utilities (incl. imputed rent),30289.1,309487.4,9.78686046669428,47.44580877929117,6.293729567019529,9.8,-0.0131395333057202,,False,False,,
Eurostat,AL,ALB,1997,1999,CP01,Food & non-alcoholic beverages,118488.8,318372.9,37.21698674730167,48.47959735266412,,37.2,0.0169867473016651,,False,False,,
Eurostat,AL,ALB,1997,1999,CP04,Housing & utilities (incl. imputed rent),35857.1,318372.9,11.262610605362452,48.47959735266412,7.285827405536086,11.3,-0.0373893946375485,,False,False,,
Eurostat,AL,ALB,1998,1999,CP01,Food & non-alcoholic beverages,129252.9,360541.2,35.84968930041837,48.19255053236634,,35.8,0.0496893004183718,,False,False,,
Eurostat,AL,ALB,1998,1999,CP04,Housing & utilities (incl. imputed rent),44501.1,360541.2,12.342861231947971,48.19255053236634,7.819577901221828,12.3,0.0428612319479704,,False,False,,
Eurostat,AL,ALB,1999,1999,CP01,Food & non-alcoholic beverages,134103.6,382929.8,35.020413663287634,48.13093679311456,,35.0,0.0204136632876341,,False,False,,
Eurostat,AL,ALB,1999,1999,CP04,Housing & utilities (incl. imputed rent),50204.1,382929.8,13.110523129826928,48.13093679311456,8.262297684849807,13.1,0.0105231298269288,,False,False,,
Eurostat,AL,ALB,2000,1999,CP01,Food & non-alcoholic beverages,137476.2,413438.9,33.251878330752135,47.88593913151375,,33.3,-0.0481216692478625,,False,False,,
Eurostat,AL,ALB,2000,1999,CP04,Housing & utilities (incl. imputed rent),60502.9,413438.9,14.634060800761612,47.88593913151375,9.17765599705301,14.6,0.0340608007616118,,False,False,,
Eurostat,AL,ALB,2001,1999,CP01,Food & non-alcoholic beverages,143617.5,444560.2,32.30552352639755,48.03324724075615,,32.3,0.0055235263975532,,False,False,,
Eurostat,AL,ALB,2001,1999,CP04,Housing & utilities (incl. imputed rent),69919.2,444560.2,15.727723714358593,48.03324724075615,9.826588165112396,15.7,0.0277237143585935,,False,False,,
Eurostat,AL,ALB,2002,1999,CP01,Food & non-alcoholic beverages,157359.1,486921.2,32.31715932680688,47.83309907229342,,32.3,0.0171593268068832,,False,False,,
Eurostat,AL,ALB,2002,1999,CP04,Housing & utilities (incl. imputed rent),75550.4,486921.2,15.515939745486538,47.83309907229342,9.421360170803815,15.5,0.0159397454865377,,False,False,,
Eurostat,AL,ALB,2003,1999,CP01,Food & non-alcoholic beverages,170428.8,534315.6,31.89665433687506,46.86612182013776,,31.9,-0.0033456631249393,,False,False,,
Eurostat,AL,ALB,2003,1999,CP04,Housing & utilities (incl. imputed rent),79984.2,534315.6,14.969467483262704,46.86612182013776,9.004097952595808,15.0,-0.0305325167372974,,False,False,,
Eurostat,AL,ALB,2004,1999,CP01,Food & non-alcoholic beverages,173389.8,561221.9,30.895052384805368,46.41483163789581,,30.9,-0.0049476151946308,,False,False,,
Eurostat,AL,ALB,2004,1999,CP04,Housing & utilities (incl. imputed rent),87100.4,561221.9,15.519779253090444,46.41483163789581,9.368593777256375,15.5,0.0197792530904425,,False,False,,
Eurostat,AL,ALB,2005,1999,CP01,Food & non-alcoholic beverages,187129.3,616202.4,30.368155008808788,45.856523765567935,,30.4,-0.0318449911912104,,False,False,,
Eurostat,AL,ALB,2005,1999,CP04,Housing & utilities (incl. imputed rent),95439.7,616202.4,15.48836875675914,45.856523765567935,9.395662853633803,15.5,-0.0116312432408598,,False,False,,
Eurostat,AL,ALB,2006,1999,CP01,Food & non-alcoholic beverages,199725.8,672963.2,29.67856191839316,45.21236822459237,,29.7,-0.0214380816068384,,False,False,,
Eurostat,AL,ALB,2006,1999,CP04,Housing & utilities (incl. imputed rent),104536.8,672963.2,15.53380630619921,45.21236822459237,9.247400155015908,15.5,0.0338063061992102,,False,False,,
Eurostat,AL,ALB,2007,1999,CP01,Food & non-alcoholic beverages,222047.6,812699.6,27.322223365189306,41.33086813380984,,27.3,0.0222233651893013,,False,False,,
Eurostat,AL,ALB,2007,1999,CP04,Housing & utilities (incl. imputed rent),113848.2,812699.6,14.008644768620536,41.33086813380984,8.234924688039714,14.0,0.0086447686205346,,False,False,,
Eurostat,AL,ALB,2008,1999,CP01,Food & non-alcoholic beverages,247919.6,917236.5,27.02897235336797,40.495815419469245,,27.0,0.0289723533679691,,False,False,,
Eurostat,AL,ALB,2008,1999,CP04,Housing & utilities (incl. imputed rent),123522.8,917236.5,13.466843066101273,40.495815419469245,7.901626243613288,13.5,-0.0331569338987272,,False,False,,
Eurostat,AL,ALB,2009,1999,CP01,Food & non-alcoholic beverages,268474.5,953498.2,28.15679148633946,41.602994111577765,,28.2,-0.043208513660538,,False,False,,
Eurostat,AL,ALB,2009,1999,CP04,Housing & utilities (incl. imputed rent),128209.3,953498.2,13.446202625238309,41.602994111577765,7.725310860576349,13.4,0.0462026252383065,,False,False,,
Eurostat,AL,ALB,2010,1999,CP01,Food & non-alcoholic beverages,280998.6,992068.0,28.32453017333489,42.01139438022393,,28.3,0.0245301733348881,,False,False,,
Eurostat,AL,ALB,2010,1999,CP04,Housing & utilities (incl. imputed rent),135783.0,992068.0,13.686864206889044,42.01139438022393,7.499727841236689,13.7,-0.0131357931109565,,False,False,,
Eurostat,AL,ALB,2011,1999,CP01,Food & non-alcoholic beverages,295684.2,1010500.7,29.261157364858832,43.42025690828319,,29.3,-0.0388426351411688,,False,False,,
Eurostat,AL,ALB,2011,1999,CP04,Housing & utilities (incl. imputed rent),143077.8,1010500.7,14.159099543424364,43.42025690828319,7.5046558602087075,14.2,-0.0409004565756347,,False,False,,
Eurostat,AL,ALB,2012,1999,CP01,Food & non-alcoholic beverages,305622.1,1036746.5,29.478961346867337,43.4362112628304,,29.5,-0.0210386531326634,,False,False,,
Eurostat,AL,ALB,2012,1999,CP04,Housing & utilities (incl. imputed rent),144701.3,1036746.5,13.957249915963065,43.4362112628304,7.431922847099074,14.0,-0.0427500840369372,,False,False,,
Eurostat,AL,ALB,2013,1999,CP01,Food & non-alcoholic beverages,312337.9,1042994.4,29.946268167882785,44.343152753265024,,29.9,0.0462681678827863,,False,False,,
Eurostat,AL,ALB,2013,1999,CP04,Housing & utilities (incl. imputed rent),150158.7,1042994.4,14.396884585382242,44.343152753265024,7.792103198253029,14.4,-0.0031154146177581,,False,False,,
Eurostat,AL,ALB,2014,1999,CP01,Food & non-alcoholic beverages,325229.6,1100645.3,29.54899275906597,43.5026524894078,,29.5,0.0489927590659746,,False,False,,
Eurostat,AL,ALB,2014,1999,CP04,Housing & utilities (incl. imputed rent),153580.3,1100645.3,13.953659730341824,43.5026524894078,7.244077633366536,14.0,-0.0463402696581756,,False,False,,
Eurostat,AL,ALB,2015,1999,CP01,Food & non-alcoholic beverages,338082.7,1139503.6,29.669296349743867,43.283443773236,,29.7,-0.0307036502561324,,False,False,,
Eurostat,AL,ALB,2015,1999,CP04,Housing & utilities (incl. imputed rent),155133.7,1139503.6,13.614147423492124,43.283443773236,7.066375218121294,13.6,0.0141474234921243,,False,False,,
Eurostat,AL,ALB,2016,1999,CP01,Food & non-alcoholic beverages,345273.1,1192324.8,28.957973532044285,42.1991558005,,29.0,-0.0420264679557149,,False,False,,
Eurostat,AL,ALB,2016,1999,CP04,Housing & utilities (incl. imputed rent),157877.9,1192324.8,13.24118226845571,42.1991558005,6.871944624484872,13.2,0.0411822684557101,,False,False,,
Eurostat,AL,ALB,2017,1999,CP01,Food & non-alcoholic beverages,349009.7,1231786.2,28.33362640367298,41.483660070229725,,28.3,0.0336264036729794,,False,False,,
Eurostat,AL,ALB,2017,1999,CP04,Housing & utilities (incl. imputed rent),161980.3,1231786.2,13.150033666556746,41.483660070229725,6.748354543994729,13.2,-0.0499663334432529,,False,False,,
Eurostat,AL,ALB,2018,1999,CP01,Food & non-alcoholic beverages,361081.4,1280528.8,28.197835144355988,41.23452748583241,,28.2,-0.0021648556440112,,False,False,,
Eurostat,AL,ALB,2018,1999,CP04,Housing & utilities (incl. imputed rent),166938.6,1280528.8,13.036692341476428,41.23452748583241,6.6900486736417015,13.0,0.0366923414764279,,False,False,,
Eurostat,AL,ALB,2019,1999,CP01,Food & non-alcoholic beverages,375725.2,1344504.0,27.94526457340402,40.85627859790674,,27.9,0.0452645734040224,,False,False,,
Eurostat,AL,ALB,2019,1999,CP04,Housing & utilities (incl. imputed rent),173589.1,1344504.0,12.911014024502718,40.85627859790674,6.781839250757157,12.9,0.0110140245027174,,False,False,,
Eurostat,AL,ALB,2020,1999,CP01,Food & non-alcoholic beverages,399649.6,1268882.6,31.496184122944072,45.70657679441739,,31.5,-0.0038158770559277,,False,False,,
Eurostat,AL,ALB,2020,1999,CP04,Housing & utilities (incl. imputed rent),180313.2,1268882.6,14.21039267147331,45.70657679441739,7.554386828221933,14.2,0.0103926714733102,,False,False,,
Eurostat,AL,ALB,2021,1999,CP01,Food & non-alcoholic beverages,422715.9,1462830.4,28.897123002092385,41.77932725488888,,28.9,-0.002876997907613,,False,False,,
Eurostat,AL,ALB,2021,1999,CP04,Housing & utilities (incl. imputed rent),188444.8,1462830.4,12.882204252796498,41.77932725488888,7.103325170163267,12.9,-0.0177957472035021,,False,False,,
Eurostat,AL,ALB,2022,1999,CP01,Food & non-alcoholic beverages,485539.5,1698539.5,28.585705542909068,40.22194361685436,,28.6,-0.0142944570909335,,False,False,,
Eurostat,AL,ALB,2022,1999,CP04,Housing & utilities (incl. imputed rent),197646.1,1698539.5,11.636238073945291,40.22194361685436,6.255009082803197,11.6,0.0362380739452934,,False,False,,
Eurostat,AL,ALB,2023,1999,CP01,Food & non-alcoholic beverages,533932.1,1894080.5,28.189514648400632,39.05702529538739,,28.2,-0.0104853515993674,,False,False,,
Eurostat,AL,ALB,2023,1999,CP04,Housing & utilities (incl. imputed rent),205839.4,1894080.5,10.867510646986757,39.05702529538739,5.817165637891315,10.9,-0.0324893530132435,,False,False,,
Eurostat,AL,ALB,2024,1999,CP01,Food & non-alcoholic beverages,551220.4,2019254.3,27.298215980027877,38.10745382589999,,27.3,-0.0017840199721277,p,False,False,,
Eurostat,AL,ALB,2024,1999,CP04,Housing & utilities (incl. imputed rent),218266.0,2019254.3,10.809237845872111,38.10745382589999,5.73848969889528,10.8,0.0092378458721107,p,False,False,,
Eurostat,AL,ALB,2025,1999,CP01,Food & non-alcoholic beverages,,,,,,,,,False,False,,
Eurostat,AL,ALB,2025,1999,CP04,Housing & utilities (incl. imputed rent),,,,,,,,,False,False,,
OECD,AUS,AUS,1959,1999,CP01,Food & non-alcoholic beverages,1690.0,9603.0,17.598667083203164,28.39737582005623,,,,,False,False,,
OECD,AUS,AUS,1959,1999,CP04,Housing & utilities (incl. imputed rent),1037.0,9603.0,10.798708736853069,28.39737582005623,5.581589086743726,,,,False,False,,
OECD,AUS,AUS,1960,1999,CP01,Food & non-alcoholic beverages,1803.0,10214.0,17.652242020755825,29.12668885842961,,,,,False,False,,
OECD,AUS,AUS,1960,1999,CP04,Housing & utilities (incl. imputed rent),1172.0,10214.0,11.47444683767378,29.12668885842961,6.050518895633444,,,,False,False,,
OECD,AUS,AUS,1961,1999,CP01,Food & non-alcoholic beverages,1836.0,10528.0,17.439209726443767,29.720744680851062,,,,,False,False,,
OECD,AUS,AUS,1961,1999,CP04,Housing & utilities (incl. imputed rent),1293.0,10528.0,12.281534954407295,29.720744680851062,6.572948328267477,,,,False,False,,
OECD,AUS,AUS,1962,1999,CP01,Food & non-alcoholic beverages,1919.0,11246.0,17.06384492263916,29.663880490841187,,,,,False,False,,
OECD,AUS,AUS,1962,1999,CP04,Housing & utilities (incl. imputed rent),1417.0,11246.0,12.600035568202028,29.663880490841187,6.83798683976525,,,,False,False,,
OECD,AUS,AUS,1963,1999,CP01,Food & non-alcoholic beverages,2017.0,12214.0,16.513836580972654,29.171442606844604,,,,,False,False,,
OECD,AUS,AUS,1963,1999,CP04,Housing & utilities (incl. imputed rent),1546.0,12214.0,12.657606025871951,29.171442606844604,6.951039790404454,,,,False,False,,
OECD,AUS,AUS,1964,1999,CP01,Food & non-alcoholic beverages,2168.0,13241.0,16.373385695944414,28.97817385393853,,,,,False,False,,
OECD,AUS,AUS,1964,1999,CP04,Housing & utilities (incl. imputed rent),1669.0,13241.0,12.60478815799411,28.97817385393853,6.970772600256778,,,,False,False,,
OECD,AUS,AUS,1965,1999,CP01,Food & non-alcoholic beverages,2311.0,14106.0,16.383099390330354,29.235786190273643,,,,,False,False,,
OECD,AUS,AUS,1965,1999,CP04,Housing & utilities (incl. imputed rent),1813.0,14106.0,12.852686799943283,29.235786190273643,7.124627817949808,,,,False,False,,
OECD,AUS,AUS,1966,1999,CP01,Food & non-alcoholic beverages,2467.0,15255.0,16.171746968207145,29.29531301212717,,,,,False,False,,
OECD,AUS,AUS,1966,1999,CP04,Housing & utilities (incl. imputed rent),2002.0,15255.0,13.123566043920029,29.29531301212717,7.295968534906589,,,,False,False,,
OECD,AUS,AUS,1967,1999,CP01,Food & non-alcoholic beverages,2611.0,16617.0,15.71282421616417,29.00643918878257,,,,,False,False,,
OECD,AUS,AUS,1967,1999,CP04,Housing & utilities (incl. imputed rent),2209.0,16617.0,13.293614972618403,29.00643918878257,7.384004332912078,,,,False,False,,
OECD,AUS,AUS,1968,1999,CP01,Food & non-alcoholic beverages,2730.0,18085.0,15.095382914017142,28.692286425214263,,,,,False,False,,
OECD,AUS,AUS,1968,1999,CP04,Housing & utilities (incl. imputed rent),2459.0,18085.0,13.596903511197125,28.692286425214263,7.481338125518386,,,,False,False,,
OECD,AUS,AUS,1969,1999,CP01,Food & non-alcoholic beverages,2920.0,20015.0,14.58905820634524,28.34374219335498,,,,,False,False,,
OECD,AUS,AUS,1969,1999,CP04,Housing & utilities (incl. imputed rent),2753.0,20015.0,13.75468398700974,28.34374219335498,7.609293030227329,,,,False,False,,
OECD,AUS,AUS,1970,1999,CP01,Food & non-alcoholic beverages,3125.0,22040.0,14.178765880217789,28.443738656987293,,,,,False,False,,
OECD,AUS,AUS,1970,1999,CP04,Housing & utilities (incl. imputed rent),3144.0,22040.0,14.264972776769511,28.443738656987293,7.94464609800363,,,,False,False,,
OECD,AUS,AUS,1971,1999,CP01,Food & non-alcoholic beverages,3393.0,24383.0,13.91543288356642,28.569085018250423,,,,,False,False,,
OECD,AUS,AUS,1971,1999,CP04,Housing & utilities (incl. imputed rent),3573.0,24383.0,14.653652134684,28.569085018250423,8.235245868022803,,,,False,False,,
OECD,AUS,AUS,1972,1999,CP01,Food & non-alcoholic beverages,3749.0,27188.0,13.789171693394144,28.64131234368104,,,,,False,False,,
OECD,AUS,AUS,1972,1999,CP04,Housing & utilities (incl. imputed rent),4038.0,27188.0,14.852140650286891,28.64131234368104,8.522142121524203,,,,False,False,,
OECD,AUS,AUS,1973,1999,CP01,Food & non-alcoholic beverages,4432.0,32382.0,13.686616021246373,28.11747267000185,,,,,False,False,,
OECD,AUS,AUS,1973,1999,CP04,Housing & utilities (incl. imputed rent),4673.0,32382.0,14.43085664875548,28.11747267000185,8.427521462540918,,,,False,False,,
OECD,AUS,AUS,1974,1999,CP01,Food & non-alcoholic beverages,5118.0,39918.0,12.82128363144446,27.243348865173605,,,,,False,False,,
OECD,AUS,AUS,1974,1999,CP04,Housing & utilities (incl. imputed rent),5757.0,39918.0,14.422065233729144,27.243348865173605,8.504935116989829,,,,False,False,,
OECD,AUS,AUS,1975,1999,CP01,Food & non-alcoholic beverages,5862.0,46617.0,12.574811763948771,27.82032305811185,,,,,False,False,,
OECD,AUS,AUS,1975,1999,CP04,Housing & utilities (incl. imputed rent),7107.0,46617.0,15.245511294163077,27.82032305811185,9.067507561619152,,,,False,False,,
OECD,AUS,AUS,1976,1999,CP01,Food & non-alcoholic beverages,6771.0,54681.0,12.382728918637188,28.070079186554747,,,,,False,False,,
OECD,AUS,AUS,1976,1999,CP04,Housing & utilities (incl. imputed rent),8578.0,54681.0,15.687350267917555,28.070079186554747,9.473125948684189,,,,False,False,,
OECD,AUS,AUS,1977,1999,CP01,Food & non-alcoholic beverages,7712.0,60912.0,12.660887838192805,29.160099816128188,,,,,False,False,,
OECD,AUS,AUS,1977,1999,CP04,Housing & utilities (incl. imputed rent),10050.0,60912.0,16.49921197793538,29.160099816128188,10.098174415550302,,,,False,False,,
OECD,AUS,AUS,1978,1999,CP01,Food & non-alcoholic beverages,8744.0,67449.0,12.96386899731649,30.194665599193467,,,,,False,False,,
OECD,AUS,AUS,1978,1999,CP04,Housing & utilities (incl. imputed rent),11622.0,67449.0,17.230796601876975,30.194665599193467,10.734036086524632,,,,False,False,,
OECD,AUS,AUS,1979,1999,CP01,Food & non-alcoholic beverages,9980.0,75464.0,13.22484893459133,30.87697445139404,,,,,False,False,,
OECD,AUS,AUS,1979,1999,CP04,Housing & utilities (incl. imputed rent),13321.0,75464.0,17.652125516802712,30.87697445139404,11.056927806636278,,,,False,False,,
OECD,AUS,AUS,1980,1999,CP01,Food & non-alcoholic beverages,11418.0,85565.0,13.344241220125047,31.32939870274061,,,,,False,False,,
OECD,AUS,AUS,1980,1999,CP04,Housing & utilities (incl. imputed rent),15389.0,85565.0,17.985157482615556,31.32939870274061,11.38315900192836,,,,False,False,,
OECD,AUS,AUS,1981,1999,CP01,Food & non-alcoholic beverages,12821.0,98873.0,12.96713966401343,31.05296693738432,,,,,False,False,,
OECD,AUS,AUS,1981,1999,CP04,Housing & utilities (incl. imputed rent),17882.0,98873.0,18.08582727337089,31.05296693738432,11.455098965339374,,,,False,False,,
OECD,AUS,AUS,1982,1999,CP01,Food & non-alcoholic beverages,14257.0,112166.0,12.710625323181713,31.073587361589077,,,,,False,False,,
OECD,AUS,AUS,1982,1999,CP04,Housing & utilities (incl. imputed rent),20597.0,112166.0,18.36296203840736,31.073587361589077,11.550737300073106,,,,False,False,,
OECD,AUS,AUS,1983,1999,CP01,Food & non-alcoholic beverages,15448.0,121649.0,12.698830241103504,31.310573864150136,,,,,False,False,,
OECD,AUS,AUS,1983,1999,CP04,Housing & utilities (incl. imputed rent),22641.0,121649.0,18.611743623046635,31.310573864150136,11.678682110005017,,,,False,False,,
OECD,AUS,AUS,1984,1999,CP01,Food & non-alcoholic beverages,16596.0,129606.0,12.804962733206796,31.96302640309862,,,,,False,False,,
OECD,AUS,AUS,1984,1999,CP04,Housing & utilities (incl. imputed rent),24830.0,129606.0,19.158063669891824,31.96302640309862,12.115951422002068,,,,False,False,,
OECD,AUS,AUS,1985,1999,CP01,Food & non-alcoholic beverages,18736.0,146125.0,12.821899059024808,31.900085543199317,,,,,False,False,,
OECD,AUS,AUS,1985,1999,CP04,Housing & utilities (incl. imputed rent),27878.0,146125.0,19.07818648417451,31.900085543199317,12.119076133447392,,,,False,False,,
OECD,AUS,AUS,1986,1999,CP01,Food & non-alcoholic beverages,20224.0,161719.0,12.505642503354585,31.76497504931393,,,,,False,False,,
OECD,AUS,AUS,1986,1999,CP04,Housing & utilities (incl. imputed rent),31146.0,161719.0,19.25933254595935,31.76497504931393,12.209449724522164,,,,False,False,,
OECD,AUS,AUS,1987,1999,CP01,Food & non-alcoholic beverages,21571.0,178695.0,12.071406586642045,31.787123310669017,,,,,False,False,,
OECD,AUS,AUS,1987,1999,CP04,Housing & utilities (incl. imputed rent),35231.0,178695.0,19.715716724026976,31.787123310669017,12.491675760373822,,,,False,False,,
OECD,AUS,AUS,1988,1999,CP01,Food & non-alcoholic beverages,23423.0,199434.0,11.744737607429023,31.855150074711435,,,,,False,False,,
OECD,AUS,AUS,1988,1999,CP04,Housing & utilities (incl. imputed rent),40107.0,199434.0,20.11041246728241,31.855150074711435,12.740054353821314,,,,False,False,,
OECD,AUS,AUS,1989,1999,CP01,Food & non-alcoholic beverages,25556.0,221835.0,11.520274077580185,31.75333017783488,,,,,False,False,,
OECD,AUS,AUS,1989,1999,CP04,Housing & utilities (incl. imputed rent),44884.0,221835.0,20.233056100254693,31.75333017783488,12.65940902021773,,,,False,False,,
OECD,AUS,AUS,1990,1999,CP01,Food & non-alcoholic beverages,26763.0,235978.0,11.341311478188643,32.0203578299672,,,,,False,False,,
OECD,AUS,AUS,1990,1999,CP04,Housing & utilities (incl. imputed rent),48798.0,235978.0,20.67904635177856,32.0203578299672,12.7969556484079,,,,False,False,,
OECD,AUS,AUS,1991,1999,CP01,Food & non-alcoholic beverages,28038.0,247816.0,11.314039448623172,32.049181650902284,,,,,False,False,,
OECD,AUS,AUS,1991,1999,CP04,Housing & utilities (incl. imputed rent),51385.0,247816.0,20.73514220227911,32.049181650902284,12.709429576782776,,,,False,False,,
OECD,AUS,AUS,1992,1999,CP01,Food & non-alcoholic beverages,28962.0,257045.0,11.26728782897936,32.03758096831294,,,,,False,False,,
OECD,AUS,AUS,1992,1999,CP04,Housing & utilities (incl. imputed rent),53389.0,257045.0,20.770293139333575,32.03758096831294,12.758855453325294,,,,False,False,,
OECD,AUS,AUS,1993,1999,CP01,Food & non-alcoholic beverages,29885.0,267436.0,11.174636174636175,31.88501174112685,,,,,False,False,,
OECD,AUS,AUS,1993,1999,CP04,Housing & utilities (incl. imputed rent),55387.0,267436.0,20.71037556649068,31.88501174112685,12.812037272468926,,,,False,False,,
OECD,AUS,AUS,1994,1999,CP01,Food & non-alcoholic beverages,32005.0,285009.0,11.229469946563093,31.495145767326644,,,,,False,False,,
OECD,AUS,AUS,1994,1999,CP04,Housing & utilities (incl. imputed rent),57759.0,285009.0,20.265675820763555,31.495145767326644,12.598198653375858,,,,False,False,,
OECD,AUS,AUS,1995,1999,CP01,Food & non-alcoholic beverages,33909.0,302751.0,11.200293310344144,31.223018255926487,,,,,False,False,,
OECD,AUS,AUS,1995,1999,CP04,Housing & utilities (incl. imputed rent),60619.0,302751.0,20.022724945582343,31.223018255926487,12.554871825361436,,,,False,False,,
OECD,AUS,AUS,1996,1999,CP01,Food & non-alcoholic beverages,34696.0,315937.0,10.981936272104882,31.160642786378297,,,,,False,False,,
OECD,AUS,AUS,1996,1999,CP04,Housing & utilities (incl. imputed rent),63752.0,315937.0,20.17870651427341,31.160642786378297,12.70379854211441,,,,False,False,,
OECD,AUS,AUS,1997,1999,CP01,Food & non-alcoholic beverages,36394.0,336710.0,10.808707790086425,30.92542544028986,,,,,False,False,,
OECD,AUS,AUS,1997,1999,CP04,Housing & utilities (incl. imputed rent),67735.0,336710.0,20.11671765020344,30.92542544028986,12.680942056962966,,,,False,False,,
OECD,AUS,AUS,1998,1999,CP01,Food & non-alcoholic beverages,38234.0,359045.0,10.648804467406592,30.563856898160395,,,,,False,False,,
OECD,AUS,AUS,1998,1999,CP04,Housing & utilities (incl. imputed rent),71504.0,359045.0,19.915052430753803,30.563856898160395,12.600648943725718,,,,False,False,,
OECD,AUS,AUS,1999,1999,CP01,Food & non-alcoholic beverages,39948.0,381320.0,10.476240427986992,30.307353403965177,,,,,False,False,,
OECD,AUS,AUS,1999,1999,CP04,Housing & utilities (incl. imputed rent),75620.0,381320.0,19.831112975978183,30.307353403965177,12.634794922899404,,,,False,False,,
OECD,AUS,AUS,2000,1999,CP01,Food & non-alcoholic beverages,42331.0,411502.0,10.28694878761221,29.96607549902552,,,,,False,False,,
OECD,AUS,AUS,2000,1999,CP04,Housing & utilities (incl. imputed rent),80980.0,411502.0,19.67912671141331,29.96607549902552,12.475516522398433,,,,False,False,,
OECD,AUS,AUS,2001,1999,CP01,Food & non-alcoholic beverages,45781.0,434228.0,10.543078751255102,30.348802933021364,,,,,False,False,,
OECD,AUS,AUS,2001,1999,CP04,Housing & utilities (incl. imputed rent),86002.0,434228.0,19.80572418176626,30.348802933021364,12.632764354210227,,,,False,False,,
OECD,AUS,AUS,2002,1999,CP01,Food & non-alcoholic beverages,48546.0,465045.0,10.438989775183046,30.23685879861089,,,,,False,False,,
OECD,AUS,AUS,2002,1999,CP04,Housing & utilities (incl. imputed rent),92069.0,465045.0,19.797869023427843,30.23685879861089,12.787794729542302,,,,False,False,,
OECD,AUS,AUS,2003,1999,CP01,Food & non-alcoholic beverages,51606.0,496666.0,10.390483745615766,30.3078930307289,,,,,False,False,,
OECD,AUS,AUS,2003,1999,CP04,Housing & utilities (incl. imputed rent),98923.0,496666.0,19.91740928511313,30.3078930307289,12.991628176682116,,,,False,False,,
OECD,AUS,AUS,2004,1999,CP01,Food & non-alcoholic beverages,53855.0,527819.0,10.203308331075617,30.28026653076149,,,,,False,False,,
OECD,AUS,AUS,2004,1999,CP04,Housing & utilities (incl. imputed rent),105970.0,527819.0,20.07695819968588,30.28026653076149,13.307402727071214,,,,False,False,,
OECD,AUS,AUS,2005,1999,CP01,Food & non-alcoholic beverages,57733.0,561893.0,10.274732021933,30.547630954647943,,,,,False,False,,
OECD,AUS,AUS,2005,1999,CP04,Housing & utilities (incl. imputed rent),113912.0,561893.0,20.27289893271495,30.547630954647943,13.654734976232133,,,,False,False,,
OECD,AUS,AUS,2006,1999,CP01,Food & non-alcoholic beverages,62934.0,611524.0,10.291337707105528,30.467487784616797,,,,,False,False,,
OECD,AUS,AUS,2006,1999,CP04,Housing & utilities (incl. imputed rent),123382.0,611524.0,20.176150077511267,30.467487784616797,13.668964750361392,,,,False,False,,
OECD,AUS,AUS,2007,1999,CP01,Food & non-alcoholic beverages,66448.0,661455.0,10.04573251392763,30.451655819367907,,,,,False,False,,
OECD,AUS,AUS,2007,1999,CP04,Housing & utilities (incl. imputed rent),134976.0,661455.0,20.40592330544028,30.451655819367907,13.819836572404776,,,,False,False,,
OECD,AUS,AUS,2008,1999,CP01,Food & non-alcoholic beverages,70600.0,684291.0,10.317248071361451,32.06282122664188,,,,,False,False,,
OECD,AUS,AUS,2008,1999,CP04,Housing & utilities (incl. imputed rent),148803.0,684291.0,21.74557315528043,32.06282122664188,14.76550181136388,,,,False,False,,
OECD,AUS,AUS,2009,1999,CP01,Food & non-alcoholic beverages,72284.0,725639.0,9.961427100803569,32.100397029376865,,,,,False,False,,
OECD,AUS,AUS,2009,1999,CP04,Housing & utilities (incl. imputed rent),160649.0,725639.0,22.1389699285733,32.100397029376865,14.908928544358837,,,,False,False,,
OECD,AUS,AUS,2010,1999,CP01,Food & non-alcoholic beverages,75233.0,768239.0,9.79291600660732,32.29906318216076,,,,,False,False,,
OECD,AUS,AUS,2010,1999,CP04,Housing & utilities (incl. imputed rent),172901.0,768239.0,22.50614717555344,32.29906318216076,14.966306058401097,,,,False,False,,
OECD,AUS,AUS,2011,1999,CP01,Food & non-alcoholic beverages,78236.0,808886.0,9.672067510131216,32.67048755943359,,,,,False,False,,
OECD,AUS,AUS,2011,1999,CP04,Housing & utilities (incl. imputed rent),186031.0,808886.0,22.99842004930237,32.67048755943359,15.115850688477732,,,,False,False,,
OECD,AUS,AUS,2012,1999,CP01,Food & non-alcoholic beverages,81813.0,845678.0,9.67424953705784,33.118279061297564,,,,,False,False,,
OECD,AUS,AUS,2012,1999,CP04,Housing & utilities (incl. imputed rent),198261.0,845678.0,23.444029524239724,33.118279061297564,15.212764196301665,,,,False,False,,
OECD,AUS,AUS,2013,1999,CP01,Food & non-alcoholic beverages,85114.0,883480.0,9.633947570969347,33.12921628107031,,,,,False,False,,
OECD,AUS,AUS,2013,1999,CP04,Housing & utilities (incl. imputed rent),207576.0,883480.0,23.49526871010096,33.12921628107031,15.11930094625798,,,,False,False,,
OECD,AUS,AUS,2014,1999,CP01,Food & non-alcoholic beverages,87886.0,917278.0,9.58117386441188,33.08942327189794,,,,,False,False,,
OECD,AUS,AUS,2014,1999,CP04,Housing & utilities (incl. imputed rent),215636.0,917278.0,23.508249407486066,33.08942327189794,15.187653034303668,,,,False,False,,
OECD,AUS,AUS,2015,1999,CP01,Food & non-alcoholic beverages,90970.0,951452.0,9.561175971042154,32.91884404047708,,,,,False,False,,
OECD,AUS,AUS,2015,1999,CP04,Housing & utilities (incl. imputed rent),222237.0,951452.0,23.35766806943493,32.91884404047708,15.109853150763255,,,,False,False,,
OECD,AUS,AUS,2016,1999,CP01,Food & non-alcoholic beverages,94238.0,983693.0,9.580021409118496,32.976853550853775,,,,,False,False,,
OECD,AUS,AUS,2016,1999,CP04,Housing & utilities (incl. imputed rent),230153.0,983693.0,23.39683214173528,32.976853550853775,15.08905725668476,,,,False,False,,
OECD,AUS,AUS,2017,1999,CP01,Food & non-alcoholic beverages,97205.0,1025255.0,9.481055932426568,33.00544742527469,,,,,False,False,,
OECD,AUS,AUS,2017,1999,CP04,Housing & utilities (incl. imputed rent),241185.0,1025255.0,23.52439149284812,33.00544742527469,15.155644205587878,,,,False,False,,
OECD,AUS,AUS,2018,1999,CP01,Food & non-alcoholic beverages,101368.0,1061474.0,9.5497393247503,33.2161692137537,,,,,False,False,,
OECD,AUS,AUS,2018,1999,CP04,Housing & utilities (incl. imputed rent),251213.0,1061474.0,23.666429889003403,33.2161692137537,15.284783235387772,,,,False,False,,
OECD,AUS,AUS,2019,1999,CP01,Food & non-alcoholic beverages,107529.0,1043527.0,10.30438119952814,35.16736989076469,,,,,False,False,,
OECD,AUS,AUS,2019,1999,CP04,Housing & utilities (incl. imputed rent),259452.0,1043527.0,24.862988691236545,35.16736989076469,16.145916684474862,,,,False,False,,
OECD,AUS,AUS,2020,1999,CP01,Food & non-alcoholic beverages,111404.0,1065406.0,10.45648325614836,35.49801671850919,,,,,False,False,,
OECD,AUS,AUS,2020,1999,CP04,Housing & utilities (incl. imputed rent),266794.0,1065406.0,25.041533462360828,35.49801671850919,16.393468780915445,,,,False,False,,
OECD,AUS,AUS,2021,1999,CP01,Food & non-alcoholic beverages,117703.0,1146338.0,10.267739532319435,34.4190805853073,,,,,False,False,,
OECD,AUS,AUS,2021,1999,CP04,Housing & utilities (incl. imputed rent),276856.0,1146338.0,24.151341052987863,34.4190805853073,15.888158640819723,,,,False,False,,
OECD,AUS,AUS,2022,1999,CP01,Food & non-alcoholic beverages,127821.0,1302014.0,9.817175544963415,32.53282990812695,,,,,False,False,,
OECD,AUS,AUS,2022,1999,CP04,Housing & utilities (incl. imputed rent),295761.0,1302014.0,22.71565436316353,32.53282990812695,14.971882022773949,,,,False,False,,
OECD,AUS,AUS,2023,1999,CP01,Food & non-alcoholic beverages,133107.0,1378415.0,9.656525792304931,33.32486950591803,,,,,False,False,,
OECD,AUS,AUS,2023,1999,CP04,Housing & utilities (incl. imputed rent),326248.0,1378415.0,23.668343713613098,33.32486950591803,15.643982400075448,,,,False,False,,
OECD,AUS,AUS,2024,1999,CP01,Food & non-alcoholic beverages,137878.0,1440991.0,9.56827627653469,33.88855308603593,,,,,False,False,,
OECD,AUS,AUS,2024,1999,CP04,Housing & utilities (incl. imputed rent),350453.0,1440991.0,24.32027680950124,33.88855308603593,16.316757009585764,,,,False,False,,
OECD,AUS,AUS,2025,1999,CP01,Food & non-alcoholic beverages,,,,,,,,,False,False,,
OECD,AUS,AUS,2025,1999,CP04,Housing & utilities (incl. imputed rent),,,,,,,,,False,False,,
Eurostat,AT,AUT,1995,2018,CP01,Food & non-alcoholic beverages,11313.3,97385.4,11.617039104424276,29.54642071604162,,11.6,0.0170391044242776,,False,False,,
Eurostat,AT,AUT,1995,2018,CP04,Housing & utilities (incl. imputed rent),17460.6,97385.4,17.929381611617345,29.54642071604162,7.645396537879395,17.9,0.0293816116173459,,False,False,,
Eurostat,AT,AUT,1996,2018,CP01,Food & non-alcoholic beverages,11492.1,101168.3,11.359388266878064,29.8867332949155,,11.4,-0.0406117331219366,,False,False,,
Eurostat,AT,AUT,1996,2018,CP04,Housing & utilities (incl. imputed rent),18743.8,101168.3,18.52734502803744,29.8867332949155,7.7753604637025635,18.5,0.0273450280374376,,False,False,,
Eurostat,AT,AUT,1997,2018,CP01,Food & non-alcoholic beverages,11722.9,102733.9,11.410936409500662,29.97793328200331,,11.4,0.0109364095006618,,False,False,,
Eurostat,AT,AUT,1997,2018,CP04,Housing & utilities (incl. imputed rent),19074.6,102733.9,18.56699687250265,29.97793328200331,7.96426496025168,18.6,-0.0330031274973521,,False,False,,
Eurostat,AT,AUT,1998,2018,CP01,Food & non-alcoholic beverages,11839.9,105939.6,11.17608524102413,29.57590929170961,,11.2,-0.0239147589758701,,False,False,,
Eurostat,AT,AUT,1998,2018,CP04,Housing & utilities (incl. imputed rent),19492.7,105939.6,18.399824050685485,29.57590929170961,8.00427790929926,18.4,-0.0001759493145137,,False,False,,
Eurostat,AT,AUT,1999,2018,CP01,Food & non-alcoholic beverages,11798.4,108780.3,10.846081505566724,29.447335592933648,,10.8,0.0460815055667236,,False,False,,
Eurostat,AT,AUT,1999,2018,CP04,Housing & utilities (incl. imputed rent),20234.5,108780.3,18.60125408736692,29.447335592933648,8.166000645337437,18.6,0.0012540873669202,,False,False,,
Eurostat,AT,AUT,2000,2018,CP01,Food & non-alcoholic beverages,12131.5,114450.9,10.5997418980541,28.98596690808024,,10.6,-0.0002581019458993,,False,False,,
Eurostat,AT,AUT,2000,2018,CP04,Housing & utilities (incl. imputed rent),21043.2,114450.9,18.386225010026138,28.98596690808024,8.022654256104584,18.4,-0.0137749899738608,,False,False,,
Eurostat,AT,AUT,2001,2018,CP01,Food & non-alcoholic beverages,12618.5,118802.6,10.621400541738984,29.317119322304396,,10.6,0.0214005417389842,,False,False,,
Eurostat,AT,AUT,2001,2018,CP04,Housing & utilities (incl. imputed rent),22211.0,118802.6,18.695718780565407,29.317119322304396,8.065816741384447,18.7,-0.004281219434592,,False,False,,
Eurostat,AT,AUT,2002,2018,CP01,Food & non-alcoholic beverages,12836.5,120820.3,10.624456320667967,29.325121688987693,,10.6,0.0244563206679675,,False,False,,
Eurostat,AT,AUT,2002,2018,CP04,Housing & utilities (incl. imputed rent),22594.2,120820.3,18.70066536831973,29.325121688987693,8.362005391478087,18.7,0.0006653683197264,,False,False,,
Eurostat,AT,AUT,2003,2018,CP01,Food & non-alcoholic beverages,13046.3,125182.8,10.421799160907089,29.40643602795273,,10.4,0.0217991609070882,,False,False,,
Eurostat,AT,AUT,2003,2018,CP04,Housing & utilities (incl. imputed rent),23765.5,125182.8,18.98463686704563,29.40643602795273,8.546062238582298,19.0,-0.0153631329543699,,False,False,,
Eurostat,AT,AUT,2004,2018,CP01,Food & non-alcoholic beverages,13593.1,130067.4,10.45081242494276,29.66508133475413,,10.5,-0.049187575057239,,False,False,,
Eurostat,AT,AUT,2004,2018,CP04,Housing & utilities (incl. imputed rent),24991.5,130067.4,19.214268909811373,29.66508133475413,8.737085541803712,19.2,0.0142689098113741,,False,False,,
Eurostat,AT,AUT,2005,2018,CP01,Food & non-alcoholic beverages,14019.5,136187.2,10.294286100308986,30.27766192417496,,10.3,-0.0057138996910151,,False,False,,
Eurostat,AT,AUT,2005,2018,CP04,Housing & utilities (incl. imputed rent),27214.8,136187.2,19.98337582386597,30.27766192417496,9.139184886685385,20.0,-0.0166241761340302,,False,False,,
Eurostat,AT,AUT,2006,2018,CP01,Food & non-alcoholic beverages,14356.2,141448.4,10.149425514887408,30.172274836618868,,10.1,0.0494255148874085,,False,False,,
Eurostat,AT,AUT,2006,2018,CP04,Housing & utilities (incl. imputed rent),28322.0,141448.4,20.02284932173146,30.172274836618868,9.093422053554512,20.0,0.02284932173146,,False,False,,
Eurostat,AT,AUT,2007,2018,CP01,Food & non-alcoholic beverages,15003.2,146925.8,10.211412835594569,29.947633431296616,,10.2,0.0114128355945677,,False,False,,
Eurostat,AT,AUT,2007,2018,CP04,Housing & utilities (incl. imputed rent),28997.6,146925.8,19.736220595702047,29.947633431296616,9.11174211744976,19.7,0.0362205957020478,,False,False,,
Eurostat,AT,AUT,2008,2018,CP01,Food & non-alcoholic beverages,15695.3,152249.5,10.308933691079444,30.354254036959063,,10.3,0.0089336910794433,,False,False,,
Eurostat,AT,AUT,2008,2018,CP04,Housing & utilities (incl. imputed rent),30518.9,152249.5,20.045320345879627,30.354254036959063,9.03819060161117,20.0,0.0453203458796274,,False,False,,
Eurostat,AT,AUT,2009,2018,CP01,Food & non-alcoholic beverages,15764.8,152838.3,10.314692063442212,30.623017921555,,10.3,0.0146920634422116,,False,False,,
Eurostat,AT,AUT,2009,2018,CP04,Housing & utilities (incl. imputed rent),31038.9,152838.3,20.30832585811279,30.623017921555,9.332281241024011,20.3,0.0083258581127907,,False,False,,
Eurostat,AT,AUT,2010,2018,CP01,Food & non-alcoholic beverages,15982.5,157470.8,10.149500732834278,30.644221023834262,,10.1,0.0495007328342786,,False,False,,
Eurostat,AT,AUT,2010,2018,CP04,Housing & utilities (incl. imputed rent),32273.2,157470.8,20.494720290999982,30.644221023834262,9.31398075071696,20.5,-0.005279709000014,,False,False,,
Eurostat,AT,AUT,2011,2018,CP01,Food & non-alcoholic beverages,16617.3,164542.2,10.099111352589182,30.565836606049995,,10.1,-0.000888647410818,,False,False,,
Eurostat,AT,AUT,2011,2018,CP04,Housing & utilities (incl. imputed rent),33676.4,164542.2,20.46672525346081,30.565836606049995,9.301443641813467,20.5,-0.0332747465391882,,False,False,,
Eurostat,AT,AUT,2012,2018,CP01,Food & non-alcoholic beverages,17314.6,169495.4,10.21538047640231,30.911694358666963,,10.2,0.0153804764023099,,False,False,,
Eurostat,AT,AUT,2012,2018,CP04,Housing & utilities (incl. imputed rent),35079.3,169495.4,20.69631388226465,30.911694358666963,9.383558491852876,20.7,-0.0036861177353451,,False,False,,
Eurostat,AT,AUT,2013,2018,CP01,Food & non-alcoholic beverages,17943.6,172628.1,10.394368008452853,31.543474092572417,,10.4,-0.0056319915471476,,False,False,,
Eurostat,AT,AUT,2013,2018,CP04,Housing & utilities (incl. imputed rent),36509.3,172628.1,21.149106084119563,31.543474092572417,9.680463377630872,21.1,0.0491060841195611,,False,False,,
Eurostat,AT,AUT,2014,2018,CP01,Food & non-alcoholic beverages,18237.6,175436.5,10.395556226896913,31.65071122599915,,10.4,-0.0044437731030892,,False,False,,
Eurostat,AT,AUT,2014,2018,CP04,Housing & utilities (incl. imputed rent),37289.3,175436.5,21.25515499910224,31.65071122599915,9.973409182239727,21.3,-0.0448450008977587,,False,False,,
Eurostat,AT,AUT,2015,2018,CP01,Food & non-alcoholic beverages,18642.6,180024.5,10.35559048907232,31.696963468861178,,10.4,-0.0444095109276805,,False,False,,
Eurostat,AT,AUT,2015,2018,CP04,Housing & utilities (incl. imputed rent),38419.7,180024.5,21.34137297978886,31.696963468861178,10.084460726178936,21.3,0.0413729797888606,,False,False,,
Eurostat,AT,AUT,2016,2018,CP01,Food & non-alcoholic beverages,18776.6,185915.1,10.09955619527408,31.549239410892387,,10.1,-0.0004438047259203,,False,False,,
Eurostat,AT,AUT,2016,2018,CP04,Housing & utilities (incl. imputed rent),39878.2,185915.1,21.449683215618307,31.549239410892387,10.040604555520234,21.4,0.0496832156183089,,False,False,,
Eurostat,AT,AUT,2017,2018,CP01,Food & non-alcoholic beverages,19525.5,192630.3,10.136255822682102,31.61937659859327,,10.1,0.0362558226821025,,False,False,,
Eurostat,AT,AUT,2017,2018,CP04,Housing & utilities (incl. imputed rent),41383.0,192630.3,21.483120775911164,31.61937659859327,10.132102789644206,21.5,-0.0168792240888357,,False,False,,
Eurostat,AT,AUT,2018,2018,CP01,Food & non-alcoholic beverages,20002.6,198526.9,10.075511177578454,31.55391032650991,,10.1,-0.0244888224215458,,False,False,,
Eurostat,AT,AUT,2018,2018,CP04,Housing & utilities (incl. imputed rent),42640.4,198526.9,21.47839914893145,31.55391032650991,10.222594519936592,21.5,-0.0216008510685448,,False,False,,
Eurostat,AT,AUT,2019,2018,CP01,Food & non-alcoholic beverages,20362.5,203356.2,10.013218185626991,31.76942724146104,,10.0,0.013218185626993,,False,False,,
Eurostat,AT,AUT,2019,2018,CP04,Housing & utilities (incl. imputed rent),44242.6,203356.2,21.75620905583405,31.76942724146104,10.27030402810438,21.8,-0.043790944165952,,False,False,,
Eurostat,AT,AUT,2020,2018,CP01,Food & non-alcoholic beverages,22105.2,188086.6,11.752671375844956,36.2509078265012,,11.8,-0.0473286241550443,,False,False,,
Eurostat,AT,AUT,2020,2018,CP04,Housing & utilities (incl. imputed rent),46077.9,188086.6,24.49823645065624,36.2509078265012,11.660001297274766,24.5,-0.0017635493437602,,False,False,,
Eurostat,AT,AUT,2021,2018,CP01,Food & non-alcoholic beverages,21764.8,195408.8,11.138085899918533,35.73708041807738,,11.1,0.0380858999185313,,False,False,,
Eurostat,AT,AUT,2021,2018,CP04,Housing & utilities (incl. imputed rent),48068.6,195408.8,24.598994518158857,35.73708041807738,11.470158969299234,24.6,-0.001005481841144,,False,False,,
Eurostat,AT,AUT,2022,2018,CP01,Food & non-alcoholic beverages,23217.6,227652.6,10.19869748906887,32.97247648390574,,10.2,-0.0013025109311293,b,False,False,,
Eurostat,AT,AUT,2022,2018,CP04,Housing & utilities (incl. imputed rent),51845.1,227652.6,22.773778994836867,32.97247648390574,10.324942478144331,22.8,-0.0262210051631335,b,False,False,,
Eurostat,AT,AUT,2023,2018,CP01,Food & non-alcoholic beverages,25364.8,246214.3,10.301919912856402,33.46816167866773,,10.3,0.0019199128564011,,False,False,,
Eurostat,AT,AUT,2023,2018,CP04,Housing & utilities (incl. imputed rent),57038.6,246214.3,23.16624176581133,33.46816167866773,10.432009838583706,23.2,-0.0337582341886708,,False,False,,
Eurostat,AT,AUT,2024,2018,CP01,Food & non-alcoholic beverages,26256.7,257265.5,10.206071159949548,32.92765644829952,,10.2,0.0060711599495473,,False,False,,
Eurostat,AT,AUT,2024,2018,CP04,Housing & utilities (incl. imputed rent),58454.8,257265.5,22.72158528834997,32.92765644829952,10.676829967484952,22.7,0.0215852883499749,,False,False,,
Eurostat,AT,AUT,2025,2018,CP01,Food & non-alcoholic beverages,27360.1,265910.7,10.2892061131801,33.609779523727326,,10.3,-0.0107938868199006,,False,False,,
Eurostat,AT,AUT,2025,2018,CP04,Housing & utilities (incl. imputed rent),62011.9,265910.7,23.320573410547222,33.609779523727326,10.794638952099332,23.3,0.0205734105472217,,False,False,,
Eurostat,BE,BEL,1995,2018,CP01,Food & non-alcoholic beverages,16047.0,108321.3,14.814260907134608,36.039633940877735,,14.8,0.0142609071346075,,False,False,,
Eurostat,BE,BEL,1995,2018,CP04,Housing & utilities (incl. imputed rent),22991.6,108321.3,21.22537303374313,36.039633940877735,10.87551571112976,21.2,0.0253730337431328,,False,False,,
Eurostat,BE,BEL,1996,2018,CP01,Food & non-alcoholic beverages,16063.6,111072.8,14.462226575723308,36.46086170511592,,14.5,-0.0377734242766916,,False,False,,
Eurostat,BE,BEL,1996,2018,CP04,Housing & utilities (incl. imputed rent),24434.5,111072.8,21.99863512939261,36.46086170511592,11.110911042127327,22.0,-0.0013648706073858,,False,False,,
Eurostat,BE,BEL,1997,2018,CP01,Food & non-alcoholic beverages,16247.7,114530.7,14.186327334068508,36.10961951686317,,14.2,-0.0136726659314909,,False,False,,
Eurostat,BE,BEL,1997,2018,CP04,Housing & utilities (incl. imputed rent),25108.9,114530.7,21.92329218279466,36.10961951686317,11.202935108228624,21.9,0.0232921827946626,,False,False,,
Eurostat,BE,BEL,1998,2018,CP01,Food & non-alcoholic beverages,16423.9,119592.5,13.733219056378951,35.293015866379584,,13.7,0.0332190563789538,,False,False,,
Eurostat,BE,BEL,1998,2018,CP04,Housing & utilities (incl. imputed rent),25783.9,119592.5,21.559796810000627,35.293015866379584,11.070844743608504,21.6,-0.0402031899993744,,False,False,,
Eurostat,BE,BEL,1999,2018,CP01,Food & non-alcoholic beverages,16645.8,122509.7,13.587332268383644,35.12627979662019,,13.6,-0.0126677316163554,,False,False,,
Eurostat,BE,BEL,1999,2018,CP04,Housing & utilities (incl. imputed rent),26387.3,122509.7,21.53894752823654,35.12627979662019,11.175604870471483,21.5,0.038947528236541,,False,False,,
Eurostat,BE,BEL,2000,2018,CP01,Food & non-alcoholic beverages,16848.0,130163.2,12.94375061461304,34.526655767528766,,12.9,0.0437506146130388,,False,False,,
Eurostat,BE,BEL,2000,2018,CP04,Housing & utilities (incl. imputed rent),28093.0,130163.2,21.582905152915725,34.526655767528766,10.866358540662798,21.6,-0.0170948470842766,,False,False,,
Eurostat,BE,BEL,2001,2018,CP01,Food & non-alcoholic beverages,17702.3,134376.0,13.17370661427636,34.967479311781865,,13.2,-0.0262933857236404,,False,False,,
Eurostat,BE,BEL,2001,2018,CP04,Housing & utilities (incl. imputed rent),29285.6,134376.0,21.793772697505503,34.967479311781865,10.930672143835208,21.8,-0.0062273024944943,,False,False,,
Eurostat,BE,BEL,2002,2018,CP01,Food & non-alcoholic beverages,18510.5,136197.5,13.590924943556232,35.247196167330536,,13.6,-0.009075056443768,,False,False,,
Eurostat,BE,BEL,2002,2018,CP04,Housing & utilities (incl. imputed rent),29495.3,136197.5,21.656271223774297,35.247196167330536,11.093448851851171,21.7,-0.0437287762257021,,False,False,,
Eurostat,BE,BEL,2003,2018,CP01,Food & non-alcoholic beverages,19410.0,139126.7,13.951312005531646,35.76416316925507,,14.0,-0.048687994468354,,False,False,,
Eurostat,BE,BEL,2003,2018,CP04,Housing & utilities (incl. imputed rent),30347.5,139126.7,21.812851163723423,35.76416316925507,11.106998153481682,21.8,0.0128511637234218,,False,False,,
Eurostat,BE,BEL,2004,2018,CP01,Food & non-alcoholic beverages,19752.1,144369.9,13.681591522886697,35.26877832567592,,13.7,-0.0184084771133026,,False,False,,
Eurostat,BE,BEL,2004,2018,CP04,Housing & utilities (incl. imputed rent),31165.4,144369.9,21.587186802789223,35.26877832567592,10.92700071136712,21.6,-0.0128131972107752,,False,False,,
Eurostat,BE,BEL,2005,2018,CP01,Food & non-alcoholic beverages,19917.8,150374.4,13.245472633639768,35.181985763534215,,13.2,0.0454726336397683,,False,False,,
Eurostat,BE,BEL,2005,2018,CP04,Housing & utilities (incl. imputed rent),32986.9,150374.4,21.93651312989445,35.181985763534215,11.16333631256384,21.9,0.0365131298944554,,False,False,,
Eurostat,BE,BEL,2006,2018,CP01,Food & non-alcoholic beverages,19685.5,157353.0,12.51040653816578,34.623744065890065,,12.5,0.01040653816578,,False,False,,
Eurostat,BE,BEL,2006,2018,CP04,Housing & utilities (incl. imputed rent),34796.0,157353.0,22.11333752772429,34.623744065890065,11.162545359796129,22.1,0.013337527724289,,False,False,,
Eurostat,BE,BEL,2007,2018,CP01,Food & non-alcoholic beverages,20292.7,164823.4,12.31178339968718,33.802178574158766,,12.3,0.0117833996871805,,False,False,,
Eurostat,BE,BEL,2007,2018,CP04,Housing & utilities (incl. imputed rent),35421.2,164823.4,21.490395174471587,33.802178574158766,10.941892959373488,21.5,-0.0096048255284131,,False,False,,
Eurostat,BE,BEL,2008,2018,CP01,Food & non-alcoholic beverages,21692.6,172143.6,12.601455993716874,35.09366598583973,,12.6,0.0014559937168741,,False,False,,
Eurostat,BE,BEL,2008,2018,CP04,Housing & utilities (incl. imputed rent),38718.9,172143.6,22.492209992122856,35.09366598583973,10.633215524713089,22.5,-0.0077900078771442,,False,False,,
Eurostat,BE,BEL,2009,2018,CP01,Food & non-alcoholic beverages,21990.3,172458.2,12.751089829303565,35.74622720172192,,12.8,-0.0489101706964376,b,False,False,,
Eurostat,BE,BEL,2009,2018,CP04,Housing & utilities (incl. imputed rent),39657.0,172458.2,22.99513737241836,35.74622720172192,11.345415874687315,23.0,-0.004862627581641,b,False,False,,
Eurostat,BE,BEL,2010,2018,CP01,Food & non-alcoholic beverages,22666.9,181810.7,12.467308029725425,36.20100467134223,,12.5,-0.0326919702745769,,False,False,,
Eurostat,BE,BEL,2010,2018,CP04,Housing & utilities (incl. imputed rent),43150.4,181810.7,23.7336966416168,36.20100467134223,11.486507669790612,23.7,0.0336966416168031,,False,False,,
Eurostat,BE,BEL,2011,2018,CP01,Food & non-alcoholic beverages,22756.1,187957.4,12.10705191708334,36.58972724670591,,12.1,0.0070519170833396,,False,False,,
Eurostat,BE,BEL,2011,2018,CP04,Housing & utilities (incl. imputed rent),46017.0,187957.4,24.482675329622563,36.58972724670591,11.851089661806345,24.5,-0.0173246703774374,,False,False,,
Eurostat,BE,BEL,2012,2018,CP01,Food & non-alcoholic beverages,23860.3,194702.1,12.25477280419677,37.353166709552696,,12.3,-0.0452271958032302,,False,False,,
Eurostat,BE,BEL,2012,2018,CP04,Housing & utilities (incl. imputed rent),48867.1,194702.1,25.098393905355927,37.353166709552696,12.108960303972069,25.1,-0.0016060946440745,,False,False,,
Eurostat,BE,BEL,2013,2018,CP01,Food & non-alcoholic beverages,24476.5,199004.3,12.299482975995996,37.29773678257204,,12.3,-0.0005170240040044,,False,False,,
Eurostat,BE,BEL,2013,2018,CP04,Housing & utilities (incl. imputed rent),49747.6,199004.3,24.99825380657604,37.29773678257204,12.25867983757135,25.0,-0.0017461934239584,,False,False,,
Eurostat,BE,BEL,2014,2018,CP01,Food & non-alcoholic beverages,24902.3,202142.5,12.319180775937769,36.503308309732,,12.3,0.019180775937766,,False,False,,
Eurostat,BE,BEL,2014,2018,CP04,Housing & utilities (incl. imputed rent),48886.4,202142.5,24.184127533794232,36.503308309732,12.356728545456791,24.2,-0.0158724662057672,,False,False,,
Eurostat,BE,BEL,2015,2018,CP01,Food & non-alcoholic beverages,25604.9,207248.3,12.354697239977362,36.28290316494756,,12.4,-0.0453027600226381,,False,False,,
Eurostat,BE,BEL,2015,2018,CP04,Housing & utilities (incl. imputed rent),49590.8,207248.3,23.928205924970197,36.28290316494756,12.223501953936411,23.9,0.0282059249701944,,False,False,,
Eurostat,BE,BEL,2016,2018,CP01,Food & non-alcoholic beverages,26072.5,213124.5,12.233459785242898,36.12850704635084,,12.2,0.0334597852428988,,False,False,,
Eurostat,BE,BEL,2016,2018,CP04,Housing & utilities (incl. imputed rent),50926.2,213124.5,23.895047261107944,36.12850704635084,12.174151728215197,23.9,-0.0049527388920544,,False,False,,
Eurostat,BE,BEL,2017,2018,CP01,Food & non-alcoholic beverages,26607.3,221859.6,11.992854940692222,35.79498024876994,,12.0,-0.0071450593077777,,False,False,,
Eurostat,BE,BEL,2017,2018,CP04,Housing & utilities (incl. imputed rent),52807.3,221859.6,23.80212530807772,35.79498024876994,12.042435846814833,23.8,0.0021253080777192,,False,False,,
Eurostat,BE,BEL,2018,2018,CP01,Food & non-alcoholic beverages,27235.6,229273.3,11.879098002253206,35.61936780253087,,11.9,-0.0209019977467939,,False,False,,
Eurostat,BE,BEL,2018,2018,CP04,Housing & utilities (incl. imputed rent),54430.1,229273.3,23.740269800277662,35.61936780253087,11.907928223652734,23.7,0.0402698002776631,,False,False,,
Eurostat,BE,BEL,2019,2018,CP01,Food & non-alcoholic beverages,27761.1,235252.9,11.80053465865883,35.55148523142541,,11.8,0.0005346586588288,,False,False,,
Eurostat,BE,BEL,2019,2018,CP04,Housing & utilities (incl. imputed rent),55874.8,235252.9,23.750950572766584,35.55148523142541,11.939661530208555,23.8,-0.0490494272334167,,False,False,,
Eurostat,BE,BEL,2020,2018,CP01,Food & non-alcoholic beverages,28946.2,222228.4,13.025427893104572,38.3255245504175,,13.0,0.0254278931045721,,False,False,,
Eurostat,BE,BEL,2020,2018,CP04,Housing & utilities (incl. imputed rent),56224.0,222228.4,25.300096657312928,38.3255245504175,13.10710062260269,25.3,9.665731292685108e-05,,False,False,,
Eurostat,BE,BEL,2021,2018,CP01,Food & non-alcoholic beverages,29278.8,239860.0,12.206620528641707,37.40023346952388,,12.2,0.006620528641708,,False,False,,
Eurostat,BE,BEL,2021,2018,CP04,Housing & utilities (incl. imputed rent),60429.4,239860.0,25.193612940882183,37.40023346952388,12.63949804052364,25.2,-0.0063870591178165,,False,False,,
Eurostat,BE,BEL,2022,2018,CP01,Food & non-alcoholic beverages,30038.8,273426.0,10.986080328864116,37.100166041268935,,11.0,-0.0139196711358842,,False,False,,
Eurostat,BE,BEL,2022,2018,CP04,Housing & utilities (incl. imputed rent),71402.7,273426.0,26.114085712404812,37.100166041268935,11.89850270274224,26.1,0.0140857124048139,,False,False,,
Eurostat,BE,BEL,2023,2018,CP01,Food & non-alcoholic beverages,31959.2,292676.9,10.919618186471157,35.33381008203927,,10.9,0.0196181864711544,,False,False,,
Eurostat,BE,BEL,2023,2018,CP04,Housing & utilities (incl. imputed rent),71454.7,292676.9,24.414191895568116,35.33381008203927,11.849893175716977,24.4,0.0141918955681141,,False,False,,
Eurostat,BE,BEL,2024,2018,CP01,Food & non-alcoholic beverages,33053.9,300826.6,10.987691912882704,35.150382313266185,,11.0,-0.0123080871172955,p,False,False,,
Eurostat,BE,BEL,2024,2018,CP04,Housing & utilities (incl. imputed rent),72687.8,300826.6,24.16269040038348,35.150382313266185,12.129977867648671,24.2,-0.0373095996165204,p,False,False,,
Eurostat,BE,BEL,2025,2018,CP01,Food & non-alcoholic beverages,,,,,,,,,False,False,,
Eurostat,BE,BEL,2025,2018,CP04,Housing & utilities (incl. imputed rent),,,,,,,,,False,False,,
Eurostat,BG,BGR,1995,2018,CP01,Food & non-alcoholic beverages,101.3,383.1,26.44218219785957,54.00678673975462,,26.4,0.0421821978595673,,False,False,,
Eurostat,BG,BGR,1995,2018,CP04,Housing & utilities (incl. imputed rent),105.6,383.1,27.564604541895065,54.00678673975462,17.07126076742365,27.6,-0.0353954581049364,,False,False,,
Eurostat,BG,BGR,1996,2018,CP01,Food & non-alcoholic beverages,238.2,841.9,28.29314645444827,57.18018767074474,,28.3,-0.0068535455517313,,False,False,,
Eurostat,BG,BGR,1996,2018,CP04,Housing & utilities (incl. imputed rent),243.2,841.9,28.88704121629647,57.18018767074474,21.403967217009143,28.9,-0.012958783703528,,False,False,,
Eurostat,BG,BGR,1997,2018,CP01,Food & non-alcoholic beverages,1782.4,6473.6,27.533366287691543,53.67956005931784,,27.5,0.0333662876915461,,False,False,,
Eurostat,BG,BGR,1997,2018,CP04,Housing & utilities (incl. imputed rent),1692.6,6473.6,26.146193771626297,53.67956005931784,18.07804003954523,26.1,0.0461937716262959,,False,False,,
Eurostat,BG,BGR,1998,2018,CP01,Food & non-alcoholic beverages,2161.9,7960.7,27.15715954627106,53.11844435790823,,27.2,-0.0428404537289388,,False,False,,
Eurostat,BG,BGR,1998,2018,CP04,Housing & utilities (incl. imputed rent),2066.7,7960.7,25.961284811637164,53.11844435790823,17.69819237001771,26.0,-0.0387151883628362,,False,False,,
Eurostat,BG,BGR,1999,2018,CP01,Food & non-alcoholic beverages,2335.2,8676.4,26.91438845604168,52.98626158314508,,26.9,0.0143884560416793,,False,False,,
Eurostat,BG,BGR,1999,2018,CP04,Housing & utilities (incl. imputed rent),2262.1,8676.4,26.071873127103405,52.98626158314508,17.81614494490803,26.1,-0.0281268728965962,,False,False,,
Eurostat,BG,BGR,2000,2018,CP01,Food & non-alcoholic beverages,2913.9,10084.8,28.893979057591626,49.92463906076472,,28.9,-0.0060209424083765,,False,False,,
Eurostat,BG,BGR,2000,2018,CP04,Housing & utilities (incl. imputed rent),2120.9,10084.8,21.030660003173093,49.92463906076472,12.549579565286372,21.0,0.030660003173093,,False,False,,
Eurostat,BG,BGR,2001,2018,CP01,Food & non-alcoholic beverages,3160.2,11294.3,27.98048573174079,48.73608811524397,,28.0,-0.0195142682592113,,False,False,,
Eurostat,BG,BGR,2001,2018,CP04,Housing & utilities (incl. imputed rent),2344.2,11294.3,20.755602383503184,48.73608811524397,12.371727331485795,20.8,-0.0443976164968162,,False,False,,
Eurostat,BG,BGR,2002,2018,CP01,Food & non-alcoholic beverages,3178.5,12250.6,25.945667967283235,46.334873393956215,,25.9,0.0456679672832365,,False,False,,
Eurostat,BG,BGR,2002,2018,CP04,Housing & utilities (incl. imputed rent),2497.8,12250.6,20.38920542667298,46.334873393956215,12.504693647658074,20.4,-0.0107945733270184,,False,False,,
Eurostat,BG,BGR,2003,2018,CP01,Food & non-alcoholic beverages,3201.6,13239.2,24.18273007432473,44.253429210224176,,24.2,-0.0172699256752686,,False,False,,
Eurostat,BG,BGR,2003,2018,CP04,Housing & utilities (incl. imputed rent),2657.2,13239.2,20.07069913589945,44.253429210224176,11.505982234576106,20.1,-0.0293008641005556,,False,False,,
Eurostat,BG,BGR,2004,2018,CP01,Food & non-alcoholic beverages,3585.5,14995.8,23.910028141212877,42.25383107270036,,23.9,0.0100281412128744,,False,False,,
Eurostat,BG,BGR,2004,2018,CP04,Housing & utilities (incl. imputed rent),2750.8,14995.8,18.343802931487485,42.25383107270036,11.203803731711544,18.3,0.0438029314874839,,False,False,,
Eurostat,BG,BGR,2005,2018,CP01,Food & non-alcoholic beverages,3694.0,17342.1,21.30076518991357,38.22432116064376,,21.3,0.0007651899135652,,False,False,,
Eurostat,BG,BGR,2005,2018,CP04,Housing & utilities (incl. imputed rent),2934.9,17342.1,16.923555970730188,38.22432116064376,10.606558605935843,16.9,0.0235559707301895,,False,False,,
Eurostat,BG,BGR,2006,2018,CP01,Food & non-alcoholic beverages,3394.2,19138.9,17.734561547424356,35.35365146377273,,17.7,0.0345615474243565,,False,False,,
Eurostat,BG,BGR,2006,2018,CP04,Housing & utilities (incl. imputed rent),3372.1,19138.9,17.619089916348376,35.35365146377273,10.534043231324684,17.6,0.0190899163483742,,False,False,,
Eurostat,BG,BGR,2007,2018,CP01,Food & non-alcoholic beverages,4979.3,23431.0,21.25090691818531,37.50032008877129,,21.3,-0.0490930818146893,,False,False,,
Eurostat,BG,BGR,2007,2018,CP04,Housing & utilities (incl. imputed rent),3807.4,23431.0,16.249413170585978,37.50032008877129,9.633391660620545,16.2,0.0494131705859786,,False,False,,
Eurostat,BG,BGR,2008,2018,CP01,Food & non-alcoholic beverages,5224.0,25646.4,20.36933058830869,37.721473579137815,,20.4,-0.0306694116913099,,False,False,,
Eurostat,BG,BGR,2008,2018,CP04,Housing & utilities (incl. imputed rent),4450.2,25646.4,17.35214299082912,37.721473579137815,10.723922265893068,17.4,-0.0478570091708796,,False,False,,
Eurostat,BG,BGR,2009,2018,CP01,Food & non-alcoholic beverages,4690.7,24867.9,18.86246928771629,38.05186606026243,,18.9,-0.0375307122837078,,False,False,,
Eurostat,BG,BGR,2009,2018,CP04,Housing & utilities (incl. imputed rent),4772.0,24867.9,19.18939677254613,38.05186606026243,12.083851069048851,19.2,-0.0106032274538669,,False,False,,
Eurostat,BG,BGR,2010,2018,CP01,Food & non-alcoholic beverages,5171.6,26366.6,19.61420888548391,38.583662664128106,,19.6,0.0142088854839101,,False,False,,
Eurostat,BG,BGR,2010,2018,CP04,Housing & utilities (incl. imputed rent),5001.6,26366.6,18.9694537786442,38.583662664128106,11.799018455166763,19.0,-0.0305462213558023,,False,False,,
Eurostat,BG,BGR,2011,2018,CP01,Food & non-alcoholic beverages,5317.2,27853.4,19.08994952142288,38.65488593852097,,19.1,-0.0100504785771242,,False,False,,
Eurostat,BG,BGR,2011,2018,CP04,Housing & utilities (incl. imputed rent),5449.5,27853.4,19.56493641709809,38.65488593852097,11.569503184530436,19.6,-0.035063582901909,,False,False,,
Eurostat,BG,BGR,2012,2018,CP01,Food & non-alcoholic beverages,5469.3,29571.2,18.495360350611406,37.66232009522779,,18.5,-0.0046396493885936,,False,False,,
Eurostat,BG,BGR,2012,2018,CP04,Housing & utilities (incl. imputed rent),5667.9,29571.2,19.16695974461638,37.66232009522779,10.950857591169786,19.2,-0.0330402553836179,,False,False,,
Eurostat,BG,BGR,2013,2018,CP01,Food & non-alcoholic beverages,5243.2,28143.6,18.63016813769383,38.46878153470061,,18.6,0.0301681376938276,,False,False,,
Eurostat,BG,BGR,2013,2018,CP04,Housing & utilities (incl. imputed rent),5583.3,28143.6,19.83861339700678,38.46878153470061,11.330817663696187,19.8,0.038613397006781,,False,False,,
Eurostat,BG,BGR,2014,2018,CP01,Food & non-alcoholic beverages,5533.2,28816.2,19.201699044287587,38.98917969753125,,19.2,0.0016990442875872,,False,False,,
Eurostat,BG,BGR,2014,2018,CP04,Housing & utilities (incl. imputed rent),5702.0,28816.2,19.787480653243662,38.98917969753125,10.407340315516969,19.8,-0.0125193467563384,,False,False,,
Eurostat,BG,BGR,2015,2018,CP01,Food & non-alcoholic beverages,5821.7,29944.6,19.441568763650206,39.32495341397114,,19.4,0.0415687636502077,,False,False,,
Eurostat,BG,BGR,2015,2018,CP04,Housing & utilities (incl. imputed rent),5954.0,29944.6,19.883384650320927,39.32495341397114,10.16610674378686,19.9,-0.0166153496790713,,False,False,,
Eurostat,BG,BGR,2016,2018,CP01,Food & non-alcoholic beverages,6138.6,31254.1,19.6409431082642,38.79938952009497,,19.6,0.0409431082641944,,False,False,,
Eurostat,BG,BGR,2016,2018,CP04,Housing & utilities (incl. imputed rent),5987.8,31254.1,19.158446411830766,38.79938952009497,10.489503777104444,19.2,-0.0415535881692328,,False,False,,
Eurostat,BG,BGR,2017,2018,CP01,Food & non-alcoholic beverages,6453.3,33446.1,19.294626279297137,38.76565578647436,,19.3,-0.0053737207028632,,False,False,,
Eurostat,BG,BGR,2017,2018,CP04,Housing & utilities (incl. imputed rent),6512.3,33446.1,19.47102950717722,38.76565578647436,10.916369920558749,19.5,-0.0289704928227791,,False,False,,
Eurostat,BG,BGR,2018,2018,CP01,Food & non-alcoholic beverages,6802.9,35411.9,19.210773779435726,39.155764022828485,,19.2,0.0107737794357269,,False,False,,
Eurostat,BG,BGR,2018,2018,CP04,Housing & utilities (incl. imputed rent),7062.9,35411.9,19.94499024339276,39.155764022828485,11.28038879585676,19.9,0.0449902433927604,,False,False,,
Eurostat,BG,BGR,2019,2018,CP01,Food & non-alcoholic beverages,7076.5,38102.2,18.57241839053913,38.456572061455766,,18.6,-0.0275816094608707,,False,False,,
Eurostat,BG,BGR,2019,2018,CP04,Housing & utilities (incl. imputed rent),7576.3,38102.2,19.884153670916643,38.456572061455766,10.88126144947011,19.9,-0.0158463290833559,,False,False,,
Eurostat,BG,BGR,2020,2018,CP01,Food & non-alcoholic beverages,7518.1,36187.8,20.77523364227723,40.81568926544305,,20.8,-0.0247663577227719,,False,False,,
Eurostat,BG,BGR,2020,2018,CP04,Housing & utilities (incl. imputed rent),7252.2,36187.8,20.040455623165816,40.81568926544305,10.97800916330918,20.0,0.0404556231658155,,False,False,,
Eurostat,BG,BGR,2021,2018,CP01,Food & non-alcoholic beverages,8329.7,41996.0,19.83450804838556,38.99561863034575,,19.8,0.034508048385561,,False,False,,
Eurostat,BG,BGR,2021,2018,CP04,Housing & utilities (incl. imputed rent),8046.9,41996.0,19.161110581960187,38.99561863034575,10.001666825411943,19.2,-0.0388894180398118,,False,False,,
Eurostat,BG,BGR,2022,2018,CP01,Food & non-alcoholic beverages,10634.0,51222.2,20.760529614112635,39.20760920069814,,20.8,-0.0394703858873661,,False,False,,
Eurostat,BG,BGR,2022,2018,CP04,Housing & utilities (incl. imputed rent),9449.0,51222.2,18.447079586585502,39.20760920069814,9.095860779115307,18.4,0.0470795865855073,,False,False,,
Eurostat,BG,BGR,2023,2018,CP01,Food & non-alcoholic beverages,11374.3,56163.1,20.25226527737963,38.12040289798818,,20.3,-0.047734722620369,,False,False,,
Eurostat,BG,BGR,2023,2018,CP04,Housing & utilities (incl. imputed rent),10035.3,56163.1,17.86813762060855,38.12040289798818,9.260350657282094,17.9,-0.0318623793914483,,False,False,,
Eurostat,BG,BGR,2024,2018,CP01,Food & non-alcoholic beverages,12431.6,61711.9,20.14457503334041,36.774592906716535,,20.1,0.0445750333404078,,False,False,,
Eurostat,BG,BGR,2024,2018,CP04,Housing & utilities (incl. imputed rent),10262.7,61711.9,16.630017873376126,36.774592906716535,8.915622432626446,16.6,0.0300178733761242,,False,False,,
Eurostat,BG,BGR,2025,2018,CP01,Food & non-alcoholic beverages,,,,,,,,,False,False,,
Eurostat,BG,BGR,2025,2018,CP04,Housing & utilities (incl. imputed rent),,,,,,,,,False,False,,
Eurostat,BA,BIH,1995,2018,CP01,Food & non-alcoholic beverages,,,,,,,,,False,False,4.22,Older (COICOP 1999) and current (COICOP 2018) figures for this country differ by up to 4.2 points (gap measured up to 2022).
Eurostat,BA,BIH,1995,2018,CP04,Housing & utilities (incl. imputed rent),,,,,,,,,False,False,,
Eurostat,BA,BIH,1996,2018,CP01,Food & non-alcoholic beverages,,,,,,,,,False,False,4.22,Older (COICOP 1999) and current (COICOP 2018) figures for this country differ by up to 4.2 points (gap measured up to 2022).
Eurostat,BA,BIH,1996,2018,CP04,Housing & utilities (incl. imputed rent),,,,,,,,,False,False,,
Eurostat,BA,BIH,1997,2018,CP01,Food & non-alcoholic beverages,,,,,,,,,False,False,4.22,Older (COICOP 1999) and current (COICOP 2018) figures for this country differ by up to 4.2 points (gap measured up to 2022).
Eurostat,BA,BIH,1997,2018,CP04,Housing & utilities (incl. imputed rent),,,,,,,,,False,False,,
Eurostat,BA,BIH,1998,2018,CP01,Food & non-alcoholic beverages,,,,,,,,,False,False,4.22,Older (COICOP 1999) and current (COICOP 2018) figures for this country differ by up to 4.2 points (gap measured up to 2022).
Eurostat,BA,BIH,1998,2018,CP04,Housing & utilities (incl. imputed rent),,,,,,,,,False,False,,
Eurostat,BA,BIH,1999,2018,CP01,Food & non-alcoholic beverages,,,,,,,,,False,False,4.22,Older (COICOP 1999) and current (COICOP 2018) figures for this country differ by up to 4.2 points (gap measured up to 2022).
Eurostat,BA,BIH,1999,2018,CP04,Housing & utilities (incl. imputed rent),,,,,,,,,False,False,,
Eurostat,BA,BIH,2000,2018,CP01,Food & non-alcoholic beverages,3126.2,12377.9,25.256303573304034,44.95269795361087,,25.3,-0.0436964266959662,,False,False,4.22,Older (COICOP 1999) and current (COICOP 2018) figures for this country differ by up to 4.2 points (gap measured up to 2022).
Eurostat,BA,BIH,2000,2018,CP04,Housing & utilities (incl. imputed rent),2438.0,12377.9,19.696394380306835,44.95269795361087,10.3054637701064,19.7,-0.0036056196931646,,False,False,,
Eurostat,BA,BIH,2001,2018,CP01,Food & non-alcoholic beverages,3482.9,13280.3,26.22606417023712,45.50499612207556,,26.2,0.0260641702371167,,False,False,4.22,Older (COICOP 1999) and current (COICOP 2018) figures for this country differ by up to 4.2 points (gap measured up to 2022).
Eurostat,BA,BIH,2001,2018,CP04,Housing & utilities (incl. imputed rent),2560.3,13280.3,19.27893195183844,45.50499612207556,9.746767768800405,19.3,-0.0210680481615597,,False,False,,
Eurostat,BA,BIH,2002,2018,CP01,Food & non-alcoholic beverages,3880.5,14161.7,27.40137130429256,45.752981633560935,,27.4,0.0013713042925616,,False,False,4.22,Older (COICOP 1999) and current (COICOP 2018) figures for this country differ by up to 4.2 points (gap measured up to 2022).
Eurostat,BA,BIH,2002,2018,CP04,Housing & utilities (incl. imputed rent),2598.9,14161.7,18.35161032926838,45.752981633560935,9.308910653382007,18.4,-0.0483896707316198,,False,False,,
Eurostat,BA,BIH,2003,2018,CP01,Food & non-alcoholic beverages,4260.9,14941.0,28.518171474466232,46.03975637507529,,28.5,0.0181714744662322,,False,False,4.22,Older (COICOP 1999) and current (COICOP 2018) figures for this country differ by up to 4.2 points (gap measured up to 2022).
Eurostat,BA,BIH,2003,2018,CP04,Housing & utilities (incl. imputed rent),2617.9,14941.0,17.521584900609064,46.03975637507529,8.919081721437653,17.5,0.0215849006090635,,False,False,,
Eurostat,BA,BIH,2004,2018,CP01,Food & non-alcoholic beverages,4622.6,16084.7,28.73911232413412,45.411477988398914,,28.7,0.0391123241341162,,False,False,4.22,Older (COICOP 1999) and current (COICOP 2018) figures for this country differ by up to 4.2 points (gap measured up to 2022).
Eurostat,BA,BIH,2004,2018,CP04,Housing & utilities (incl. imputed rent),2681.7,16084.7,16.672365664264795,45.411477988398914,8.39431260763334,16.7,-0.027634335735204,,False,False,,
Eurostat,BA,BIH,2005,2018,CP01,Food & non-alcoholic beverages,4880.4,17340.6,28.14435486661361,44.40042443744738,,28.1,0.0443548666136131,,False,False,4.22,Older (COICOP 1999) and current (COICOP 2018) figures for this country differ by up to 4.2 points (gap measured up to 2022).
Eurostat,BA,BIH,2005,2018,CP04,Housing & utilities (incl. imputed rent),2818.9,17340.6,16.256069570833766,44.40042443744738,7.883810248780319,16.3,-0.0439304291662345,,False,False,,
Eurostat,BA,BIH,2006,2018,CP01,Food & non-alcoholic beverages,5366.6,18626.5,28.81163933106059,44.68579711701072,,28.8,0.0116393310605893,,False,False,4.22,Older (COICOP 1999) and current (COICOP 2018) figures for this country differ by up to 4.2 points (gap measured up to 2022).
Eurostat,BA,BIH,2006,2018,CP04,Housing & utilities (incl. imputed rent),2956.8,18626.5,15.874157785950128,44.68579711701072,7.289077389740424,15.9,-0.0258422140498737,,False,False,,
Eurostat,BA,BIH,2007,2018,CP01,Food & non-alcoholic beverages,5880.8,20259.8,29.026940048766527,44.22008114591457,,29.0,0.0269400487665265,,False,False,4.22,Older (COICOP 1999) and current (COICOP 2018) figures for this country differ by up to 4.2 points (gap measured up to 2022).
Eurostat,BA,BIH,2007,2018,CP04,Housing & utilities (incl. imputed rent),3078.1,20259.8,15.193141097148049,44.22008114591457,6.68861489254583,15.2,-0.0068589028519525,,False,False,,
Eurostat,BA,BIH,2008,2018,CP01,Food & non-alcoholic beverages,6777.1,22538.8,30.068592826592365,44.522334818180205,,30.1,-0.0314071734076364,,False,False,4.22,Older (COICOP 1999) and current (COICOP 2018) figures for this country differ by up to 4.2 points (gap measured up to 2022).
Eurostat,BA,BIH,2008,2018,CP04,Housing & utilities (incl. imputed rent),3257.7,22538.8,14.45374199158784,44.522334818180205,6.1023656982625525,14.5,-0.0462580084121597,,False,False,,
Eurostat,BA,BIH,2009,2018,CP01,Food & non-alcoholic beverages,6462.9,21890.0,29.524440383736867,44.99680219278208,,29.5,0.0244403837368665,,False,False,4.22,Older (COICOP 1999) and current (COICOP 2018) figures for this country differ by up to 4.2 points (gap measured up to 2022).
Eurostat,BA,BIH,2009,2018,CP04,Housing & utilities (incl. imputed rent),3386.9,21890.0,15.472361809045228,44.99680219278208,6.480584741891274,15.5,-0.0276381909547733,,False,False,,
Eurostat,BA,BIH,2010,2018,CP01,Food & non-alcoholic beverages,6453.9,22226.1,29.037482959223617,44.53952785238976,,29.0,0.0374829592236167,,False,False,4.22,Older (COICOP 1999) and current (COICOP 2018) figures for this country differ by up to 4.2 points (gap measured up to 2022).
Eurostat,BA,BIH,2010,2018,CP04,Housing & utilities (incl. imputed rent),3445.5,22226.1,15.502044893166143,44.53952785238976,6.385285767633548,15.5,0.0020448931661452,,False,False,,
Eurostat,BA,BIH,2011,2018,CP01,Food & non-alcoholic beverages,6789.8,23054.6,29.450955557676128,44.657465321454296,,29.5,-0.049044442323872,,False,False,4.22,Older (COICOP 1999) and current (COICOP 2018) figures for this country differ by up to 4.2 points (gap measured up to 2022).
Eurostat,BA,BIH,2011,2018,CP04,Housing & utilities (incl. imputed rent),3505.8,23054.6,15.206509763778165,44.657465321454296,6.151050115812029,15.2,0.0065097637781654,,False,False,,
Eurostat,BA,BIH,2012,2018,CP01,Food & non-alcoholic beverages,7009.8,23508.1,29.81865824970968,45.0163986030347,,29.8,0.0186582497096772,,False,False,4.22,Older (COICOP 1999) and current (COICOP 2018) figures for this country differ by up to 4.2 points (gap measured up to 2022).
Eurostat,BA,BIH,2012,2018,CP04,Housing & utilities (incl. imputed rent),3572.7,23508.1,15.197740353325024,45.0163986030347,6.133205150565125,15.2,-0.0022596466749753,,False,False,,
Eurostat,BA,BIH,2013,2018,CP01,Food & non-alcoholic beverages,7107.9,23822.4,29.83704412653637,44.94593323930419,,29.8,0.0370441265363652,,False,False,4.22,Older (COICOP 1999) and current (COICOP 2018) figures for this country differ by up to 4.2 points (gap measured up to 2022).
Eurostat,BA,BIH,2013,2018,CP04,Housing & utilities (incl. imputed rent),3599.3,23822.4,15.108889112767814,44.94593323930419,6.299113439451944,15.1,0.0088891127678145,,False,False,,
Eurostat,BA,BIH,2014,2018,CP01,Food & non-alcoholic beverages,7055.6,24235.6,29.112545181468587,43.81735958672367,,29.1,0.0125451814685852,,False,False,4.22,Older (COICOP 1999) and current (COICOP 2018) figures for this country differ by up to 4.2 points (gap measured up to 2022).
Eurostat,BA,BIH,2014,2018,CP04,Housing & utilities (incl. imputed rent),3563.8,24235.6,14.704814405255082,43.81735958672367,6.147155424251928,14.7,0.0048144052550824,,False,False,,
Eurostat,BA,BIH,2015,2018,CP01,Food & non-alcoholic beverages,7061.8,24559.4,28.753959787291222,43.52305023738365,,28.8,-0.0460402127087782,,False,False,4.22,Older (COICOP 1999) and current (COICOP 2018) figures for this country differ by up to 4.2 points (gap measured up to 2022).
Eurostat,BA,BIH,2015,2018,CP04,Housing & utilities (incl. imputed rent),3627.2,24559.4,14.76909045009243,43.52305023738365,6.054301000838783,14.8,-0.0309095499075713,,False,False,,
Eurostat,BA,BIH,2016,2018,CP01,Food & non-alcoholic beverages,7012.1,24892.2,28.169868472854954,42.97089047974868,,28.2,-0.0301315271450448,,False,False,4.22,Older (COICOP 1999) and current (COICOP 2018) figures for this country differ by up to 4.2 points (gap measured up to 2022).
Eurostat,BA,BIH,2016,2018,CP04,Housing & utilities (incl. imputed rent),3684.3,24892.2,14.801022006893728,42.97089047974868,6.091064670860752,14.8,0.0010220068937272,,False,False,,
Eurostat,BA,BIH,2017,2018,CP01,Food & non-alcoholic beverages,7104.1,25593.9,27.757004598752044,42.735573710923305,,27.8,-0.0429954012479569,,False,False,4.22,Older (COICOP 1999) and current (COICOP 2018) figures for this country differ by up to 4.2 points (gap measured up to 2022).
Eurostat,BA,BIH,2017,2018,CP04,Housing & utilities (incl. imputed rent),3833.6,25593.9,14.978569112171256,42.735573710923305,6.300720093459769,15.0,-0.0214308878287425,,False,False,,
Eurostat,BA,BIH,2018,2018,CP01,Food & non-alcoholic beverages,7196.0,26475.3,27.1800508398394,42.19442272608809,,27.2,-0.0199491601605998,,False,False,4.22,Older (COICOP 1999) and current (COICOP 2018) figures for this country differ by up to 4.2 points (gap measured up to 2022).
Eurostat,BA,BIH,2018,2018,CP04,Housing & utilities (incl. imputed rent),3975.1,26475.3,15.014371886248693,42.19442272608809,6.341004634508391,15.0,0.0143718862486927,,False,False,,
Eurostat,BA,BIH,2019,2018,CP01,Food & non-alcoholic beverages,7529.2,27630.5,27.24959736523045,41.91599862470821,,27.2,0.0495973652304506,,False,False,4.22,Older (COICOP 1999) and current (COICOP 2018) figures for this country differ by up to 4.2 points (gap measured up to 2022).
Eurostat,BA,BIH,2019,2018,CP04,Housing & utilities (incl. imputed rent),4052.4,27630.5,14.666401259477752,41.91599862470821,6.187727330305279,14.7,-0.0335987405222475,,False,False,,
Eurostat,BA,BIH,2020,2018,CP01,Food & non-alcoholic beverages,7658.4,25642.6,29.865926232129347,45.75823044465069,,29.9,-0.0340737678706517,,False,False,4.22,Older (COICOP 1999) and current (COICOP 2018) figures for this country differ by up to 4.2 points (gap measured up to 2022).
Eurostat,BA,BIH,2020,2018,CP04,Housing & utilities (incl. imputed rent),4075.2,25642.6,15.892304212521353,45.75823044465069,6.736836358247604,15.9,-0.0076957874786476,,False,False,,
Eurostat,BA,BIH,2021,2018,CP01,Food & non-alcoholic beverages,8114.9,28345.6,28.62842910363513,43.45542165274329,,28.6,0.0284291036351334,,False,False,4.22,Older (COICOP 1999) and current (COICOP 2018) figures for this country differ by up to 4.2 points (gap measured up to 2022).
Eurostat,BA,BIH,2021,2018,CP04,Housing & utilities (incl. imputed rent),4202.8,28345.6,14.826992549108152,43.45542165274329,6.29656807405735,14.8,0.0269925491081526,,False,False,,
Eurostat,BA,BIH,2022,2018,CP01,Food & non-alcoholic beverages,9491.7,33325.8,28.481536827322973,42.38727952517269,,28.5,-0.018463172677027,,False,False,4.22,Older (COICOP 1999) and current (COICOP 2018) figures for this country differ by up to 4.2 points (gap measured up to 2022).
Eurostat,BA,BIH,2022,2018,CP04,Housing & utilities (incl. imputed rent),4634.2,33325.8,13.905742697849712,42.38727952517269,5.6742823878196464,13.9,0.0057426978497119,,False,False,,
Eurostat,BA,BIH,2023,2018,CP01,Food & non-alcoholic beverages,10808.6,37145.1,29.09831983222552,42.579505775997376,,29.1,-0.0016801677744844,,False,False,4.22,Older (COICOP 1999) and current (COICOP 2018) figures for this country differ by up to 4.2 points (gap measured up to 2022).
Eurostat,BA,BIH,2023,2018,CP04,Housing & utilities (incl. imputed rent),5007.6,37145.1,13.48118594377186,42.579505775997376,5.626044888827868,13.5,-0.0188140562281411,,False,False,,
Eurostat,BA,BIH,2024,2018,CP01,Food & non-alcoholic beverages,11419.4,39344.0,29.0245018300122,42.2890402602684,,29.0,0.0245018300122019,,False,False,4.22,Older (COICOP 1999) and current (COICOP 2018) figures for this country differ by up to 4.2 points (gap measured up to 2022).
Eurostat,BA,BIH,2024,2018,CP04,Housing & utilities (incl. imputed rent),5218.8,39344.0,13.2645384302562,42.2890402602684,5.485969906466043,13.3,-0.0354615697438003,,False,False,,
Eurostat,BA,BIH,2025,2018,CP01,Food & non-alcoholic beverages,,,,,,,,,False,False,4.22,Older (COICOP 1999) and current (COICOP 2018) figures for this country differ by up to 4.2 points (gap measured up to 2022).
Eurostat,BA,BIH,2025,2018,CP04,Housing & utilities (incl. imputed rent),,,,,,,,,False,False,,
OECD,CAN,CAN,1981,1999,CP01,Food & non-alcoholic beverages,26177.0,189606.0,13.80599770049471,34.95300781620835,,,,,False,False,,
OECD,CAN,CAN,1981,1999,CP04,Housing & utilities (incl. imputed rent),40096.0,189606.0,21.14701011571364,34.95300781620835,12.021771462928388,,,,False,False,,
OECD,CAN,CAN,1982,1999,CP01,Food & non-alcoholic beverages,28095.0,203194.0,13.826687795899486,36.34457710365464,,,,,False,False,,
OECD,CAN,CAN,1982,1999,CP04,Housing & utilities (incl. imputed rent),45755.0,203194.0,22.51788930775515,36.34457710365464,12.7060838410583,,,,False,False,,
OECD,CAN,CAN,1983,1999,CP01,Food & non-alcoholic beverages,29264.0,222346.0,13.161469061732614,35.85402930567674,,,,,False,False,,
OECD,CAN,CAN,1983,1999,CP04,Housing & utilities (incl. imputed rent),50456.0,222346.0,22.69256024394412,35.85402930567674,12.951885799609617,,,,False,False,,
OECD,CAN,CAN,1984,1999,CP01,Food & non-alcoholic beverages,31391.0,242020.0,12.9704156681266,35.45492108090241,,,,,False,False,,
OECD,CAN,CAN,1984,1999,CP04,Housing & utilities (incl. imputed rent),54417.0,242020.0,22.484505412775803,35.45492108090241,12.890257003553426,,,,False,False,,
OECD,CAN,CAN,1985,1999,CP01,Food & non-alcoholic beverages,32774.0,263986.0,12.415052313380254,34.59691044222042,,,,,False,False,,
OECD,CAN,CAN,1985,1999,CP04,Housing & utilities (incl. imputed rent),58557.0,263986.0,22.181858128840165,34.59691044222042,12.75332782799088,,,,False,False,,
OECD,CAN,CAN,1986,1999,CP01,Food & non-alcoholic beverages,34600.0,286198.0,12.089532421610214,33.96005562582548,,,,,False,False,,
OECD,CAN,CAN,1986,1999,CP04,Housing & utilities (incl. imputed rent),62593.0,286198.0,21.870523204215264,33.96005562582548,12.818398451421745,,,,False,False,,
OECD,CAN,CAN,1987,1999,CP01,Food & non-alcoholic beverages,36652.0,308276.0,11.8893459108072,33.61727802358925,,,,,False,False,,
OECD,CAN,CAN,1987,1999,CP04,Housing & utilities (incl. imputed rent),66982.0,308276.0,21.727932112782053,33.61727802358925,12.963383461573391,,,,False,False,,
OECD,CAN,CAN,1988,1999,CP01,Food & non-alcoholic beverages,37932.0,333195.0,11.384324494665286,33.47139062711025,,,,,False,False,,
OECD,CAN,CAN,1988,1999,CP04,Housing & utilities (incl. imputed rent),73593.0,333195.0,22.087066132444967,33.47139062711025,13.174867570041568,,,,False,False,,
OECD,CAN,CAN,1989,1999,CP01,Food & non-alcoholic beverages,39773.0,358061.0,11.107883852192783,33.77525058579404,,,,,False,False,,
OECD,CAN,CAN,1989,1999,CP04,Housing & utilities (incl. imputed rent),81163.0,358061.0,22.667366733601256,33.77525058579404,13.589304615693973,,,,False,False,,
OECD,CAN,CAN,1990,1999,CP01,Food & non-alcoholic beverages,41953.0,375245.0,11.18016229396794,34.55475755839518,,,,,False,False,,
OECD,CAN,CAN,1990,1999,CP04,Housing & utilities (incl. imputed rent),87712.0,375245.0,23.37459526442724,34.55475755839518,14.046556249916724,,,,False,False,,
OECD,CAN,CAN,1991,1999,CP01,Food & non-alcoholic beverages,43421.0,387982.0,11.191498574676146,35.52355521647911,,,,,False,False,,
OECD,CAN,CAN,1991,1999,CP04,Housing & utilities (incl. imputed rent),94404.0,387982.0,24.33205664180297,35.52355521647911,14.564850946693404,,,,False,False,,
OECD,CAN,CAN,1992,1999,CP01,Food & non-alcoholic beverages,43402.0,399989.0,10.850798396955916,35.784234066436824,,,,,False,False,,
OECD,CAN,CAN,1992,1999,CP04,Housing & utilities (incl. imputed rent),99731.0,399989.0,24.93343566948091,35.784234066436824,14.987912167584607,,,,False,False,,
OECD,CAN,CAN,1993,1999,CP01,Food & non-alcoholic beverages,45009.0,416354.0,10.810272028129909,35.947294850055485,,,,,False,False,,
OECD,CAN,CAN,1993,1999,CP04,Housing & utilities (incl. imputed rent),104659.0,416354.0,25.137022821925576,35.947294850055485,15.07323095250676,,,,False,False,,
OECD,CAN,CAN,1994,1999,CP01,Food & non-alcoholic beverages,45783.0,436055.0,10.499363612388349,35.68930524819117,,,,,False,False,,
OECD,CAN,CAN,1994,1999,CP04,Housing & utilities (incl. imputed rent),109842.0,436055.0,25.18994163580282,35.68930524819117,15.251057779408562,,,,False,False,,
OECD,CAN,CAN,1995,1999,CP01,Food & non-alcoholic beverages,47390.0,452872.0,10.464325460615804,35.45836351110248,,,,,False,False,,
OECD,CAN,CAN,1995,1999,CP04,Housing & utilities (incl. imputed rent),113191.0,452872.0,24.994038050486672,35.45836351110248,15.33501740006006,,,,False,False,,
OECD,CAN,CAN,1996,1999,CP01,Food & non-alcoholic beverages,48703.0,473359.0,10.288808282931136,35.05669058790474,,,,,False,False,,
OECD,CAN,CAN,1996,1999,CP04,Housing & utilities (incl. imputed rent),117241.0,473359.0,24.767882304973604,35.05669058790474,15.159952594119895,,,,False,False,,
OECD,CAN,CAN,1997,1999,CP01,Food & non-alcoholic beverages,50289.0,503213.0,9.993581246907372,33.943081756631884,,,,,False,False,,
OECD,CAN,CAN,1997,1999,CP04,Housing & utilities (incl. imputed rent),120517.0,503213.0,23.949500509724512,33.943081756631884,14.721599004795186,,,,False,False,,
OECD,CAN,CAN,1998,1999,CP01,Food & non-alcoholic beverages,52125.0,526056.0,9.908640905150785,33.347020089115986,,,,,False,False,,
OECD,CAN,CAN,1998,1999,CP04,Housing & utilities (incl. imputed rent),123299.0,526056.0,23.438379183965203,33.347020089115986,14.589701476648871,,,,False,False,,
OECD,CAN,CAN,1999,1999,CP01,Food & non-alcoholic beverages,53935.0,555384.0,9.711298849084598,32.76525791164311,,,,,False,False,,
OECD,CAN,CAN,1999,1999,CP04,Housing & utilities (incl. imputed rent),128038.0,555384.0,23.05395906255852,32.76525791164311,14.28651167480518,,,,False,False,,
OECD,CAN,CAN,2000,1999,CP01,Food & non-alcoholic beverages,56513.0,590555.0,9.569472784075996,32.3526174530738,,,,,False,False,,
OECD,CAN,CAN,2000,1999,CP04,Housing & utilities (incl. imputed rent),134547.0,590555.0,22.783144668997807,32.3526174530738,13.984472233746224,,,,False,False,,
OECD,CAN,CAN,2001,1999,CP01,Food & non-alcoholic beverages,59751.0,616324.0,9.694738481707674,32.406007229963464,,,,,False,False,,
OECD,CAN,CAN,2001,1999,CP04,Housing & utilities (incl. imputed rent),139975.0,616324.0,22.711268748255787,32.406007229963464,13.955971209948014,,,,False,False,,
OECD,CAN,CAN,2002,1999,CP01,Food & non-alcoholic beverages,62288.0,653348.0,9.533663530002388,31.888212713592143,,,,,False,False,,
OECD,CAN,CAN,2002,1999,CP04,Housing & utilities (incl. imputed rent),146053.0,653348.0,22.35454918358976,31.888212713592143,13.82310805267637,,,,False,False,,
OECD,CAN,CAN,2003,1999,CP01,Food & non-alcoholic beverages,64659.0,679663.0,9.5133911953424,32.1815370264381,,,,,False,False,,
OECD,CAN,CAN,2003,1999,CP04,Housing & utilities (incl. imputed rent),154067.0,679663.0,22.668145831095703,32.1815370264381,13.89791705595273,,,,False,False,,
OECD,CAN,CAN,2004,1999,CP01,Food & non-alcoholic beverages,67065.0,711624.0,9.42421840747361,32.055130237316334,,,,,False,False,,
OECD,CAN,CAN,2004,1999,CP04,Housing & utilities (incl. imputed rent),161047.0,711624.0,22.630911829842727,32.055130237316334,13.92757973311749,,,,False,False,,
OECD,CAN,CAN,2005,1999,CP01,Food & non-alcoholic beverages,69294.0,748603.0,9.256441665341978,31.855736618741844,,,,,False,False,,
OECD,CAN,CAN,2005,1999,CP04,Housing & utilities (incl. imputed rent),169179.0,748603.0,22.599294953399863,31.855736618741844,13.86355651794075,,,,False,False,,
OECD,CAN,CAN,2006,1999,CP01,Food & non-alcoholic beverages,72187.0,787725.0,9.163984893205116,31.718048811450693,,,,,False,False,,
OECD,CAN,CAN,2006,1999,CP04,Housing & utilities (incl. imputed rent),177664.0,787725.0,22.554063918245586,31.718048811450693,13.941921355803103,,,,False,False,,
OECD,CAN,CAN,2007,1999,CP01,Food & non-alcoholic beverages,75232.0,832791.0,9.033719144419187,31.718522414387284,,,,,False,False,,
OECD,CAN,CAN,2007,1999,CP04,Housing & utilities (incl. imputed rent),188917.0,832791.0,22.684803269968096,31.718522414387284,14.081083969447317,,,,False,False,,
OECD,CAN,CAN,2008,1999,CP01,Food & non-alcoholic beverages,79281.0,866620.0,9.148300293092705,32.31035517297085,,,,,False,False,,
OECD,CAN,CAN,2008,1999,CP04,Housing & utilities (incl. imputed rent),200727.0,866620.0,23.16205487987815,32.31035517297085,14.37458170824583,,,,False,False,,
OECD,CAN,CAN,2009,1999,CP01,Food & non-alcoholic beverages,84033.0,868311.0,9.677753708060822,33.44343213433896,,,,,False,False,,
OECD,CAN,CAN,2009,1999,CP04,Housing & utilities (incl. imputed rent),206360.0,868311.0,23.765678426278143,33.44343213433896,15.05105889479691,,,,False,False,,
OECD,CAN,CAN,2010,1999,CP01,Food & non-alcoholic beverages,86079.0,911430.0,9.44438958559626,33.04784788738576,,,,,False,False,,
OECD,CAN,CAN,2010,1999,CP04,Housing & utilities (incl. imputed rent),215129.0,911430.0,23.60345830178949,33.04784788738576,14.986449864498644,,,,False,False,,
OECD,CAN,CAN,2011,1999,CP01,Food & non-alcoholic beverages,88885.0,950634.0,9.350075844120871,33.019016782484115,,,,,False,False,,
OECD,CAN,CAN,2011,1999,CP04,Housing & utilities (incl. imputed rent),225005.0,950634.0,23.66894093836324,33.019016782484115,15.014190529688609,,,,False,False,,
OECD,CAN,CAN,2012,1999,CP01,Food & non-alcoholic beverages,91453.0,980661.0,9.325648720607834,33.1566157928173,,,,,False,False,,
OECD,CAN,CAN,2012,1999,CP04,Housing & utilities (incl. imputed rent),233701.0,980661.0,23.830967072209457,33.1566157928173,15.23778349501,,,,False,False,,
OECD,CAN,CAN,2013,1999,CP01,Food & non-alcoholic beverages,94295.0,1020292.0,9.24196210496603,33.289489675504655,,,,,False,False,,
OECD,CAN,CAN,2013,1999,CP04,Housing & utilities (incl. imputed rent),245355.0,1020292.0,24.04752757053863,33.289489675504655,15.375598358117088,,,,False,False,,
OECD,CAN,CAN,2014,1999,CP01,Food & non-alcoholic beverages,98402.0,1068624.0,9.208290287322765,33.33557921214571,,,,,False,False,,
OECD,CAN,CAN,2014,1999,CP04,Housing & utilities (incl. imputed rent),257830.0,1068624.0,24.127288924822956,33.33557921214571,15.374163410142389,,,,False,False,,
OECD,CAN,CAN,2015,1999,CP01,Food & non-alcoholic beverages,102409.0,1104700.0,9.270299628858512,33.50167466280438,,,,,False,False,,
OECD,CAN,CAN,2015,1999,CP04,Housing & utilities (incl. imputed rent),267684.0,1104700.0,24.231375033945863,33.50167466280438,15.523581062731964,,,,False,False,,
OECD,CAN,CAN,2016,1999,CP01,Food & non-alcoholic beverages,104944.0,1141037.0,9.19724776672448,33.43230762893754,,,,,False,False,,
OECD,CAN,CAN,2016,1999,CP04,Housing & utilities (incl. imputed rent),276531.0,1141037.0,24.235059862213056,33.43230762893754,15.591518942856366,,,,False,False,,
OECD,CAN,CAN,2017,1999,CP01,Food & non-alcoholic beverages,108692.0,1197297.0,9.078115120976667,32.99106236798388,,,,,False,False,,
OECD,CAN,CAN,2017,1999,CP04,Housing & utilities (incl. imputed rent),286309.0,1197297.0,23.912947247007217,32.99106236798388,15.408875157959972,,,,False,False,,
OECD,CAN,CAN,2018,1999,CP01,Food & non-alcoholic beverages,113048.0,1250934.0,9.037087488228796,32.87527559407611,,,,,False,False,,
OECD,CAN,CAN,2018,1999,CP04,Housing & utilities (incl. imputed rent),298200.0,1250934.0,23.838188105847312,32.87527559407611,15.364199869857242,,,,False,False,,
OECD,CAN,CAN,2019,1999,CP01,Food & non-alcoholic beverages,117486.0,1293556.0,9.082405400307367,33.321557010287925,,,,,False,False,,
OECD,CAN,CAN,2019,1999,CP04,Housing & utilities (incl. imputed rent),313547.0,1293556.0,24.23915160998055,33.321557010287925,15.661401593746232,,,,False,False,,
OECD,CAN,CAN,2020,1999,CP01,Food & non-alcoholic beverages,129284.0,1228469.0,10.52399368645037,37.084533675656445,,,,,False,False,,
OECD,CAN,CAN,2020,1999,CP04,Housing & utilities (incl. imputed rent),326288.0,1228469.0,26.56053998920608,37.084533675656445,17.185781651795853,,,,False,False,,
OECD,CAN,CAN,2021,1999,CP01,Food & non-alcoholic beverages,131991.0,1345505.0,9.80977402536594,35.18901824965347,,,,,False,False,,
OECD,CAN,CAN,2021,1999,CP04,Housing & utilities (incl. imputed rent),341479.0,1345505.0,25.37924422428753,35.18901824965347,16.3601027123645,,,,False,False,,
OECD,CAN,CAN,2022,1999,CP01,Food & non-alcoholic beverages,143379.0,1519559.0,9.43556650317625,33.70655565200167,,,,,False,False,,
OECD,CAN,CAN,2022,1999,CP04,Housing & utilities (incl. imputed rent),368812.0,1519559.0,24.270989148825414,33.70655565200167,15.526741640173231,,,,False,False,,
OECD,CAN,CAN,2023,1999,CP01,Food & non-alcoholic beverages,154894.0,1615602.0,9.587386002245603,34.11657078909286,,,,,False,False,,
OECD,CAN,CAN,2023,1999,CP04,Housing & utilities (incl. imputed rent),396294.0,1615602.0,24.529184786847257,34.11657078909286,15.837563954488791,,,,False,False,,
OECD,CAN,CAN,2024,1999,CP01,Food & non-alcoholic beverages,160508.0,1695130.0,9.46877230654876,34.998259720493415,,,,,False,False,,
OECD,CAN,CAN,2024,1999,CP04,Housing & utilities (incl. imputed rent),432758.0,1695130.0,25.52948741394465,34.998259720493415,16.60792977529747,,,,False,False,,
OECD,CAN,CAN,2025,1999,CP01,Food & non-alcoholic beverages,168680.0,1776798.0,9.493482095319782,35.64372539816006,,,,,False,False,,
OECD,CAN,CAN,2025,1999,CP04,Housing & utilities (incl. imputed rent),464637.0,1776798.0,26.15024330284028,35.64372539816006,17.053486102528257,,,,False,False,,
Eurostat,CH,CHE,1995,2018,CP01,Food & non-alcoholic beverages,22281.1,225657.4,9.87386188088669,33.193017379443354,,9.9,-0.0261381191133107,,False,False,,
Eurostat,CH,CHE,1995,2018,CP04,Housing & utilities (incl. imputed rent),52621.4,225657.4,23.31915549855666,33.193017379443354,,23.3,0.0191554985566604,,False,False,,
Eurostat,CH,CHE,1996,2018,CP01,Food & non-alcoholic beverages,22116.3,229967.5,9.617141552610695,33.246610934153736,,9.6,0.0171415526106955,,False,False,,
Eurostat,CH,CHE,1996,2018,CP04,Housing & utilities (incl. imputed rent),54340.1,229967.5,23.629469381543046,33.246610934153736,,23.6,0.0294693815430449,,False,False,,
Eurostat,CH,CHE,1997,2018,CP01,Food & non-alcoholic beverages,22338.7,236095.1,9.46173808774515,32.636467254085325,,9.5,-0.0382619122548497,,False,False,,
Eurostat,CH,CHE,1997,2018,CP04,Housing & utilities (incl. imputed rent),54714.4,236095.1,23.17472916634017,32.636467254085325,,23.2,-0.0252708336598246,,False,False,,
Eurostat,CH,CHE,1998,2018,CP01,Food & non-alcoholic beverages,22725.8,241707.3,9.402198444151251,32.153683401370174,,9.4,0.0021984441512525,,False,False,,
Eurostat,CH,CHE,1998,2018,CP04,Housing & utilities (incl. imputed rent),54992.0,241707.3,22.75148495721892,32.153683401370174,,22.8,-0.0485150427810836,,False,False,,
Eurostat,CH,CHE,1999,2018,CP01,Food & non-alcoholic beverages,23202.5,248803.2,9.32564372162416,31.96518372754048,,9.3,0.0256437216241582,,False,False,,
Eurostat,CH,CHE,1999,2018,CP04,Housing & utilities (incl. imputed rent),56327.9,248803.2,22.639540005916324,31.96518372754048,,22.6,0.0395400059163222,,False,False,,
Eurostat,CH,CHE,2000,2018,CP01,Food & non-alcoholic beverages,23792.0,257997.1,9.22180908235015,31.87880794008925,,9.2,0.0218090823501508,,False,False,,
Eurostat,CH,CHE,2000,2018,CP04,Housing & utilities (incl. imputed rent),58454.4,257997.1,22.6569988577391,31.87880794008925,,22.7,-0.0430011422608984,,False,False,,
Eurostat,CH,CHE,2001,2018,CP01,Food & non-alcoholic beverages,25096.6,265759.1,9.443364310008576,32.33266518437187,,9.4,0.0433643100085756,,False,False,,
Eurostat,CH,CHE,2001,2018,CP04,Housing & utilities (incl. imputed rent),60830.4,265759.1,22.88930087436329,32.33266518437187,,22.9,-0.0106991256367088,,False,False,,
Eurostat,CH,CHE,2002,2018,CP01,Food & non-alcoholic beverages,25416.2,264234.0,9.618822710173555,32.93872098215975,,9.6,0.0188227101735574,,False,False,,
Eurostat,CH,CHE,2002,2018,CP04,Housing & utilities (incl. imputed rent),61619.1,264234.0,23.319898271986197,32.93872098215975,,23.3,0.019898271986193,,False,False,,
Eurostat,CH,CHE,2003,2018,CP01,Food & non-alcoholic beverages,25883.9,267738.3,9.667611992755614,33.009696408769315,,9.7,-0.0323880072443856,,False,False,,
Eurostat,CH,CHE,2003,2018,CP04,Housing & utilities (incl. imputed rent),62495.7,267738.3,23.342084416013694,33.009696408769315,,23.3,0.0420844160136972,,False,False,,
Eurostat,CH,CHE,2004,2018,CP01,Food & non-alcoholic beverages,25865.3,274292.2,9.429834315376082,32.846504567027424,,9.4,0.0298343153760818,,False,False,,
Eurostat,CH,CHE,2004,2018,CP04,Housing & utilities (incl. imputed rent),64230.1,274292.2,23.41667025165134,32.846504567027424,,23.4,0.016670251651341,,False,False,,
Eurostat,CH,CHE,2005,2018,CP01,Food & non-alcoholic beverages,26360.7,282089.8,9.3447902051049,33.055005888195886,,9.3,0.0447902051048991,,False,False,,
Eurostat,CH,CHE,2005,2018,CP04,Housing & utilities (incl. imputed rent),66884.1,282089.8,23.71021568309099,33.055005888195886,,23.7,0.0102156830909905,,False,False,,
Eurostat,CH,CHE,2006,2018,CP01,Food & non-alcoholic beverages,26961.8,291321.2,9.255007874469827,32.99698065228346,,9.3,-0.0449921255301717,,False,False,,
Eurostat,CH,CHE,2006,2018,CP04,Housing & utilities (incl. imputed rent),69165.4,291321.2,23.74197277781363,32.99698065228346,,23.7,0.0419727778136298,,False,False,,
Eurostat,CH,CHE,2007,2018,CP01,Food & non-alcoholic beverages,27458.4,302649.9,9.072661183763811,32.47422186493371,,9.1,-0.0273388162361865,,False,False,,
Eurostat,CH,CHE,2007,2018,CP04,Housing & utilities (incl. imputed rent),70824.8,302649.9,23.40156068116989,32.47422186493371,,23.4,0.0015606811698916,,False,False,,
Eurostat,CH,CHE,2008,2018,CP01,Food & non-alcoholic beverages,29154.3,313667.7,9.294645256747826,33.37949683693922,,9.3,-0.0053547432521749,,False,False,,
Eurostat,CH,CHE,2008,2018,CP04,Housing & utilities (incl. imputed rent),75546.4,313667.7,24.08485158019139,33.37949683693922,,24.1,-0.0151484198086109,,False,False,,
Eurostat,CH,CHE,2009,2018,CP01,Food & non-alcoholic beverages,29657.6,314776.2,9.421805079291254,33.583352235651866,,9.4,0.0218050792912531,,False,False,,
Eurostat,CH,CHE,2009,2018,CP04,Housing & utilities (incl. imputed rent),76054.8,314776.2,24.16154715636061,33.583352235651866,,24.2,-0.0384528436393871,,False,False,,
Eurostat,CH,CHE,2010,2018,CP01,Food & non-alcoholic beverages,29336.2,322392.9,9.099518010477276,33.53674972370669,,9.1,-0.0004819895227221,,False,False,,
Eurostat,CH,CHE,2010,2018,CP04,Housing & utilities (incl. imputed rent),78783.9,322392.9,24.43723171322941,33.53674972370669,,24.4,0.0372317132294135,,False,False,,
Eurostat,CH,CHE,2011,2018,CP01,Food & non-alcoholic beverages,29037.3,324655.1,8.944045542484933,33.641393589689486,,8.9,0.0440455424849322,,False,False,,
Eurostat,CH,CHE,2011,2018,CP04,Housing & utilities (incl. imputed rent),80181.2,324655.1,24.69734804720456,33.641393589689486,,24.7,-0.0026519527954427,,False,False,,
Eurostat,CH,CHE,2012,2018,CP01,Food & non-alcoholic beverages,28450.1,326486.9,8.714009658580482,33.71636044202692,,8.7,0.0140096585804823,,False,False,,
Eurostat,CH,CHE,2012,2018,CP04,Housing & utilities (incl. imputed rent),81629.4,326486.9,25.00235078344644,33.71636044202692,,25.0,0.0023507834464382,,False,False,,
Eurostat,CH,CHE,2013,2018,CP01,Food & non-alcoholic beverages,29332.5,332120.2,8.83189279062219,33.86674463040791,,8.8,0.031892790622189,,False,False,,
Eurostat,CH,CHE,2013,2018,CP04,Housing & utilities (incl. imputed rent),83145.8,332120.2,25.03485183978572,33.86674463040791,,25.0,0.0348518397857162,,False,False,,
Eurostat,CH,CHE,2014,2018,CP01,Food & non-alcoholic beverages,30049.1,334590.3,8.980864059717213,34.11318259973466,,9.0,-0.019135940282787,,False,False,,
Eurostat,CH,CHE,2014,2018,CP04,Housing & utilities (incl. imputed rent),84090.3,334590.3,25.13231854001745,34.11318259973466,,25.1,0.0323185400174494,,False,False,,
Eurostat,CH,CHE,2015,2018,CP01,Food & non-alcoholic beverages,30210.3,337177.2,8.959769521782611,34.260916811694266,,9.0,-0.0402304782173885,,False,False,,
Eurostat,CH,CHE,2015,2018,CP04,Housing & utilities (incl. imputed rent),85309.7,337177.2,25.30114728991165,34.260916811694266,,25.3,0.0011472899116498,,False,False,,
Eurostat,CH,CHE,2016,2018,CP01,Food & non-alcoholic beverages,30565.8,340081.9,8.987776179796688,34.66376775711968,,9.0,-0.012223820203312,,False,False,,
Eurostat,CH,CHE,2016,2018,CP04,Housing & utilities (incl. imputed rent),87319.4,340081.9,25.67599157732299,34.66376775711968,,25.7,-0.02400842267701,,False,False,,
Eurostat,CH,CHE,2017,2018,CP01,Food & non-alcoholic beverages,30976.2,346735.2,8.933676188630402,34.41029350351507,,8.9,0.0336761886304017,,False,False,,
Eurostat,CH,CHE,2017,2018,CP04,Housing & utilities (incl. imputed rent),88336.4,346735.2,25.47661731488467,34.41029350351507,,25.5,-0.0233826851153295,,False,False,,
Eurostat,CH,CHE,2018,2018,CP01,Food & non-alcoholic beverages,31746.6,352596.1,9.003673041193592,34.50282064946266,,9.0,0.0036730411935916,,False,False,,
Eurostat,CH,CHE,2018,2018,CP04,Housing & utilities (incl. imputed rent),89909.0,352596.1,25.49914760826907,34.50282064946266,,25.5,-0.0008523917309304,,False,False,,
Eurostat,CH,CHE,2019,2018,CP01,Food & non-alcoholic beverages,32446.2,356821.1,9.093128181040864,34.91399471611965,,9.1,-0.0068718189591354,,False,False,,
Eurostat,CH,CHE,2019,2018,CP04,Housing & utilities (incl. imputed rent),92134.3,356821.1,25.820866535078785,34.91399471611965,,25.8,0.0208665350787846,,False,False,,
Eurostat,CH,CHE,2020,2018,CP01,Food & non-alcoholic beverages,34824.0,341281.7,10.20388728724687,37.56998983537647,,10.2,0.0038872872468704,,False,False,,
Eurostat,CH,CHE,2020,2018,CP04,Housing & utilities (incl. imputed rent),93395.5,341281.7,27.3661025481296,37.56998983537647,,27.4,-0.033897451870402,,False,False,,
Eurostat,CH,CHE,2021,2018,CP01,Food & non-alcoholic beverages,35553.1,350769.2,10.135753082083603,37.61863926479292,,10.1,0.0357530820836036,,False,False,,
Eurostat,CH,CHE,2021,2018,CP04,Housing & utilities (incl. imputed rent),96401.5,350769.2,27.482886182709315,37.61863926479292,,27.5,-0.017113817290685,,False,False,,
Eurostat,CH,CHE,2022,2018,CP01,Food & non-alcoholic beverages,33814.9,373625.8,9.05047242454884,35.48775271943212,,9.1,-0.0495275754511599,p,False,False,,
Eurostat,CH,CHE,2022,2018,CP04,Housing & utilities (incl. imputed rent),98776.5,373625.8,26.43728029488328,35.48775271943212,,26.4,0.0372802948832777,p,False,False,,
Eurostat,CH,CHE,2023,2018,CP01,Food & non-alcoholic beverages,34457.3,389630.8,8.84357704781039,35.416630307460295,,8.8,0.0435770478103894,p,False,False,,
Eurostat,CH,CHE,2023,2018,CP04,Housing & utilities (incl. imputed rent),103536.8,389630.8,26.573053259649903,35.416630307460295,,26.6,-0.0269467403500982,p,False,False,,
Eurostat,CH,CHE,2024,2018,CP01,Food & non-alcoholic beverages,35568.9,401580.1,8.85723670072297,35.82807016582744,,8.9,-0.0427632992770306,p,False,False,,
Eurostat,CH,CHE,2024,2018,CP04,Housing & utilities (incl. imputed rent),108309.5,401580.1,26.97083346510447,35.82807016582744,,27.0,-0.0291665348955305,p,False,False,,
Eurostat,CH,CHE,2025,2018,CP01,Food & non-alcoholic beverages,,,,,,,,,False,False,,
Eurostat,CH,CHE,2025,2018,CP04,Housing & utilities (incl. imputed rent),,,,,,,,,False,False,,
OECD,CHL,CHL,1995,1999,CP01,Food & non-alcoholic beverages,,,,,,,,,False,False,,
OECD,CHL,CHL,1995,1999,CP04,Housing & utilities (incl. imputed rent),,,,,,,,,False,False,,
OECD,CHL,CHL,1996,1999,CP01,Food & non-alcoholic beverages,,,,,,,,,False,False,,
OECD,CHL,CHL,1996,1999,CP04,Housing & utilities (incl. imputed rent),,,,,,,,,False,False,,
OECD,CHL,CHL,1997,1999,CP01,Food & non-alcoholic beverages,,,,,,,,,False,False,,
OECD,CHL,CHL,1997,1999,CP04,Housing & utilities (incl. imputed rent),,,,,,,,,False,False,,
OECD,CHL,CHL,1998,1999,CP01,Food & non-alcoholic beverages,,,,,,,,,False,False,,
OECD,CHL,CHL,1998,1999,CP04,Housing & utilities (incl. imputed rent),,,,,,,,,False,False,,
OECD,CHL,CHL,1999,1999,CP01,Food & non-alcoholic beverages,,,,,,,,,False,False,,
OECD,CHL,CHL,1999,1999,CP04,Housing & utilities (incl. imputed rent),,,,,,,,,False,False,,
OECD,CHL,CHL,2000,1999,CP01,Food & non-alcoholic beverages,,,,,,,,,False,False,,
OECD,CHL,CHL,2000,1999,CP04,Housing & utilities (incl. imputed rent),,,,,,,,,False,False,,
OECD,CHL,CHL,2001,1999,CP01,Food & non-alcoholic beverages,,,,,,,,,False,False,,
OECD,CHL,CHL,2001,1999,CP04,Housing & utilities (incl. imputed rent),,,,,,,,,False,False,,
OECD,CHL,CHL,2002,1999,CP01,Food & non-alcoholic beverages,,,,,,,,,False,False,,
OECD,CHL,CHL,2002,1999,CP04,Housing & utilities (incl. imputed rent),,,,,,,,,False,False,,
OECD,CHL,CHL,2003,1999,CP01,Food & non-alcoholic beverages,,,,,,,,,False,False,,
OECD,CHL,CHL,2003,1999,CP04,Housing & utilities (incl. imputed rent),,,,,,,,,False,False,,
OECD,CHL,CHL,2004,1999,CP01,Food & non-alcoholic beverages,,,,,,,,,False,False,,
OECD,CHL,CHL,2004,1999,CP04,Housing & utilities (incl. imputed rent),,,,,,,,,False,False,,
OECD,CHL,CHL,2005,1999,CP01,Food & non-alcoholic beverages,,,,,,,,,False,False,,
OECD,CHL,CHL,2005,1999,CP04,Housing & utilities (incl. imputed rent),,,,,,,,,False,False,,
OECD,CHL,CHL,2006,1999,CP01,Food & non-alcoholic beverages,,,,,,,,,False,False,,
OECD,CHL,CHL,2006,1999,CP04,Housing & utilities (incl. imputed rent),,,,,,,,,False,False,,
OECD,CHL,CHL,2007,1999,CP01,Food & non-alcoholic beverages,,,,,,,,,False,False,,
OECD,CHL,CHL,2007,1999,CP04,Housing & utilities (incl. imputed rent),,,,,,,,,False,False,,
OECD,CHL,CHL,2008,1999,CP01,Food & non-alcoholic beverages,,,,,,,,,False,False,,
OECD,CHL,CHL,2008,1999,CP04,Housing & utilities (incl. imputed rent),,,,,,,,,False,False,,
OECD,CHL,CHL,2009,1999,CP01,Food & non-alcoholic beverages,,,,,,,,,False,False,,
OECD,CHL,CHL,2009,1999,CP04,Housing & utilities (incl. imputed rent),,,,,,,,,False,False,,
OECD,CHL,CHL,2010,1999,CP01,Food & non-alcoholic beverages,,,,,,,,,False,False,,
OECD,CHL,CHL,2010,1999,CP04,Housing & utilities (incl. imputed rent),,,,,,,,,False,False,,
OECD,CHL,CHL,2011,1999,CP01,Food & non-alcoholic beverages,,,,,,,,,False,False,,
OECD,CHL,CHL,2011,1999,CP04,Housing & utilities (incl. imputed rent),,,,,,,,,False,False,,
OECD,CHL,CHL,2012,1999,CP01,Food & non-alcoholic beverages,,,,,,,,,False,False,,
OECD,CHL,CHL,2012,1999,CP04,Housing & utilities (incl. imputed rent),,,,,,,,,False,False,,
OECD,CHL,CHL,2013,1999,CP01,Food & non-alcoholic beverages,,83590194.086,,,,,,,False,False,,
OECD,CHL,CHL,2013,1999,CP04,Housing & utilities (incl. imputed rent),,83590194.086,,,,,,,False,False,,
OECD,CHL,CHL,2014,1999,CP01,Food & non-alcoholic beverages,,90813804.707,,,,,,,False,False,,
OECD,CHL,CHL,2014,1999,CP04,Housing & utilities (incl. imputed rent),,90813804.707,,,,,,,False,False,,
OECD,CHL,CHL,2015,1999,CP01,Food & non-alcoholic beverages,,98467703.425,,,,,,,False,False,,
OECD,CHL,CHL,2015,1999,CP04,Housing & utilities (incl. imputed rent),,98467703.425,,,,,,,False,False,,
OECD,CHL,CHL,2016,1999,CP01,Food & non-alcoholic beverages,,105430917.459,,,,,,,False,False,,
OECD,CHL,CHL,2016,1999,CP04,Housing & utilities (incl. imputed rent),,105430917.459,,,,,,,False,False,,
OECD,CHL,CHL,2017,1999,CP01,Food & non-alcoholic beverages,,112000103.59,,,,,,,False,False,,
OECD,CHL,CHL,2017,1999,CP04,Housing & utilities (incl. imputed rent),,112000103.59,,,,,,,False,False,,
OECD,CHL,CHL,2018,1999,CP01,Food & non-alcoholic beverages,21118596.264,118015673.786,17.894738543199555,32.37900340364202,,,,,False,False,,
OECD,CHL,CHL,2018,1999,CP04,Housing & utilities (incl. imputed rent),17093702.768,118015673.786,14.484264860442458,32.37900340364202,,,,,False,False,,
OECD,CHL,CHL,2019,1999,CP01,Food & non-alcoholic beverages,21732345.447,120583584.253,18.022640131017106,33.049740365474754,,,,,False,False,,
OECD,CHL,CHL,2019,1999,CP04,Housing & utilities (incl. imputed rent),18120216.072,120583584.253,15.027100234457649,33.049740365474754,,,,,False,False,,
OECD,CHL,CHL,2020,1999,CP01,Food & non-alcoholic beverages,24087939.657,117631369.846,20.477479509535016,37.38318323723519,,,,,False,False,,
OECD,CHL,CHL,2020,1999,CP04,Housing & utilities (incl. imputed rent),19886410.877,117631369.846,16.905703727700175,37.38318323723519,,,,,False,False,,
OECD,CHL,CHL,2021,1999,CP01,Food & non-alcoholic beverages,29185983.958,148509667.047,19.65258190819544,35.078134555721064,,,,,False,False,,
OECD,CHL,CHL,2021,1999,CP04,Housing & utilities (incl. imputed rent),22908436.877,148509667.047,15.425552647525626,35.078134555721064,,,,,False,False,,
OECD,CHL,CHL,2022,1999,CP01,Food & non-alcoholic beverages,33333873.113,166581893.431,20.01050199781001,35.0848045914477,,,,,False,False,,
OECD,CHL,CHL,2022,1999,CP04,Housing & utilities (incl. imputed rent),25111058.682,166581893.431,15.074302593637686,35.0848045914477,,,,,False,False,,
OECD,CHL,CHL,2023,1999,CP01,Food & non-alcoholic beverages,36093767.829,170267058.963,21.198326939354363,36.73227296807361,,,,,False,False,,
OECD,CHL,CHL,2023,1999,CP04,Housing & utilities (incl. imputed rent),26449193.044,170267058.963,15.533946028719248,36.73227296807361,,,,,False,False,,
OECD,CHL,CHL,2024,1999,CP01,Food & non-alcoholic beverages,38926759.086,181131353.288,21.49090059748309,37.088788865936586,,,,,False,False,,
OECD,CHL,CHL,2024,1999,CP04,Housing & utilities (incl. imputed rent),28252666.105,181131353.288,15.597888268453492,37.088788865936586,,,,,False,False,,
OECD,CHL,CHL,2025,1999,CP01,Food & non-alcoholic beverages,,193820082.461,,,,,,,False,False,,
OECD,CHL,CHL,2025,1999,CP04,Housing & utilities (incl. imputed rent),,193820082.461,,,,,,,False,False,,
OECD,COL,COL,1995,1999,CP01,Food & non-alcoholic beverages,,,,,,,,,False,False,,
OECD,COL,COL,1995,1999,CP04,Housing & utilities (incl. imputed rent),,,,,,,,,False,False,,
OECD,COL,COL,1996,1999,CP01,Food & non-alcoholic beverages,,,,,,,,,False,False,,
OECD,COL,COL,1996,1999,CP04,Housing & utilities (incl. imputed rent),,,,,,,,,False,False,,
OECD,COL,COL,1997,1999,CP01,Food & non-alcoholic beverages,,,,,,,,,False,False,,
OECD,COL,COL,1997,1999,CP04,Housing & utilities (incl. imputed rent),,,,,,,,,False,False,,
OECD,COL,COL,1998,1999,CP01,Food & non-alcoholic beverages,,,,,,,,,False,False,,
OECD,COL,COL,1998,1999,CP04,Housing & utilities (incl. imputed rent),,,,,,,,,False,False,,
OECD,COL,COL,1999,1999,CP01,Food & non-alcoholic beverages,,,,,,,,,False,False,,
OECD,COL,COL,1999,1999,CP04,Housing & utilities (incl. imputed rent),,,,,,,,,False,False,,
OECD,COL,COL,2000,1999,CP01,Food & non-alcoholic beverages,,,,,,,,,False,False,,
OECD,COL,COL,2000,1999,CP04,Housing & utilities (incl. imputed rent),,,,,,,,,False,False,,
OECD,COL,COL,2001,1999,CP01,Food & non-alcoholic beverages,,,,,,,,,False,False,,
OECD,COL,COL,2001,1999,CP04,Housing & utilities (incl. imputed rent),,,,,,,,,False,False,,
OECD,COL,COL,2002,1999,CP01,Food & non-alcoholic beverages,,,,,,,,,False,False,,
OECD,COL,COL,2002,1999,CP04,Housing & utilities (incl. imputed rent),,,,,,,,,False,False,,
OECD,COL,COL,2003,1999,CP01,Food & non-alcoholic beverages,,,,,,,,,False,False,,
OECD,COL,COL,2003,1999,CP04,Housing & utilities (incl. imputed rent),,,,,,,,,False,False,,
OECD,COL,COL,2004,1999,CP01,Food & non-alcoholic beverages,,,,,,,,,False,False,,
OECD,COL,COL,2004,1999,CP04,Housing & utilities (incl. imputed rent),,,,,,,,,False,False,,
OECD,COL,COL,2005,1999,CP01,Food & non-alcoholic beverages,46458000.0,228906000.0,20.295667217110957,37.14537845229046,,,,,False,False,,
OECD,COL,COL,2005,1999,CP04,Housing & utilities (incl. imputed rent),38570000.0,228906000.0,16.849711235179505,37.14537845229046,,,,,False,False,,
OECD,COL,COL,2006,1999,CP01,Food & non-alcoholic beverages,50577000.0,256932000.0,19.684975012843868,36.23565768374512,,,,,False,False,,
OECD,COL,COL,2006,1999,CP04,Housing & utilities (incl. imputed rent),42524000.0,256932000.0,16.550682670901253,36.23565768374512,,,,,False,False,,
OECD,COL,COL,2007,1999,CP01,Food & non-alcoholic beverages,55623000.0,286638000.0,19.405312624285685,35.56506813472045,,,,,False,False,,
OECD,COL,COL,2007,1999,CP04,Housing & utilities (incl. imputed rent),46320000.0,286638000.0,16.159755510434763,35.56506813472045,,,,,False,False,,
OECD,COL,COL,2008,1999,CP01,Food & non-alcoholic beverages,62964000.0,314121000.0,20.04450514292263,35.90909235613028,,,,,False,False,,
OECD,COL,COL,2008,1999,CP04,Housing & utilities (incl. imputed rent),49834000.0,314121000.0,15.864587213207647,35.90909235613028,,,,,False,False,,
OECD,COL,COL,2009,1999,CP01,Food & non-alcoholic beverages,65870000.0,333083000.0,19.775851664600115,36.298460143567816,,,,,False,False,,
OECD,COL,COL,2009,1999,CP04,Housing & utilities (incl. imputed rent),55034000.0,333083000.0,16.522608478967705,36.298460143567816,,,,,False,False,,
OECD,COL,COL,2010,1999,CP01,Food & non-alcoholic beverages,67750000.0,357950000.0,18.92722447269172,35.397122503142896,,,,,False,False,,
OECD,COL,COL,2010,1999,CP04,Housing & utilities (incl. imputed rent),58954000.0,357950000.0,16.46989803045118,35.397122503142896,,,,,False,False,,
OECD,COL,COL,2011,1999,CP01,Food & non-alcoholic beverages,73177000.0,397739000.0,18.398246086001123,34.2991258086333,,,,,False,False,,
OECD,COL,COL,2011,1999,CP04,Housing & utilities (incl. imputed rent),63244000.0,397739000.0,15.900879722632178,34.2991258086333,,,,,False,False,,
OECD,COL,COL,2012,1999,CP01,Food & non-alcoholic beverages,77425000.0,434285000.0,17.828154322622243,33.79209505278792,,,,,False,False,,
OECD,COL,COL,2012,1999,CP04,Housing & utilities (incl. imputed rent),69329000.0,434285000.0,15.963940730165676,33.79209505278792,,,,,False,False,,
OECD,COL,COL,2013,1999,CP01,Food & non-alcoholic beverages,78816000.0,463666000.0,16.99844284463385,33.086963460767016,,,,,False,False,,
OECD,COL,COL,2013,1999,CP04,Housing & utilities (incl. imputed rent),74597000.0,463666000.0,16.088520616133163,33.086963460767016,,,,,False,False,,
OECD,COL,COL,2014,1999,CP01,Food & non-alcoholic beverages,83001000.0,496688000.0,16.710892954933477,32.76181425764263,,,,,False,False,,
OECD,COL,COL,2014,1999,CP04,Housing & utilities (incl. imputed rent),79723000.0,496688000.0,16.050921302709146,32.76181425764263,,,,,False,False,,
OECD,COL,COL,2015,1999,CP01,Food & non-alcoholic beverages,92725000.0,543366000.0,17.064924930893728,32.85483449461321,,,,,False,False,,
OECD,COL,COL,2015,1999,CP04,Housing & utilities (incl. imputed rent),85797000.0,543366000.0,15.789909563719482,32.85483449461321,,,,,False,False,,
OECD,COL,COL,2016,1999,CP01,Food & non-alcoholic beverages,107309000.0,587811000.0,18.255697834848277,34.10500994367237,,,,,False,False,,
OECD,COL,COL,2016,1999,CP04,Housing & utilities (incl. imputed rent),93164000.0,587811000.0,15.849312108824096,34.10500994367237,,,,,False,False,,
OECD,COL,COL,2017,1999,CP01,Food & non-alcoholic beverages,108948000.0,623083000.0,17.485310945732753,33.47900680968667,,,,,False,False,,
OECD,COL,COL,2017,1999,CP04,Housing & utilities (incl. imputed rent),99654000.0,623083000.0,15.99369586395392,33.47900680968667,,,,,False,False,,
OECD,COL,COL,2018,1999,CP01,Food & non-alcoholic beverages,117298000.0,663972000.0,17.666106402077197,33.873265740121575,,,,,False,False,,
OECD,COL,COL,2018,1999,CP04,Housing & utilities (incl. imputed rent),107611000.0,663972000.0,16.207159338044374,33.873265740121575,,,,,False,False,,
OECD,COL,COL,2019,1999,CP01,Food & non-alcoholic beverages,129827000.0,718269000.0,18.07498304952601,34.12537642582375,,,,,False,False,,
OECD,COL,COL,2019,1999,CP04,Housing & utilities (incl. imputed rent),115285000.0,718269000.0,16.050393376297738,34.12537642582375,,,,,False,False,,
OECD,COL,COL,2020,1999,CP01,Food & non-alcoholic beverages,150007000.0,701577000.0,21.381402183937045,38.40234215203749,,,,,False,False,,
OECD,COL,COL,2020,1999,CP04,Housing & utilities (incl. imputed rent),119415000.0,701577000.0,17.02093996810044,38.40234215203749,,,,,False,False,,
OECD,COL,COL,2021,1999,CP01,Food & non-alcoholic beverages,183379000.0,854078000.0,21.470989769084323,36.50685300405818,,,,,False,False,,
OECD,COL,COL,2021,1999,CP04,Housing & utilities (incl. imputed rent),128418000.0,854078000.0,15.035863234973853,36.50685300405818,,,,,False,False,,
OECD,COL,COL,2022,1999,CP01,Food & non-alcoholic beverages,243794000.0,1069540000.0,22.794285393720664,35.97696205845504,,,,,False,False,,
OECD,COL,COL,2022,1999,CP04,Housing & utilities (incl. imputed rent),140994000.0,1069540000.0,13.182676664734371,35.97696205845504,,,,p,False,False,,
OECD,COL,COL,2023,1999,CP01,Food & non-alcoholic beverages,260144000.0,1153472000.0,22.55312656050602,36.12536758586251,,,,p,False,False,,
OECD,COL,COL,2023,1999,CP04,Housing & utilities (incl. imputed rent),156552000.0,1153472000.0,13.572241025356488,36.12536758586251,,,,p,False,False,,
OECD,COL,COL,2024,1999,CP01,Food & non-alcoholic beverages,279374000.0,1236986000.0,22.585057551176813,36.56581400274538,,,,p,False,False,,
OECD,COL,COL,2024,1999,CP04,Housing & utilities (incl. imputed rent),172940000.0,1236986000.0,13.98075645156857,36.56581400274538,,,,p,False,False,,
OECD,COL,COL,2025,1999,CP01,Food & non-alcoholic beverages,,,,,,,,,False,False,,
OECD,COL,COL,2025,1999,CP04,Housing & utilities (incl. imputed rent),,,,,,,,,False,False,,
OECD,CRI,CRI,1991,1999,CP01,Food & non-alcoholic beverages,170861.053,643447.166,26.554014381967143,39.07680168413393,,,,,False,False,,
OECD,CRI,CRI,1991,1999,CP04,Housing & utilities (incl. imputed rent),80577.52,643447.166,12.52278730216678,39.07680168413393,6.543448976819335,,,,False,False,,
OECD,CRI,CRI,1992,1999,CP01,Food & non-alcoholic beverages,220997.1,840775.432,26.2849140910673,38.47908296159633,,,,,False,False,,
OECD,CRI,CRI,1992,1999,CP04,Housing & utilities (incl. imputed rent),102525.576,840775.432,12.194168870529031,38.47908296159633,6.315208315934711,,,,False,False,,
OECD,CRI,CRI,1993,1999,CP01,Food & non-alcoholic beverages,258406.79,1001063.932,25.813215494013026,38.13933983588972,,,,,False,False,,
OECD,CRI,CRI,1993,1999,CP04,Housing & utilities (incl. imputed rent),123392.385,1001063.932,12.326124341876698,38.13933983588972,6.466290306821283,,,,False,False,,
OECD,CRI,CRI,1994,1999,CP01,Food & non-alcoholic beverages,305287.173,1188554.571,25.685583182196183,38.48480887294489,,,,,False,False,,
OECD,CRI,CRI,1994,1999,CP04,Housing & utilities (incl. imputed rent),152125.782,1188554.571,12.7992256907487,38.48480887294489,6.839131999770838,,,,False,False,,
OECD,CRI,CRI,1995,1999,CP01,Food & non-alcoholic beverages,377435.347,1477688.866,25.542274539950416,38.64621776205493,,,,,False,False,,
OECD,CRI,CRI,1995,1999,CP04,Housing & utilities (incl. imputed rent),193635.51,1477688.866,13.103943222104512,38.64621776205493,7.093973055624282,,,,False,False,,
OECD,CRI,CRI,1996,1999,CP01,Food & non-alcoholic beverages,451736.724,1776110.68,25.434041306479845,39.44084182861848,,,,,False,False,,
OECD,CRI,CRI,1996,1999,CP04,Housing & utilities (incl. imputed rent),248776.28,1776110.68,14.006800522138631,39.44084182861848,7.801433016550523,,,,False,False,,
OECD,CRI,CRI,1997,1999,CP01,Food & non-alcoholic beverages,526360.345,2104278.709,25.01381317734941,40.0080688646078,,,,,False,False,,
OECD,CRI,CRI,1997,1999,CP04,Housing & utilities (incl. imputed rent),315520.93,2104278.709,14.994255687258397,40.0080688646078,8.629536915587355,,,,False,False,,
OECD,CRI,CRI,1998,1999,CP01,Food & non-alcoholic beverages,586066.105,2418579.788,24.23182844361056,40.16216702130151,,,,,False,False,,
OECD,CRI,CRI,1998,1999,CP04,Housing & utilities (incl. imputed rent),385287.949,2418579.788,15.93033857769095,40.16216702130151,9.44736386757566,,,,False,False,,
OECD,CRI,CRI,1999,1999,CP01,Food & non-alcoholic beverages,658032.785,2771463.993,23.743147544475427,40.58523328612482,,,,,False,False,,
OECD,CRI,CRI,1999,1999,CP04,Housing & utilities (incl. imputed rent),466772.342,2771463.993,16.842085741649395,40.58523328612482,10.201512114684002,,,,False,False,,
OECD,CRI,CRI,2000,1999,CP01,Food & non-alcoholic beverages,721064.912,3065409.992,23.52262548506758,40.31989147375364,,,,,False,False,,
OECD,CRI,CRI,2000,1999,CP04,Housing & utilities (incl. imputed rent),514905.07,3065409.992,16.797265988686057,40.31989147375364,10.193938423098867,,,,False,False,,
OECD,CRI,CRI,2001,1999,CP01,Food & non-alcoholic beverages,842691.727,3437422.347,24.515222219796662,41.85941463538172,,,,,False,False,,
OECD,CRI,CRI,2001,1999,CP04,Housing & utilities (incl. imputed rent),596193.146,3437422.347,17.34419241558506,41.85941463538172,10.251674435861808,,,,False,False,,
OECD,CRI,CRI,2002,1999,CP01,Food & non-alcoholic beverages,1003292.866,4020046.764,24.957243656581504,41.57456408136451,,,,,False,False,,
OECD,CRI,CRI,2002,1999,CP04,Housing & utilities (incl. imputed rent),668024.052,4020046.764,16.617320424783,41.57456408136451,9.767079590121904,,,,False,False,,
OECD,CRI,CRI,2003,1999,CP01,Food & non-alcoholic beverages,1160781.348,4718107.287,24.602690812020107,40.86354393237858,,,,,False,False,,
OECD,CRI,CRI,2003,1999,CP04,Housing & utilities (incl. imputed rent),767204.496,4718107.287,16.260853120358476,40.86354393237858,9.400809350438156,,,,False,False,,
OECD,CRI,CRI,2004,1999,CP01,Food & non-alcoholic beverages,1366683.423,5536779.192,24.683726325490785,41.31781806118304,,,,,False,False,,
OECD,CRI,CRI,2004,1999,CP04,Housing & utilities (incl. imputed rent),920992.93,5536779.192,16.634091735692248,41.31781806118304,9.422605794968462,,,,False,False,,
OECD,CRI,CRI,2005,1999,CP01,Food & non-alcoholic beverages,1675409.206,6686350.558,25.057154743336447,41.23977733564714,,,,,False,False,,
OECD,CRI,CRI,2005,1999,CP04,Housing & utilities (incl. imputed rent),1082026.876,6686350.558,16.182622592310693,41.23977733564714,9.270429670462994,,,,False,False,,
OECD,CRI,CRI,2006,1999,CP01,Food & non-alcoholic beverages,1978088.322,8005735.254,24.70839041313119,40.95665411071062,,,,,False,False,,
OECD,CRI,CRI,2006,1999,CP04,Housing & utilities (incl. imputed rent),1300792.975,8005735.254,16.248263697579425,40.95665411071062,9.22428232473749,,,,False,False,,
OECD,CRI,CRI,2007,1999,CP01,Food & non-alcoholic beverages,2419069.86,9611264.045,25.169112498355044,40.90422597478436,,,,,False,False,,
OECD,CRI,CRI,2007,1999,CP04,Housing & utilities (incl. imputed rent),1512343.304,9611264.045,15.735113476429314,40.90422597478436,8.827122822011702,,,,False,False,,
OECD,CRI,CRI,2008,1999,CP01,Food & non-alcoholic beverages,3045408.51,11443597.177,26.61233581448356,42.05961555229952,,,,,False,False,,
OECD,CRI,CRI,2008,1999,CP04,Housing & utilities (incl. imputed rent),1767724.468,11443597.177,15.44727973781596,42.05961555229952,8.456563989730517,,,,False,False,,
OECD,CRI,CRI,2009,1999,CP01,Food & non-alcoholic beverages,3036297.707,11685019.507,25.98453263326675,42.34724340884235,,,,,False,False,,
OECD,CRI,CRI,2009,1999,CP04,Housing & utilities (incl. imputed rent),1911985.946,11685019.507,16.362710775575604,42.34724340884235,9.085947476287773,,,,False,False,,
OECD,CRI,CRI,2010,1999,CP01,Food & non-alcoholic beverages,3331465.28,12950245.189,25.725113550975564,42.4231562400575,,,,,False,False,,
OECD,CRI,CRI,2010,1999,CP04,Housing & utilities (incl. imputed rent),2162437.47,12950245.189,16.69804268908194,42.4231562400575,9.340607280759956,,,,False,False,,
OECD,CRI,CRI,2011,1999,CP01,Food & non-alcoholic beverages,3604374.194,14419471.97,24.9965754744624,41.62371836144288,,,,,False,False,,
OECD,CRI,CRI,2011,1999,CP04,Housing & utilities (incl. imputed rent),2397546.208,14419471.97,16.627142886980486,41.62371836144288,9.371182279152489,,,,False,False,,
OECD,CRI,CRI,2012,1999,CP01,Food & non-alcoholic beverages,3715735.714,15938569.443,23.31285581989229,39.90282374302543,,,,,False,False,,
OECD,CRI,CRI,2012,1999,CP04,Housing & utilities (incl. imputed rent),2644203.558,15938569.443,16.589967923133138,39.90282374302543,9.653844891805951,,,,False,False,,
OECD,CRI,CRI,2013,1999,CP01,Food & non-alcoholic beverages,3888339.234,16846917.831,23.08041905947372,39.54309971608955,,,,,False,False,,
OECD,CRI,CRI,2013,1999,CP04,Housing & utilities (incl. imputed rent),2773454.283,16846917.831,16.462680656615827,39.54309971608955,9.340482881114612,,,,False,False,,
OECD,CRI,CRI,2014,1999,CP01,Food & non-alcoholic beverages,4177072.754,18545546.681,22.52331961871704,38.30364011473273,,,,,False,False,,
OECD,CRI,CRI,2014,1999,CP04,Housing & utilities (incl. imputed rent),2926546.704,18545546.681,15.780320496015683,38.30364011473273,9.107762688551396,,,,False,False,,
OECD,CRI,CRI,2015,1999,CP01,Food & non-alcoholic beverages,4408808.955,19596141.697,22.49835208976342,38.26892239786196,,,,,False,False,,
OECD,CRI,CRI,2015,1999,CP04,Housing & utilities (incl. imputed rent),3090423.304,19596141.697,15.770570308098542,38.26892239786196,9.175552559283986,,,,False,False,,
OECD,CRI,CRI,2016,1999,CP01,Food & non-alcoholic beverages,4586158.96,20535471.569,22.33286411071849,38.12878568038303,,,,,False,False,,
OECD,CRI,CRI,2016,1999,CP04,Housing & utilities (incl. imputed rent),3243766.983,20535471.569,15.79592156966454,38.12878568038303,9.204255824606042,,,,False,False,,
OECD,CRI,CRI,2017,1999,CP01,Food & non-alcoholic beverages,4908981.743,22365798.52,21.94860934032951,37.14160459136605,,,,,False,False,,
OECD,CRI,CRI,2017,1999,CP04,Housing & utilities (incl. imputed rent),3398034.707,22365798.52,15.192995251036535,37.14160459136605,9.007043478454799,,,,False,False,,
OECD,CRI,CRI,2018,1999,CP01,Food & non-alcoholic beverages,5026152.705,23374534.205,21.502686046787044,36.70615158254017,,,,,False,False,,
OECD,CRI,CRI,2018,1999,CP04,Housing & utilities (incl. imputed rent),3553739.252,23374534.205,15.20346553575312,36.70615158254017,8.991691819683044,,,,False,False,,
OECD,CRI,CRI,2019,1999,CP01,Food & non-alcoholic beverages,5229671.313,24324029.648,21.500020303708197,36.62843659924814,,,,,False,False,,
OECD,CRI,CRI,2019,1999,CP04,Housing & utilities (incl. imputed rent),3679840.465,24324029.648,15.128416295539948,36.62843659924814,8.887343406020502,,,,False,False,,
OECD,CRI,CRI,2020,1999,CP01,Food & non-alcoholic beverages,5208643.733,22794603.777,22.85033679004141,39.46370925331307,,,,,False,False,,
OECD,CRI,CRI,2020,1999,CP04,Housing & utilities (incl. imputed rent),3786952.427,22794603.777,16.613372463271663,39.46370925331307,9.7702627200178,,,,False,False,,
OECD,CRI,CRI,2021,1999,CP01,Food & non-alcoholic beverages,5685954.3,25533345.76,22.26873968435228,37.880480478011584,,,,,False,False,,
OECD,CRI,CRI,2021,1999,CP04,Housing & utilities (incl. imputed rent),3986199.756,25533345.76,15.61174079365931,37.880480478011584,9.219089715565737,,,,False,False,,
OECD,CRI,CRI,2022,1999,CP01,Food & non-alcoholic beverages,,28823571.77,,,,,,e,False,False,,
OECD,CRI,CRI,2022,1999,CP04,Housing & utilities (incl. imputed rent),,28823571.77,,,,,,e,False,False,,
OECD,CRI,CRI,2023,1999,CP01,Food & non-alcoholic beverages,,30358241.335,,,,,,e,False,False,,
OECD,CRI,CRI,2023,1999,CP04,Housing & utilities (incl. imputed rent),,30358241.335,,,,,,e,False,False,,
OECD,CRI,CRI,2024,1999,CP01,Food & non-alcoholic beverages,,31394858.192,,,,,,e,False,False,,
OECD,CRI,CRI,2024,1999,CP04,Housing & utilities (incl. imputed rent),,31394858.192,,,,,,e,False,False,,
OECD,CRI,CRI,2025,1999,CP01,Food & non-alcoholic beverages,,,,,,,,,False,False,,
OECD,CRI,CRI,2025,1999,CP04,Housing & utilities (incl. imputed rent),,,,,,,,,False,False,,
Eurostat,CY,CYP,1995,2018,CP01,Food & non-alcoholic beverages,876.7,5882.9,14.902514066191848,25.722007853269645,,14.9,0.0025140661918463,,False,False,,
Eurostat,CY,CYP,1995,2018,CP04,Housing & utilities (incl. imputed rent),636.5,5882.9,10.819493787077802,25.722007853269645,6.858862125822299,10.8,0.0194937870778009,,False,False,,
Eurostat,CY,CYP,1996,2018,CP01,Food & non-alcoholic beverages,893.9,6086.9,14.685636366623406,26.074027830258423,,14.7,-0.0143636333765932,,False,False,,
Eurostat,CY,CYP,1996,2018,CP04,Housing & utilities (incl. imputed rent),693.2,6086.9,11.38839146363502,26.074027830258423,7.240138658430401,11.4,-0.0116085363649798,,False,False,,
Eurostat,CY,CYP,1997,2018,CP01,Food & non-alcoholic beverages,934.6,6365.6,14.682040970214905,26.44841020485107,,14.7,-0.0179590297850946,,False,False,,
Eurostat,CY,CYP,1997,2018,CP04,Housing & utilities (incl. imputed rent),749.0,6365.6,11.76636923463617,26.44841020485107,7.565665451803444,11.8,-0.0336307653638314,,False,False,,
Eurostat,CY,CYP,1998,2018,CP01,Food & non-alcoholic beverages,948.7,6833.9,13.882263422057685,25.62372876395616,,13.9,-0.0177365779423173,,False,False,,
Eurostat,CY,CYP,1998,2018,CP04,Housing & utilities (incl. imputed rent),802.4,6833.9,11.741465341898476,25.62372876395616,7.571079471458464,11.7,0.041465341898478,,False,False,,
Eurostat,CY,CYP,1999,2018,CP01,Food & non-alcoholic beverages,1000.7,7377.7,13.56384781164862,25.05252314406929,,13.6,-0.0361521883513802,,False,False,,
Eurostat,CY,CYP,1999,2018,CP04,Housing & utilities (incl. imputed rent),847.6,7377.7,11.488675332420677,25.05252314406929,7.435921764235467,11.5,-0.0113246675793252,,False,False,,
Eurostat,CY,CYP,2000,2018,CP01,Food & non-alcoholic beverages,1133.2,8231.5,13.766628196561989,24.87153009779506,,13.8,-0.0333718034380119,,False,False,,
Eurostat,CY,CYP,2000,2018,CP04,Housing & utilities (incl. imputed rent),914.1,8231.5,11.104901901233069,24.87153009779506,7.015732248071433,11.1,0.0049019012330688,,False,False,,
Eurostat,CY,CYP,2001,2018,CP01,Food & non-alcoholic beverages,1201.4,8818.9,13.623014208121194,24.58469877195569,,13.6,0.0230142081211948,,False,False,,
Eurostat,CY,CYP,2001,2018,CP04,Housing & utilities (incl. imputed rent),966.7,8818.9,10.961684563834492,24.58469877195569,6.960051707129007,11.0,-0.038315436165508,,False,False,,
Eurostat,CY,CYP,2002,2018,CP01,Food & non-alcoholic beverages,1209.2,8890.1,13.601646775626822,25.306801948234558,,13.6,0.0016467756268223,,False,False,,
Eurostat,CY,CYP,2002,2018,CP04,Housing & utilities (incl. imputed rent),1040.6,8890.1,11.705155172607732,25.306801948234558,7.623086354484202,11.7,0.0051551726077327,,False,False,,
Eurostat,CY,CYP,2003,2018,CP01,Food & non-alcoholic beverages,1210.7,9212.3,13.142212042595228,25.632035430891317,,13.1,0.0422120425952279,,False,False,,
Eurostat,CY,CYP,2003,2018,CP04,Housing & utilities (incl. imputed rent),1150.6,9212.3,12.489823388296085,25.632035430891317,8.304115150396752,12.5,-0.0101766117039172,,False,False,,
Eurostat,CY,CYP,2004,2018,CP01,Food & non-alcoholic beverages,1301.0,9777.9,13.305515499238076,26.50057783368617,,13.3,0.0055154992380757,,False,False,,
Eurostat,CY,CYP,2004,2018,CP04,Housing & utilities (incl. imputed rent),1290.2,9777.9,13.195062334448092,26.50057783368617,8.940570061056055,13.2,-0.0049376655519068,,False,False,,
Eurostat,CY,CYP,2005,2018,CP01,Food & non-alcoholic beverages,1359.4,10372.9,13.105303242102018,27.3809638577447,,13.1,0.005303242102018,,False,False,,
Eurostat,CY,CYP,2005,2018,CP04,Housing & utilities (incl. imputed rent),1480.8,10372.9,14.275660615642686,27.3809638577447,9.754263513578652,14.3,-0.0243393843573151,,False,False,,
Eurostat,CY,CYP,2006,2018,CP01,Food & non-alcoholic beverages,1414.1,11080.0,12.762635379061372,28.199458483754512,,12.8,-0.0373646209386286,,False,False,,
Eurostat,CY,CYP,2006,2018,CP04,Housing & utilities (incl. imputed rent),1710.4,11080.0,15.436823104693143,28.199458483754512,10.41245487364621,15.4,0.036823104693143,,False,False,,
Eurostat,CY,CYP,2007,2018,CP01,Food & non-alcoholic beverages,1494.2,12296.3,12.151622845896734,27.541618210355967,,12.2,-0.0483771541032655,,False,False,,
Eurostat,CY,CYP,2007,2018,CP04,Housing & utilities (incl. imputed rent),1892.4,12296.3,15.38999536445923,27.541618210355967,10.373039044265347,15.4,-0.0100046355407705,,False,False,,
Eurostat,CY,CYP,2008,2018,CP01,Food & non-alcoholic beverages,1665.2,13489.6,12.34432451666469,28.46711540742498,,12.3,0.0443245166646892,,False,False,,
Eurostat,CY,CYP,2008,2018,CP04,Housing & utilities (incl. imputed rent),2174.9,13489.6,16.12279089076029,28.46711540742498,10.47918396394259,16.1,0.0227908907602873,,False,False,,
Eurostat,CY,CYP,2009,2018,CP01,Food & non-alcoholic beverages,1509.5,12493.9,12.081895965231034,30.2547643249906,,12.1,-0.0181040347689656,,False,False,,
Eurostat,CY,CYP,2009,2018,CP04,Housing & utilities (incl. imputed rent),2270.5,12493.9,18.172868359759565,30.2547643249906,12.50930454061582,18.2,-0.0271316402404337,,False,False,,
Eurostat,CY,CYP,2010,2018,CP01,Food & non-alcoholic beverages,1498.6,13283.5,11.281665223773857,30.16674822147777,,11.3,-0.0183347762261458,,False,False,,
Eurostat,CY,CYP,2010,2018,CP04,Housing & utilities (incl. imputed rent),2508.6,13283.5,18.88508299770392,30.16674822147777,12.380773139609287,18.9,-0.0149170022960802,,False,False,,
Eurostat,CY,CYP,2011,2018,CP01,Food & non-alcoholic beverages,1577.4,13786.0,11.442042651965762,30.396053967793414,,11.4,0.0420426519657617,,False,False,,
Eurostat,CY,CYP,2011,2018,CP04,Housing & utilities (incl. imputed rent),2613.0,13786.0,18.95401131582765,30.396053967793414,12.25518642100682,19.0,-0.0459886841723502,,False,False,,
Eurostat,CY,CYP,2012,2018,CP01,Food & non-alcoholic beverages,1620.9,13890.6,11.669042373979526,32.01661555296387,,11.7,-0.0309576260204735,,False,False,,
Eurostat,CY,CYP,2012,2018,CP04,Housing & utilities (incl. imputed rent),2826.4,13890.6,20.347573178984348,32.01661555296387,12.740990309993808,20.3,0.0475731789843472,,False,False,,
Eurostat,CY,CYP,2013,2018,CP01,Food & non-alcoholic beverages,1604.0,13192.9,12.1580547112462,31.239530353447687,,12.2,-0.0419452887537978,,False,False,,
Eurostat,CY,CYP,2013,2018,CP04,Housing & utilities (incl. imputed rent),2517.4,13192.9,19.08147564220149,31.239530353447687,12.184584132374232,19.1,-0.0185243577985119,,False,False,,
Eurostat,CY,CYP,2014,2018,CP01,Food & non-alcoholic beverages,1619.6,13027.0,12.432639901742537,28.83703078222154,,12.4,0.0326399017425345,,False,False,,
Eurostat,CY,CYP,2014,2018,CP04,Housing & utilities (incl. imputed rent),2137.0,13027.0,16.404390880479006,28.83703078222154,10.169647654870651,16.4,0.0043908804790078,,False,False,,
Eurostat,CY,CYP,2015,2018,CP01,Food & non-alcoholic beverages,1646.1,13200.5,12.469982197644027,28.21559789401917,,12.5,-0.0300178023559727,,False,False,,
Eurostat,CY,CYP,2015,2018,CP04,Housing & utilities (incl. imputed rent),2078.5,13200.5,15.745615696375136,28.21559789401917,9.995075944093028,15.7,0.0456156963751368,,False,False,,
Eurostat,CY,CYP,2016,2018,CP01,Food & non-alcoholic beverages,1690.2,13844.3,12.208634600521515,27.28487536386816,,12.2,0.0086346005215158,,False,False,,
Eurostat,CY,CYP,2016,2018,CP04,Housing & utilities (incl. imputed rent),2087.2,13844.3,15.076240763346648,27.28487536386816,9.43348526108218,15.1,-0.0237592366533512,,False,False,,
Eurostat,CY,CYP,2017,2018,CP01,Food & non-alcoholic beverages,1746.3,14640.2,11.92811573612382,26.53788882665537,,11.9,0.0281157361238211,,False,False,,
Eurostat,CY,CYP,2017,2018,CP04,Housing & utilities (incl. imputed rent),2138.9,14640.2,14.609773090531547,26.53788882665537,8.975970273630141,14.6,0.0097730905315494,,False,False,,
Eurostat,CY,CYP,2018,2018,CP01,Food & non-alcoholic beverages,1769.8,15568.3,11.367972097146124,26.85713918668063,,11.4,-0.0320279028538763,,False,False,,
Eurostat,CY,CYP,2018,2018,CP04,Housing & utilities (incl. imputed rent),2411.4,15568.3,15.489167089534504,26.85713918668063,9.721678025217912,15.5,-0.0108329104654973,,False,False,,
Eurostat,CY,CYP,2019,2018,CP01,Food & non-alcoholic beverages,1837.7,16122.1,11.398639135100266,27.698004602378106,,11.4,-0.001360864899734,,False,False,,
Eurostat,CY,CYP,2019,2018,CP04,Housing & utilities (incl. imputed rent),2627.8,16122.1,16.299365467277838,27.698004602378106,10.41179498948648,16.3,-0.000634532722163,,False,False,,
Eurostat,CY,CYP,2020,2018,CP01,Food & non-alcoholic beverages,1899.4,13506.0,14.063379238856804,34.31289797127203,,14.1,-0.0366207611431956,,False,False,,
Eurostat,CY,CYP,2020,2018,CP04,Housing & utilities (incl. imputed rent),2734.9,13506.0,20.249518732415225,34.31289797127203,13.123056419369169,20.2,0.0495187324152226,,False,False,,
Eurostat,CY,CYP,2021,2018,CP01,Food & non-alcoholic beverages,1924.2,15356.4,12.530280534500276,32.09411059883827,,12.5,0.0302805345002745,,False,False,,
Eurostat,CY,CYP,2021,2018,CP04,Housing & utilities (incl. imputed rent),3004.3,15356.4,19.563830064338,32.09411059883827,12.724987627308485,19.6,-0.0361699356620022,,False,False,,
Eurostat,CY,CYP,2022,2018,CP01,Food & non-alcoholic beverages,2222.1,18344.4,12.113233466343951,30.963672837487188,,12.1,0.0132334663439515,,False,False,,
Eurostat,CY,CYP,2022,2018,CP04,Housing & utilities (incl. imputed rent),3458.0,18344.4,18.850439371143235,30.963672837487188,11.613353393951286,18.9,-0.0495606288567636,,False,False,,
Eurostat,CY,CYP,2023,2018,CP01,Food & non-alcoholic beverages,2462.6,20253.3,12.159006186646126,29.94326850439188,,12.2,-0.0409938133538734,,False,False,,
Eurostat,CY,CYP,2023,2018,CP04,Housing & utilities (incl. imputed rent),3601.9,20253.3,17.78426231774575,29.94326850439188,11.085600865044215,17.8,-0.0157376822542509,,False,False,,
Eurostat,CY,CYP,2024,2018,CP01,Food & non-alcoholic beverages,2665.8,21411.8,12.450144312948936,30.22025238419937,,12.5,-0.049855687051064,p,False,False,,
Eurostat,CY,CYP,2024,2018,CP04,Housing & utilities (incl. imputed rent),3804.9,21411.8,17.77010807125043,30.22025238419937,11.376904323784082,17.8,-0.0298919287495706,p,False,False,,
Eurostat,CY,CYP,2025,2018,CP01,Food & non-alcoholic beverages,,,,,,,,,False,False,,
Eurostat,CY,CYP,2025,2018,CP04,Housing & utilities (incl. imputed rent),,,,,,,,,False,False,,
Eurostat,CZ,CZE,1995,2018,CP01,Food & non-alcoholic beverages,151141.0,806884.0,18.73144095061992,39.27441862770857,,18.7,0.0314409506199169,,False,False,,
Eurostat,CZ,CZE,1995,2018,CP04,Housing & utilities (incl. imputed rent),165758.0,806884.0,20.54297767708865,39.27441862770857,9.554657175009048,20.5,0.042977677088654,,False,False,6.86,Older (COICOP 1999) and current (COICOP 2018) figures for this country differ by up to 6.9 points (gap measured up to 2022).
Eurostat,CZ,CZE,1996,2018,CP01,Food & non-alcoholic beverages,172151.0,938122.0,18.350598323032614,38.231701207305655,,18.4,-0.0494016769673848,,False,False,,
Eurostat,CZ,CZE,1996,2018,CP04,Housing & utilities (incl. imputed rent),186509.0,938122.0,19.881102884273048,38.231701207305655,9.217457857293612,19.9,-0.0188971157269506,,False,False,6.86,Older (COICOP 1999) and current (COICOP 2018) figures for this country differ by up to 6.9 points (gap measured up to 2022).
Eurostat,CZ,CZE,1997,2018,CP01,Food & non-alcoholic beverages,186773.0,1048633.0,17.811093108837888,38.45415889067005,,17.8,0.0110931088378869,,False,False,,
Eurostat,CZ,CZE,1997,2018,CP04,Housing & utilities (incl. imputed rent),216470.0,1048633.0,20.64306578183216,38.45415889067005,9.45888599729362,20.6,0.0430657818321549,,False,False,6.86,Older (COICOP 1999) and current (COICOP 2018) figures for this country differ by up to 6.9 points (gap measured up to 2022).
Eurostat,CZ,CZE,1998,2018,CP01,Food & non-alcoholic beverages,202305.0,1135570.0,17.81528219308365,40.08841374816171,,17.8,0.0152821930836495,,False,False,,
Eurostat,CZ,CZE,1998,2018,CP04,Housing & utilities (incl. imputed rent),252927.0,1135570.0,22.273131555078063,40.08841374816171,10.016115254894018,22.3,-0.0268684449219342,,False,False,6.86,Older (COICOP 1999) and current (COICOP 2018) figures for this country differ by up to 6.9 points (gap measured up to 2022).
Eurostat,CZ,CZE,1999,2018,CP01,Food & non-alcoholic beverages,209281.0,1189616.0,17.5923155034902,40.19532353297198,,17.6,-0.0076844965097997,,False,False,,
Eurostat,CZ,CZE,1999,2018,CP04,Housing & utilities (incl. imputed rent),268889.0,1189616.0,22.60300802948178,40.19532353297198,10.418487982676764,22.6,0.00300802948178,,False,False,6.86,Older (COICOP 1999) and current (COICOP 2018) figures for this country differ by up to 6.9 points (gap measured up to 2022).
Eurostat,CZ,CZE,2000,2018,CP01,Food & non-alcoholic beverages,217112.0,1250444.0,17.362792736020165,40.406367658207806,,17.4,-0.0372072639798339,,False,False,,
Eurostat,CZ,CZE,2000,2018,CP04,Housing & utilities (incl. imputed rent),288147.0,1250444.0,23.04357492218764,40.406367658207806,10.587679256328151,23.0,0.0435749221876413,,False,False,6.86,Older (COICOP 1999) and current (COICOP 2018) figures for this country differ by up to 6.9 points (gap measured up to 2022).
Eurostat,CZ,CZE,2001,2018,CP01,Food & non-alcoholic beverages,228169.0,1333277.0,17.113398041067235,40.64751735760836,,17.1,0.0133980410672336,,False,False,,
Eurostat,CZ,CZE,2001,2018,CP04,Housing & utilities (incl. imputed rent),313775.0,1333277.0,23.534119316541123,40.64751735760836,10.615648511149596,23.5,0.0341193165411226,,False,False,6.86,Older (COICOP 1999) and current (COICOP 2018) figures for this country differ by up to 6.9 points (gap measured up to 2022).
Eurostat,CZ,CZE,2002,2018,CP01,Food & non-alcoholic beverages,233049.0,1377235.0,16.92151303154509,41.63414377357532,,16.9,0.0215130315450906,,False,False,,
Eurostat,CZ,CZE,2002,2018,CP04,Housing & utilities (incl. imputed rent),340351.0,1377235.0,24.71263074203023,41.63414377357532,11.1583716649664,24.7,0.0126307420302289,,False,False,6.86,Older (COICOP 1999) and current (COICOP 2018) figures for this country differ by up to 6.9 points (gap measured up to 2022).
Eurostat,CZ,CZE,2003,2018,CP01,Food & non-alcoholic beverages,232645.0,1443383.0,16.118036584884262,41.069210320476266,,16.1,0.0180365848842605,,False,False,,
Eurostat,CZ,CZE,2003,2018,CP04,Housing & utilities (incl. imputed rent),360141.0,1443383.0,24.951173735592008,41.069210320476266,11.432308680371046,25.0,-0.0488262644079924,,False,False,6.86,Older (COICOP 1999) and current (COICOP 2018) figures for this country differ by up to 6.9 points (gap measured up to 2022).
Eurostat,CZ,CZE,2004,2018,CP01,Food & non-alcoholic beverages,241562.0,1536722.0,15.719303816825686,40.6485362999944,,15.7,0.0193038168256869,,False,False,,
Eurostat,CZ,CZE,2004,2018,CP04,Housing & utilities (incl. imputed rent),383093.0,1536722.0,24.92923248316872,40.6485362999944,11.527589245159502,24.9,0.0292324831687231,,False,False,6.86,Older (COICOP 1999) and current (COICOP 2018) figures for this country differ by up to 6.9 points (gap measured up to 2022).
Eurostat,CZ,CZE,2005,2018,CP01,Food & non-alcoholic beverages,245307.0,1626987.0,15.077379229213264,40.02607273444717,,15.1,-0.0226207707867356,,False,False,,
Eurostat,CZ,CZE,2005,2018,CP04,Housing & utilities (incl. imputed rent),405912.0,1626987.0,24.94869350523391,40.02607273444717,11.515211860942957,24.9,0.0486935052339099,,False,False,6.86,Older (COICOP 1999) and current (COICOP 2018) figures for this country differ by up to 6.9 points (gap measured up to 2022).
Eurostat,CZ,CZE,2006,2018,CP01,Food & non-alcoholic beverages,252096.0,1728242.0,14.586846055124225,39.78158151462585,,14.6,-0.0131539448757749,,False,False,,
Eurostat,CZ,CZE,2006,2018,CP04,Housing & utilities (incl. imputed rent),435426.0,1728242.0,25.194735459501626,39.78158151462585,11.56643571907175,25.2,-0.0052645404983771,,False,False,6.86,Older (COICOP 1999) and current (COICOP 2018) figures for this country differ by up to 6.9 points (gap measured up to 2022).
Eurostat,CZ,CZE,2007,2018,CP01,Food & non-alcoholic beverages,267740.0,1843385.0,14.524366857710136,39.8435486889608,,14.5,0.0243668577101363,,False,False,,
Eurostat,CZ,CZE,2007,2018,CP04,Housing & utilities (incl. imputed rent),466730.0,1843385.0,25.31918183125066,39.8435486889608,11.735855504954202,25.3,0.019181831250659,,False,False,6.86,Older (COICOP 1999) and current (COICOP 2018) figures for this country differ by up to 6.9 points (gap measured up to 2022).
Eurostat,CZ,CZE,2008,2018,CP01,Food & non-alcoholic beverages,283477.0,1968849.0,14.398107726900337,40.42585287139847,,14.4,-0.0018922730996635,,False,False,,
Eurostat,CZ,CZE,2008,2018,CP04,Housing & utilities (incl. imputed rent),512447.0,1968849.0,26.02774514449813,40.42585287139847,12.109460908378448,26.0,0.0277451444981338,,False,False,6.86,Older (COICOP 1999) and current (COICOP 2018) figures for this country differ by up to 6.9 points (gap measured up to 2022).
Eurostat,CZ,CZE,2009,2018,CP01,Food & non-alcoholic beverages,285347.0,1985892.0,14.368706858177584,42.18502315332354,,14.4,-0.0312931418224149,,False,False,,
Eurostat,CZ,CZE,2009,2018,CP04,Housing & utilities (incl. imputed rent),552402.0,1985892.0,27.81631629514596,42.18502315332354,13.060780747392103,27.8,0.016316295145959,,False,False,6.86,Older (COICOP 1999) and current (COICOP 2018) figures for this country differ by up to 6.9 points (gap measured up to 2022).
Eurostat,CZ,CZE,2010,2018,CP01,Food & non-alcoholic beverages,288556.0,2066371.0,13.964384904743628,44.04180081892361,,14.0,-0.0356150952563716,,False,False,,
Eurostat,CZ,CZE,2010,2018,CP04,Housing & utilities (incl. imputed rent),621511.0,2066371.0,30.077415914179976,44.04180081892361,15.266232443254385,30.1,-0.022584085820025,,False,False,6.86,Older (COICOP 1999) and current (COICOP 2018) figures for this country differ by up to 6.9 points (gap measured up to 2022).
Eurostat,CZ,CZE,2011,2018,CP01,Food & non-alcoholic beverages,304958.0,2104934.0,14.487770162864964,44.02033507938966,,14.5,-0.0122298371350364,,False,False,,
Eurostat,CZ,CZE,2011,2018,CP04,Housing & utilities (incl. imputed rent),621641.0,2104934.0,29.532564916524706,44.02033507938966,15.257628030142511,29.5,0.0325649165247021,,False,False,6.86,Older (COICOP 1999) and current (COICOP 2018) figures for this country differ by up to 6.9 points (gap measured up to 2022).
Eurostat,CZ,CZE,2012,2018,CP01,Food & non-alcoholic beverages,322724.0,2128188.0,15.164261803938372,44.64013517602768,,15.2,-0.0357381960616258,,False,False,,
Eurostat,CZ,CZE,2012,2018,CP04,Housing & utilities (incl. imputed rent),627302.0,2128188.0,29.475873372089307,44.64013517602768,15.072399618830667,29.5,-0.024126627910693,,False,False,6.86,Older (COICOP 1999) and current (COICOP 2018) figures for this country differ by up to 6.9 points (gap measured up to 2022).
Eurostat,CZ,CZE,2013,2018,CP01,Food & non-alcoholic beverages,331123.0,2153226.0,15.377995621453575,44.82404540907457,,15.4,-0.0220043785464234,,False,False,,
Eurostat,CZ,CZE,2013,2018,CP04,Housing & utilities (incl. imputed rent),634040.0,2153226.0,29.446049787620996,44.82404540907457,14.821853349346515,29.4,0.0460497876209942,,False,False,6.86,Older (COICOP 1999) and current (COICOP 2018) figures for this country differ by up to 6.9 points (gap measured up to 2022).
Eurostat,CZ,CZE,2014,2018,CP01,Food & non-alcoholic beverages,347296.0,2199687.0,15.788428080904238,44.30484882621937,,15.8,-0.011571919095763,,False,False,,
Eurostat,CZ,CZE,2014,2018,CP04,Housing & utilities (incl. imputed rent),627272.0,2199687.0,28.51642074531513,44.30484882621937,15.070280453537253,28.5,0.0164207453151306,,False,False,6.86,Older (COICOP 1999) and current (COICOP 2018) figures for this country differ by up to 6.9 points (gap measured up to 2022).
Eurostat,CZ,CZE,2015,2018,CP01,Food & non-alcoholic beverages,354442.0,2294455.0,15.447764283893124,44.02945361752573,,15.4,0.0477642838931249,,False,False,,
Eurostat,CZ,CZE,2015,2018,CP04,Housing & utilities (incl. imputed rent),655794.0,2294455.0,28.581689333632603,44.02945361752573,15.242791861248095,28.6,-0.0183106663673982,,False,False,6.86,Older (COICOP 1999) and current (COICOP 2018) figures for this country differ by up to 6.9 points (gap measured up to 2022).
Eurostat,CZ,CZE,2016,2018,CP01,Food & non-alcoholic beverages,367669.0,2399089.0,15.325358917489096,43.85718912470525,,15.3,0.0253589174890951,,False,False,,
Eurostat,CZ,CZE,2016,2018,CP04,Housing & utilities (incl. imputed rent),684504.0,2399089.0,28.53183020721616,43.85718912470525,15.466412459062589,28.5,0.0318302072161564,,False,False,6.86,Older (COICOP 1999) and current (COICOP 2018) figures for this country differ by up to 6.9 points (gap measured up to 2022).
Eurostat,CZ,CZE,2017,2018,CP01,Food & non-alcoholic beverages,394206.0,2578286.0,15.289459741859517,43.838503563995616,,15.3,-0.0105402581404856,,False,False,,
Eurostat,CZ,CZE,2017,2018,CP04,Housing & utilities (incl. imputed rent),736076.0,2578286.0,28.5490438221361,43.838503563995616,15.65260797289362,28.5,0.0490438221360989,,False,False,6.86,Older (COICOP 1999) and current (COICOP 2018) figures for this country differ by up to 6.9 points (gap measured up to 2022).
Eurostat,CZ,CZE,2018,2018,CP01,Food & non-alcoholic beverages,406024.0,2734063.0,14.850572207004738,44.11467475328842,,14.9,-0.049427792995262,,False,False,,
Eurostat,CZ,CZE,2018,2018,CP04,Housing & utilities (incl. imputed rent),800099.0,2734063.0,29.26410254628368,44.11467475328842,16.476577167387877,29.3,-0.0358974537163199,,False,False,6.86,Older (COICOP 1999) and current (COICOP 2018) figures for this country differ by up to 6.9 points (gap measured up to 2022).
Eurostat,CZ,CZE,2019,2018,CP01,Food & non-alcoholic beverages,426489.0,2896103.0,14.7263063502921,44.23243924680856,,14.7,0.0263063502920992,,False,False,,
Eurostat,CZ,CZE,2019,2018,CP04,Housing & utilities (incl. imputed rent),854528.0,2896103.0,29.50613289651646,44.23243924680856,17.02929764583649,29.5,0.0061328965164584,,False,False,6.86,Older (COICOP 1999) and current (COICOP 2018) figures for this country differ by up to 6.9 points (gap measured up to 2022).
Eurostat,CZ,CZE,2020,2018,CP01,Food & non-alcoholic beverages,442304.0,2731251.0,16.19419086711547,49.55498414462824,,16.2,-0.0058091328845293,,False,False,,
Eurostat,CZ,CZE,2020,2018,CP04,Housing & utilities (incl. imputed rent),911167.0,2731251.0,33.360793277512755,49.55498414462824,19.914866850392,33.4,-0.0392067224872434,,False,False,6.86,Older (COICOP 1999) and current (COICOP 2018) figures for this country differ by up to 6.9 points (gap measured up to 2022).
Eurostat,CZ,CZE,2021,2018,CP01,Food & non-alcoholic beverages,444461.0,2956854.0,15.031550424877253,48.75296514471123,,15.0,0.0315504248772526,,False,False,,
Eurostat,CZ,CZE,2021,2018,CP04,Housing & utilities (incl. imputed rent),997093.0,2956854.0,33.72141471983399,48.75296514471123,20.46009035278712,33.7,0.0214147198339844,,False,False,6.86,Older (COICOP 1999) and current (COICOP 2018) figures for this country differ by up to 6.9 points (gap measured up to 2022).
Eurostat,CZ,CZE,2022,2018,CP01,Food & non-alcoholic beverages,496803.0,3399382.0,14.614509343168846,47.467422019649455,,14.6,0.0145093431688465,,False,False,,
Eurostat,CZ,CZE,2022,2018,CP04,Housing & utilities (incl. imputed rent),1116796.0,3399382.0,32.85291267648061,47.467422019649455,19.755561452052167,32.9,-0.047087323519392,,False,False,6.86,Older (COICOP 1999) and current (COICOP 2018) figures for this country differ by up to 6.9 points (gap measured up to 2022).
Eurostat,CZ,CZE,2023,2018,CP01,Food & non-alcoholic beverages,519614.0,3624757.0,14.335140259057368,46.20866998808472,,14.3,0.0351402590573659,,False,False,,
Eurostat,CZ,CZE,2023,2018,CP04,Housing & utilities (incl. imputed rent),1155338.0,3624757.0,31.87352972902735,46.20866998808472,18.870727058393157,31.9,-0.0264702709726485,,False,False,6.86,Older (COICOP 1999) and current (COICOP 2018) figures for this country differ by up to 6.9 points (gap measured up to 2022).
Eurostat,CZ,CZE,2024,2018,CP01,Food & non-alcoholic beverages,529912.0,3827584.0,13.844555730194294,45.72458762498746,,13.8,0.0445557301942933,,False,False,,
Eurostat,CZ,CZE,2024,2018,CP04,Housing & utilities (incl. imputed rent),1220235.0,3827584.0,31.880031894793166,45.72458762498746,18.70592519981273,31.9,-0.0199681052068321,,False,False,6.86,Older (COICOP 1999) and current (COICOP 2018) figures for this country differ by up to 6.9 points (gap measured up to 2022).
Eurostat,CZ,CZE,2025,2018,CP01,Food & non-alcoholic beverages,561803.0,4040439.0,13.904503941279648,46.15936535609126,,13.9,0.0045039412796477,,False,False,,
Eurostat,CZ,CZE,2025,2018,CP04,Housing & utilities (incl. imputed rent),1303238.0,4040439.0,32.25486141481161,46.15936535609126,19.347204598312214,32.3,-0.0451385851883898,,False,False,6.86,Older (COICOP 1999) and current (COICOP 2018) figures for this country differ by up to 6.9 points (gap measured up to 2022).
Eurostat,DE,DEU,1995,2018,CP01,Food & non-alcoholic beverages,113645.0,1006886.0,11.28677923816599,34.165734750508,,11.3,-0.0132207618340114,,False,False,,
Eurostat,DE,DEU,1995,2018,CP04,Housing & utilities (incl. imputed rent),230365.0,1006886.0,22.878955512342014,34.165734750508,8.425084865615373,22.9,-0.0210444876579849,,False,False,,
Eurostat,DE,DEU,1996,2018,CP01,Food & non-alcoholic beverages,113644.0,1033888.0,10.991906279983905,34.49329134296945,,11.0,-0.0080937200160953,,False,False,,
Eurostat,DE,DEU,1996,2018,CP04,Housing & utilities (incl. imputed rent),242978.0,1033888.0,23.50138506298555,34.49329134296945,8.626949921074623,23.5,0.0013850629855483,,False,False,,
Eurostat,DE,DEU,1997,2018,CP01,Food & non-alcoholic beverages,113632.0,1055345.0,10.76728463203976,34.64885890396032,,10.8,-0.0327153679602414,,False,False,,
Eurostat,DE,DEU,1997,2018,CP04,Housing & utilities (incl. imputed rent),252033.0,1055345.0,23.88157427192056,34.64885890396032,8.839668544409648,23.9,-0.018425728079439,,False,False,,
Eurostat,DE,DEU,1998,2018,CP01,Food & non-alcoholic beverages,115592.0,1074878.0,10.753964635986597,34.56234102847021,,10.8,-0.0460353640134041,,False,False,,
Eurostat,DE,DEU,1998,2018,CP04,Housing & utilities (incl. imputed rent),255911.0,1074878.0,23.808376392483613,34.56234102847021,8.908452866278777,23.8,0.0083763924836119,,False,False,,
Eurostat,DE,DEU,1999,2018,CP01,Food & non-alcoholic beverages,118770.0,1113503.0,10.666338572954002,34.09995303110993,,10.7,-0.0336614270459971,,False,False,,
Eurostat,DE,DEU,1999,2018,CP04,Housing & utilities (incl. imputed rent),260934.0,1113503.0,23.43361445815593,34.09995303110993,8.835539733615445,23.4,0.0336144581559274,,False,False,,
Eurostat,DE,DEU,2000,2018,CP01,Food & non-alcoholic beverages,122742.0,1148172.0,10.690210177569217,34.162651588786346,,10.7,-0.0097898224307844,,False,False,,
Eurostat,DE,DEU,2000,2018,CP04,Housing & utilities (incl. imputed rent),269504.0,1148172.0,23.472441411217133,34.162651588786346,8.790146424054933,23.5,-0.0275585887828668,,False,False,,
Eurostat,DE,DEU,2001,2018,CP01,Food & non-alcoholic beverages,127692.0,1184292.0,10.782138188892604,34.479587804359056,,10.8,-0.0178618111073962,,False,False,,
Eurostat,DE,DEU,2001,2018,CP04,Housing & utilities (incl. imputed rent),280647.0,1184292.0,23.697449615466457,34.479587804359056,8.764645881252259,23.7,-0.0025503845335421,,False,False,,
Eurostat,DE,DEU,2002,2018,CP01,Food & non-alcoholic beverages,127484.0,1194901.0,10.669001030210872,34.381509430488386,,10.7,-0.0309989697891275,,False,False,,
Eurostat,DE,DEU,2002,2018,CP04,Housing & utilities (incl. imputed rent),283341.0,1194901.0,23.712508400277517,34.381509430488386,8.9388995406314,23.7,0.0125084002775146,,False,False,,
Eurostat,DE,DEU,2003,2018,CP01,Food & non-alcoholic beverages,128502.0,1221230.0,10.5223422287366,34.43667450029888,,10.5,0.0223422287366013,,False,False,,
Eurostat,DE,DEU,2003,2018,CP04,Housing & utilities (incl. imputed rent),292049.0,1221230.0,23.91433227156228,34.43667450029888,8.955315542526797,23.9,0.014332271562278,,False,False,,
Eurostat,DE,DEU,2004,2018,CP01,Food & non-alcoholic beverages,132163.0,1241608.0,10.64450293490377,34.6077022699596,,10.6,0.04450293490377,,False,False,,
Eurostat,DE,DEU,2004,2018,CP04,Housing & utilities (incl. imputed rent),297529.0,1241608.0,23.963199335055837,34.6077022699596,9.002922017255043,24.0,-0.0368006649441667,,False,False,,
Eurostat,DE,DEU,2005,2018,CP01,Food & non-alcoholic beverages,136070.0,1270771.0,10.707672743554896,34.886930847493375,,10.7,0.0076727435548971,,False,False,,
Eurostat,DE,DEU,2005,2018,CP04,Housing & utilities (incl. imputed rent),307263.0,1270771.0,24.17925810393848,34.886930847493375,8.996113383135121,24.2,-0.0207418960615228,,False,False,,
Eurostat,DE,DEU,2006,2018,CP01,Food & non-alcoholic beverages,138585.0,1306657.0,10.60607336125701,34.915742999119125,,10.6,0.0060733612570107,,False,False,,
Eurostat,DE,DEU,2006,2018,CP04,Housing & utilities (incl. imputed rent),317644.0,1306657.0,24.309669637862115,34.915742999119125,8.947795787264752,24.3,0.0096696378621139,,False,False,,
Eurostat,DE,DEU,2007,2018,CP01,Food & non-alcoholic beverages,142733.0,1329123.0,10.73888571637087,34.8085165932724,,10.7,0.0388857163708706,,False,False,,
Eurostat,DE,DEU,2007,2018,CP04,Housing & utilities (incl. imputed rent),319915.0,1329123.0,24.06963087690153,34.8085165932724,8.992094787314644,24.1,-0.0303691230984668,,False,False,,
Eurostat,DE,DEU,2008,2018,CP01,Food & non-alcoholic beverages,148225.0,1355992.0,10.93111168797456,35.68258514799497,,10.9,0.0311116879745601,,False,False,,
Eurostat,DE,DEU,2008,2018,CP04,Housing & utilities (incl. imputed rent),335628.0,1355992.0,24.751473460020414,35.68258514799497,9.009418934624982,24.8,-0.0485265399795871,,False,False,,
Eurostat,DE,DEU,2009,2018,CP01,Food & non-alcoholic beverages,142678.0,1360253.0,10.489078134729349,35.236092109335544,,10.5,-0.0109218652706513,,False,False,,
Eurostat,DE,DEU,2009,2018,CP04,Housing & utilities (incl. imputed rent),336622.0,1360253.0,24.747013974606197,35.236092109335544,9.153003154560215,24.7,0.0470139746061946,,False,False,,
Eurostat,DE,DEU,2010,2018,CP01,Food & non-alcoholic beverages,141767.0,1390923.0,10.19229676984276,34.997336301146795,,10.2,-0.0077032301572401,,False,False,,
Eurostat,DE,DEU,2010,2018,CP04,Housing & utilities (incl. imputed rent),345019.0,1390923.0,24.805039531304036,34.997336301146795,9.121856493853365,24.8,0.0050395313040318,,False,False,,
Eurostat,DE,DEU,2011,2018,CP01,Food & non-alcoholic beverages,139992.0,1435480.0,9.752277983670968,34.17595508122718,,9.8,-0.0477220163290326,,False,False,,
Eurostat,DE,DEU,2011,2018,CP04,Housing & utilities (incl. imputed rent),350597.0,1435480.0,24.42367709755622,34.17595508122718,9.058224426672613,24.4,0.0236770975562201,,False,False,,
Eurostat,DE,DEU,2012,2018,CP01,Food & non-alcoholic beverages,144340.0,1474461.0,9.789339968978494,34.43346416080181,,9.8,-0.0106600310215068,,False,False,,
Eurostat,DE,DEU,2012,2018,CP04,Housing & utilities (incl. imputed rent),363368.0,1474461.0,24.64412419182332,34.43346416080181,9.080742047432928,24.6,0.0441241918233146,,False,False,,
Eurostat,DE,DEU,2013,2018,CP01,Food & non-alcoholic beverages,146963.0,1500520.0,9.794138032148854,34.94575213925839,,9.8,-0.0058619678511462,,False,False,,
Eurostat,DE,DEU,2013,2018,CP04,Housing & utilities (incl. imputed rent),377405.0,1500520.0,25.151614107109538,34.94575213925839,9.231066563591288,25.2,-0.0483858928904616,,False,False,,
Eurostat,DE,DEU,2014,2018,CP01,Food & non-alcoholic beverages,152742.0,1535729.0,9.945895402118472,34.699741946658555,,9.9,0.0458954021184716,,False,False,,
Eurostat,DE,DEU,2014,2018,CP04,Housing & utilities (incl. imputed rent),380152.0,1535729.0,24.753846544540085,34.699741946658555,9.35946381164906,24.8,-0.0461534554599154,,False,False,,
Eurostat,DE,DEU,2015,2018,CP01,Food & non-alcoholic beverages,160713.0,1582915.0,10.152977260307724,34.68802810005591,,10.2,-0.0470227396922755,,False,False,,
Eurostat,DE,DEU,2015,2018,CP04,Housing & utilities (incl. imputed rent),388369.0,1582915.0,24.535050839748184,34.68802810005591,9.384647943825158,24.5,0.0350508397481839,,False,False,,
Eurostat,DE,DEU,2016,2018,CP01,Food & non-alcoholic beverages,163913.0,1632957.0,10.03780258757579,34.32962411135137,,10.0,0.0378025875757899,,False,False,,
Eurostat,DE,DEU,2016,2018,CP04,Housing & utilities (incl. imputed rent),396675.0,1632957.0,24.29182152377558,34.32962411135137,9.400859912416555,24.3,-0.008178476224419,,False,False,,
Eurostat,DE,DEU,2017,2018,CP01,Food & non-alcoholic beverages,169668.0,1687547.0,10.05411997413998,34.27228989770359,,10.1,-0.0458800258600202,,False,False,,
Eurostat,DE,DEU,2017,2018,CP04,Housing & utilities (incl. imputed rent),408693.0,1687547.0,24.21816992356361,34.27228989770359,9.451292319562064,24.2,0.0181699235636116,,False,False,,
Eurostat,DE,DEU,2018,2018,CP01,Food & non-alcoholic beverages,176838.0,1745722.0,10.12979157047915,34.33628034704266,,10.1,0.0297915704791496,,False,False,,
Eurostat,DE,DEU,2018,2018,CP04,Housing & utilities (incl. imputed rent),422578.0,1745722.0,24.20648877656351,34.33628034704266,9.52918047661655,24.2,0.0064887765635113,,False,False,,
Eurostat,DE,DEU,2019,2018,CP01,Food & non-alcoholic beverages,182517.0,1807195.0,10.099463533265642,34.37454176223374,,10.1,-0.0005364667343581,,False,False,,
Eurostat,DE,DEU,2019,2018,CP04,Housing & utilities (incl. imputed rent),438698.0,1807195.0,24.2750782289681,34.37454176223374,9.588561278666663,24.3,-0.0249217710319022,,False,False,,
Eurostat,DE,DEU,2020,2018,CP01,Food & non-alcoholic beverages,196507.0,1718099.0,11.437466641910625,37.740258273824736,,11.4,0.0374666419106226,p,False,False,,
Eurostat,DE,DEU,2020,2018,CP04,Housing & utilities (incl. imputed rent),451908.0,1718099.0,26.302791631914108,37.740258273824736,10.504575114705265,26.3,0.002791631914107,p,False,False,,
Eurostat,DE,DEU,2021,2018,CP01,Food & non-alcoholic beverages,204576.0,1810245.0,11.301011741504604,37.64341290819751,,11.3,0.0010117415046018,p,False,False,,
Eurostat,DE,DEU,2021,2018,CP04,Housing & utilities (incl. imputed rent),476862.0,1810245.0,26.34240116669291,37.64341290819751,10.387709950863004,26.3,0.0424011666929082,p,False,False,,
Eurostat,DE,DEU,2022,2018,CP01,Food & non-alcoholic beverages,223650.0,2039004.0,10.96859054714949,35.74926777975914,,11.0,-0.0314094528505091,p,False,False,,
Eurostat,DE,DEU,2022,2018,CP04,Housing & utilities (incl. imputed rent),505279.0,2039004.0,24.780677232609648,35.74926777975914,9.639559314253429,24.8,-0.0193227673903528,p,False,False,,
Eurostat,DE,DEU,2023,2018,CP01,Food & non-alcoholic beverages,237128.0,2161230.0,10.971900260499808,35.79234972677596,,11.0,-0.0280997395001918,p,False,False,,
Eurostat,DE,DEU,2023,2018,CP04,Housing & utilities (incl. imputed rent),536427.0,2161230.0,24.82044946627615,35.79234972677596,9.493066448272511,24.8,0.0204494662761476,p,False,False,,
Eurostat,DE,DEU,2024,2018,CP01,Food & non-alcoholic beverages,257495.0,2243023.0,11.479819868097652,36.06596989865909,,11.5,-0.0201801319023484,p,False,False,,
Eurostat,DE,DEU,2024,2018,CP04,Housing & utilities (incl. imputed rent),551473.0,2243023.0,24.586150030561438,36.06596989865909,9.535479573771646,24.6,-0.0138499694385672,p,False,False,,
Eurostat,DE,DEU,2025,2018,CP01,Food & non-alcoholic beverages,266098.0,2326103.0,11.439648201304928,35.82597159283144,,11.4,0.0396482013049279,p,False,False,,
Eurostat,DE,DEU,2025,2018,CP04,Housing & utilities (incl. imputed rent),567251.0,2326103.0,24.38632339152652,35.82597159283144,9.5411080248811,24.4,-0.0136766084734816,p,False,False,,
Eurostat,DK,DNK,1975,2018,CP01,Food & non-alcoholic beverages,21644.0,124714.5,17.354838451022133,38.192190964162144,,17.4,-0.045161548977866,,False,False,,
Eurostat,DK,DNK,1975,2018,CP04,Housing & utilities (incl. imputed rent),25987.2,124714.5,20.83735251314001,38.192190964162144,7.8289212561490436,20.8,0.0373525131400107,,False,False,,
Eurostat,DK,DNK,1976,2018,CP01,Food & non-alcoholic beverages,25232.9,147151.0,17.147623869358686,38.27129954944241,,17.1,0.0476238693586843,,False,False,,
Eurostat,DK,DNK,1976,2018,CP04,Housing & utilities (incl. imputed rent),31083.7,147151.0,21.12367568008372,38.27129954944241,8.02216770528233,21.1,0.0236756800837198,,False,False,,
Eurostat,DK,DNK,1977,2018,CP01,Food & non-alcoholic beverages,28023.7,163937.0,17.094188621238647,38.92123193665859,,17.1,-0.0058113787613542,,False,False,,
Eurostat,DK,DNK,1977,2018,CP04,Housing & utilities (incl. imputed rent),35782.6,163937.0,21.827043315419942,38.92123193665859,8.403228069319312,21.8,0.0270433154199452,,False,False,,
Eurostat,DK,DNK,1978,2018,CP01,Food & non-alcoholic beverages,30784.7,179879.7,17.114049000526464,39.64077102641376,,17.1,0.0140490005264624,,False,False,,
Eurostat,DK,DNK,1978,2018,CP04,Housing & utilities (incl. imputed rent),40521.0,179879.7,22.5267220258873,39.64077102641376,8.638829173052878,22.5,0.0267220258872988,,False,False,,
Eurostat,DK,DNK,1979,2018,CP01,Food & non-alcoholic beverages,32134.3,198532.1,16.185946756217255,40.07462773022599,,16.2,-0.0140532437827438,,False,False,,
Eurostat,DK,DNK,1979,2018,CP04,Housing & utilities (incl. imputed rent),47426.7,198532.1,23.888680974008736,40.07462773022599,8.728512920580602,23.9,-0.0113190259912627,,False,False,,
Eurostat,DK,DNK,1980,2018,CP01,Food & non-alcoholic beverages,34347.5,211639.3,16.229263657553204,42.12067418480405,,16.2,0.029263657553205,,False,False,,
Eurostat,DK,DNK,1980,2018,CP04,Housing & utilities (incl. imputed rent),54796.4,211639.3,25.891410527250848,42.12067418480405,9.01954410168622,25.9,-0.0085894727491506,,False,False,,
Eurostat,DK,DNK,1981,2018,CP01,Food & non-alcoholic beverages,38782.8,235683.0,16.45549318364074,42.73218687813716,,16.5,-0.0445068163592594,,False,False,,
Eurostat,DK,DNK,1981,2018,CP04,Housing & utilities (incl. imputed rent),61929.7,235683.0,26.276693694496423,42.73218687813716,8.96857219230916,26.3,-0.0233063055035778,,False,False,,
Eurostat,DK,DNK,1982,2018,CP01,Food & non-alcoholic beverages,42831.0,263946.8,16.227133649659706,42.23097230199419,,16.2,0.0271336496597065,,False,False,,
Eurostat,DK,DNK,1982,2018,CP04,Housing & utilities (incl. imputed rent),68636.3,263946.8,26.003838652334487,42.23097230199419,8.901111890729496,26.0,0.0038386523344868,,False,False,,
Eurostat,DK,DNK,1983,2018,CP01,Food & non-alcoholic beverages,44719.2,287852.3,15.535467321261637,40.68666465406044,,15.5,0.0354673212616347,,False,False,,
Eurostat,DK,DNK,1983,2018,CP04,Housing & utilities (incl. imputed rent),72398.3,287852.3,25.1511973327988,40.68666465406044,9.153652758723831,25.2,-0.0488026672011976,,False,False,,
Eurostat,DK,DNK,1984,2018,CP01,Food & non-alcoholic beverages,49080.0,319188.1,15.376513096822848,39.46992384741161,,15.4,-0.0234869031771527,,False,False,,
Eurostat,DK,DNK,1984,2018,CP04,Housing & utilities (incl. imputed rent),76903.3,319188.1,24.093410750588763,39.46992384741161,8.705023777515516,24.1,-0.0065892494112382,,False,False,,
Eurostat,DK,DNK,1985,2018,CP01,Food & non-alcoholic beverages,50387.7,344610.6,14.621633809290834,38.7334283971532,,14.6,0.0216338092908348,,False,False,,
Eurostat,DK,DNK,1985,2018,CP04,Housing & utilities (incl. imputed rent),83091.8,344610.6,24.111794587862363,38.7334283971532,8.694480088540516,24.1,0.0117945878623615,,False,False,,
Eurostat,DK,DNK,1986,2018,CP01,Food & non-alcoholic beverages,51878.7,369098.0,14.055535386265976,38.14569572308709,,14.1,-0.0444646137340232,,False,False,,
Eurostat,DK,DNK,1986,2018,CP04,Housing & utilities (incl. imputed rent),88916.3,369098.0,24.090160336821118,38.14569572308709,8.659272063246076,24.1,-0.0098396631788872,,False,False,,
Eurostat,DK,DNK,1987,2018,CP01,Food & non-alcoholic beverages,51952.3,376726.4,13.790459070561552,39.23940557391253,,13.8,-0.0095409294384474,,False,False,,
Eurostat,DK,DNK,1987,2018,CP04,Housing & utilities (incl. imputed rent),95872.9,376726.4,25.44894650335097,39.23940557391253,9.345748001732822,25.4,0.0489465033509723,,False,False,,
Eurostat,DK,DNK,1988,2018,CP01,Food & non-alcoholic beverages,53854.2,386013.2,13.951388190870157,39.24013479331794,,14.0,-0.0486118091298433,,False,False,,
Eurostat,DK,DNK,1988,2018,CP04,Housing & utilities (incl. imputed rent),97617.9,386013.2,25.288746602447787,39.24013479331794,9.785805252255622,25.3,-0.0112533975522133,,False,False,,
Eurostat,DK,DNK,1989,2018,CP01,Food & non-alcoholic beverages,56651.6,405042.5,13.98658165501151,39.65625829388274,,14.0,-0.0134183449884908,,False,False,,
Eurostat,DK,DNK,1989,2018,CP04,Housing & utilities (incl. imputed rent),103973.1,405042.5,25.66967663887123,39.65625829388274,10.011344488541326,25.7,-0.0303233611287687,,False,False,,
Eurostat,DK,DNK,1990,2018,CP01,Food & non-alcoholic beverages,57870.8,417800.8,13.85128989700355,40.11816157364945,,13.9,-0.0487101029964502,,False,False,,
Eurostat,DK,DNK,1990,2018,CP04,Housing & utilities (incl. imputed rent),109743.2,417800.8,26.266871676645906,40.11816157364945,10.379635462641524,26.3,-0.0331283233540986,,False,False,,
Eurostat,DK,DNK,1991,2018,CP01,Food & non-alcoholic beverages,58950.9,438288.6,13.450247165908491,39.96339398286882,,13.5,-0.0497528340915085,,False,False,,
Eurostat,DK,DNK,1991,2018,CP04,Housing & utilities (incl. imputed rent),116204.1,438288.6,26.513146816960337,39.96339398286882,10.473487104159224,26.5,0.0131468169603365,,False,False,,
Eurostat,DK,DNK,1992,2018,CP01,Food & non-alcoholic beverages,61202.4,455052.4,13.44952801040056,39.85171817575295,,13.4,0.0495280104005608,,False,False,,
Eurostat,DK,DNK,1992,2018,CP04,Housing & utilities (incl. imputed rent),120143.8,455052.4,26.402190165352383,39.85171817575295,10.587000530048847,26.4,0.0021901653523848,,False,False,,
Eurostat,DK,DNK,1993,2018,CP01,Food & non-alcoholic beverages,59727.6,453605.4,13.167303563846462,40.58174792451765,,13.2,-0.0326964361535377,,False,False,,
Eurostat,DK,DNK,1993,2018,CP04,Housing & utilities (incl. imputed rent),124353.4,453605.4,27.414444360671187,40.58174792451765,11.158332771170713,27.4,0.0144443606711881,,False,False,,
Eurostat,DK,DNK,1994,2018,CP01,Food & non-alcoholic beverages,63784.2,494977.9,12.886272296197465,38.78639834222901,,12.9,-0.0137277038025356,,False,False,,
Eurostat,DK,DNK,1994,2018,CP04,Housing & utilities (incl. imputed rent),128199.9,494977.9,25.900126046031545,38.78639834222901,10.599846983067325,25.9,0.0001260460315464,,False,False,,
Eurostat,DK,DNK,1995,2018,CP01,Food & non-alcoholic beverages,66640.5,512218.9,13.010160304510435,38.86984646603239,,13.0,0.0101603045104354,,False,False,,
Eurostat,DK,DNK,1995,2018,CP04,Housing & utilities (incl. imputed rent),132458.2,512218.9,25.85968616152196,38.86984646603239,10.567435133689912,25.9,-0.0403138384780383,,False,False,,
Eurostat,DK,DNK,1996,2018,CP01,Food & non-alcoholic beverages,68043.3,532897.4,12.768555448009316,38.86185220644724,,12.8,-0.0314445519906847,,False,False,,
Eurostat,DK,DNK,1996,2018,CP04,Housing & utilities (incl. imputed rent),139050.5,532897.4,26.09329675843793,38.86185220644724,10.411460067172404,26.1,-0.0067032415620715,,False,False,,
Eurostat,DK,DNK,1997,2018,CP01,Food & non-alcoholic beverages,70570.5,556350.0,12.684551091938529,38.29670171654534,,12.7,-0.0154489080614705,,False,False,,
Eurostat,DK,DNK,1997,2018,CP04,Housing & utilities (incl. imputed rent),142493.2,556350.0,25.612150624606816,38.29670171654534,10.319690842095802,25.6,0.0121506246068143,,False,False,,
Eurostat,DK,DNK,1998,2018,CP01,Food & non-alcoholic beverages,71922.9,577690.6,12.45007275520841,38.01799786944776,,12.5,-0.0499272447915899,,False,False,,
Eurostat,DK,DNK,1998,2018,CP04,Housing & utilities (incl. imputed rent),147703.5,577690.6,25.567925114239355,38.01799786944776,10.23303823880811,25.6,-0.0320748857606467,,False,False,,
Eurostat,DK,DNK,1999,2018,CP01,Food & non-alcoholic beverages,70825.2,588975.1,12.025160316624593,37.73772439615868,,12.0,0.025160316624591,,False,False,,
Eurostat,DK,DNK,1999,2018,CP04,Housing & utilities (incl. imputed rent),151440.6,588975.1,25.712564079534094,37.73772439615868,10.282709744435715,25.7,0.0125640795340942,,False,False,,
Eurostat,DK,DNK,2000,2018,CP01,Food & non-alcoholic beverages,72884.8,608299.9,11.981721515982494,37.90797927140873,,12.0,-0.0182784840175056,,False,False,,
Eurostat,DK,DNK,2000,2018,CP04,Housing & utilities (incl. imputed rent),157709.4,608299.9,25.926257755426228,37.90797927140873,10.362536636945032,25.9,0.0262577554262293,,False,False,,
Eurostat,DK,DNK,2001,2018,CP01,Food & non-alcoholic beverages,75750.7,626305.2,12.094854074339477,38.618887405054274,,12.1,-0.0051459256605248,,False,False,,
Eurostat,DK,DNK,2001,2018,CP04,Housing & utilities (incl. imputed rent),166121.4,626305.2,26.5240333307148,38.618887405054274,10.52721580469075,26.5,0.0240333307148006,,False,False,,
Eurostat,DK,DNK,2002,2018,CP01,Food & non-alcoholic beverages,77038.2,647387.8,11.89985353446574,38.557291317507065,,11.9,-0.0001464655342608,,False,False,,
Eurostat,DK,DNK,2002,2018,CP04,Housing & utilities (incl. imputed rent),172577.0,647387.8,26.65743778304132,38.557291317507065,10.688956449287428,26.7,-0.0425622169586787,,False,False,,
Eurostat,DK,DNK,2003,2018,CP01,Food & non-alcoholic beverages,77554.9,662576.1,11.705055464572297,38.88265815805912,,11.7,0.0050554645722957,,False,False,,
Eurostat,DK,DNK,2003,2018,CP04,Housing & utilities (incl. imputed rent),180072.3,662576.1,27.17760269348683,38.88265815805912,10.878267417131408,27.2,-0.0223973065131701,,False,False,,
Eurostat,DK,DNK,2004,2018,CP01,Food & non-alcoholic beverages,79991.7,703794.2,11.36577993964713,37.92662684631389,,11.4,-0.0342200603528706,,False,False,,
Eurostat,DK,DNK,2004,2018,CP04,Housing & utilities (incl. imputed rent),186933.7,703794.2,26.56084690666675,37.92662684631389,10.649178410393263,26.6,-0.0391530933332511,,False,False,,
Eurostat,DK,DNK,2005,2018,CP01,Food & non-alcoholic beverages,81527.9,745481.2,10.936278473555069,37.380808530114514,,10.9,0.0362784735550683,,False,False,,
Eurostat,DK,DNK,2005,2018,CP04,Housing & utilities (incl. imputed rent),197139.0,745481.2,26.444530056559444,37.380808530114514,10.413837397911577,26.4,0.044530056559445,,False,False,,
Eurostat,DK,DNK,2006,2018,CP01,Food & non-alcoholic beverages,84503.7,783484.2,10.78562911670714,36.87862499333108,,10.8,-0.0143708832928606,,False,False,,
Eurostat,DK,DNK,2006,2018,CP04,Housing & utilities (incl. imputed rent),204434.5,783484.2,26.09299587662393,36.87862499333108,10.34473956207413,26.1,-0.0070041233760704,,False,False,,
Eurostat,DK,DNK,2007,2018,CP01,Food & non-alcoholic beverages,87657.6,810119.9,10.820324250768312,36.77685241406858,,10.8,0.0203242507683114,,False,False,,
Eurostat,DK,DNK,2007,2018,CP04,Housing & utilities (incl. imputed rent),210279.0,810119.9,25.95652816330027,36.77685241406858,10.418889845811712,26.0,-0.0434718366997302,,False,False,,
Eurostat,DK,DNK,2008,2018,CP01,Food & non-alcoholic beverages,94372.0,836036.2,11.288027958597963,37.71996954198873,,11.3,-0.0119720414020356,,False,False,,
Eurostat,DK,DNK,2008,2018,CP04,Housing & utilities (incl. imputed rent),220980.6,836036.2,26.431941583390767,37.71996954198873,10.420912395898648,26.4,0.0319415833907683,,False,False,,
Eurostat,DK,DNK,2009,2018,CP01,Food & non-alcoholic beverages,91642.8,810507.7,11.306838910969017,39.60659473068547,,11.3,0.0068389109690141,,False,False,,
Eurostat,DK,DNK,2009,2018,CP04,Housing & utilities (incl. imputed rent),229371.7,810507.7,28.29975581971646,39.60659473068547,11.1815717481771,28.3,-0.0002441802835413,,False,False,,
Eurostat,DK,DNK,2010,2018,CP01,Food & non-alcoholic beverages,94482.0,841950.4,11.2218011892387,40.83898528939472,,11.2,0.0218011892387011,,False,False,,
Eurostat,DK,DNK,2010,2018,CP04,Housing & utilities (incl. imputed rent),249362.0,841950.4,29.61718410015602,40.83898528939472,11.63410576204964,29.6,0.0171841001560189,,False,False,,
Eurostat,DK,DNK,2011,2018,CP01,Food & non-alcoholic beverages,96905.0,864964.5,11.20334996407367,40.85616230492696,,11.2,0.0033499640736707,,False,False,,
Eurostat,DK,DNK,2011,2018,CP04,Housing & utilities (incl. imputed rent),256486.3,864964.5,29.65281234085329,40.85616230492696,12.089224471062106,29.7,-0.0471876591467044,,False,False,,
Eurostat,DK,DNK,2012,2018,CP01,Food & non-alcoholic beverages,101134.2,886844.1,11.403830729662632,41.30388869926519,,11.4,0.0038307296626314,,False,False,,
Eurostat,DK,DNK,2012,2018,CP04,Housing & utilities (incl. imputed rent),265166.9,886844.1,29.90005796960255,41.30388869926519,12.138334122085269,29.9,5.7969602551111166e-05,,False,False,,
Eurostat,DK,DNK,2013,2018,CP01,Food & non-alcoholic beverages,103847.3,910184.4,11.409479222012594,41.63563998679828,,11.4,0.0094792220125938,,False,False,,
Eurostat,DK,DNK,2013,2018,CP04,Housing & utilities (incl. imputed rent),275113.8,910184.4,30.22616076478568,41.63563998679828,12.158887803394563,30.2,0.0261607647856827,,False,False,,
Eurostat,DK,DNK,2014,2018,CP01,Food & non-alcoholic beverages,104337.3,914195.9,11.4130133377321,41.64613951998691,,11.4,0.0130133377320991,,False,False,,
Eurostat,DK,DNK,2014,2018,CP04,Housing & utilities (incl. imputed rent),276390.0,914195.9,30.23312618225481,41.64613951998691,12.459627088679788,30.2,0.0331261822548114,,False,False,,
Eurostat,DK,DNK,2015,2018,CP01,Food & non-alcoholic beverages,105928.4,937240.5,11.302157770604236,41.22711299821123,,11.3,0.002157770604235,,False,False,,
Eurostat,DK,DNK,2015,2018,CP04,Housing & utilities (incl. imputed rent),280468.8,937240.5,29.924955227607004,41.22711299821123,12.497539318883469,29.9,0.0249552276070055,,False,False,,
Eurostat,DK,DNK,2016,2018,CP01,Food & non-alcoholic beverages,111468.9,972592.4,11.461008743230977,40.90934701936803,,11.5,-0.0389912567690231,,False,False,,
Eurostat,DK,DNK,2016,2018,CP04,Housing & utilities (incl. imputed rent),286412.3,972592.4,29.44833827613705,40.90934701936803,12.341038239657228,29.4,0.0483382761370556,,False,False,,
Eurostat,DK,DNK,2017,2018,CP01,Food & non-alcoholic beverages,116073.1,1011997.1,11.4697067807803,40.32536259244221,,11.5,-0.0302932192196987,,False,False,,
Eurostat,DK,DNK,2017,2018,CP04,Housing & utilities (incl. imputed rent),292018.4,1011997.1,28.85565581166191,40.32536259244221,12.13430354691728,28.9,-0.044344188338087,,False,False,,
Eurostat,DK,DNK,2018,2018,CP01,Food & non-alcoholic beverages,119421.6,1055157.7,11.317891155037774,39.9950547676428,,11.3,0.0178911550377733,,False,False,,
Eurostat,DK,DNK,2018,2018,CP04,Housing & utilities (incl. imputed rent),302589.3,1055157.7,28.677163612605018,39.9950547676428,11.862539599530953,28.7,-0.0228363873949817,,False,False,,
Eurostat,DK,DNK,2019,2018,CP01,Food & non-alcoholic beverages,122175.4,1081235.6,11.299609446821764,39.94598402050394,,11.3,-0.0003905531782368,,False,False,,
Eurostat,DK,DNK,2019,2018,CP04,Housing & utilities (incl. imputed rent),309734.8,1081235.6,28.64637457368218,39.94598402050394,11.891164145908624,28.6,0.0463745736821792,,False,False,,
Eurostat,DK,DNK,2020,2018,CP01,Food & non-alcoholic beverages,130773.3,1066567.4,12.261137927148347,42.16052356372415,,12.3,-0.0388620728516535,,False,False,,
Eurostat,DK,DNK,2020,2018,CP04,Housing & utilities (incl. imputed rent),318897.1,1066567.4,29.899385636575804,42.16052356372415,12.393281474757249,29.9,-0.0006143634241944,,False,False,,
Eurostat,DK,DNK,2021,2018,CP01,Food & non-alcoholic beverages,137173.3,1138876.4,12.04461695755571,41.21426170566007,,12.0,0.0446169575557107,,False,False,,
Eurostat,DK,DNK,2021,2018,CP04,Housing & utilities (incl. imputed rent),332206.2,1138876.4,29.16964474810436,41.21426170566007,11.750318120561635,29.2,-0.0303552518956387,,False,False,,
Eurostat,DK,DNK,2022,2018,CP01,Food & non-alcoholic beverages,145836.4,1218722.8,11.96633065369746,41.34338013533512,,12.0,-0.0336693463025401,,False,False,,
Eurostat,DK,DNK,2022,2018,CP04,Housing & utilities (incl. imputed rent),358024.8,1218722.8,29.377049481637663,41.34338013533512,11.36418388168335,29.4,-0.0229505183623359,,False,False,,
Eurostat,DK,DNK,2023,2018,CP01,Food & non-alcoholic beverages,149089.1,1230680.7,12.114360776113578,40.819320559752015,,12.1,0.0143607761135786,,False,False,,
Eurostat,DK,DNK,2023,2018,CP04,Housing & utilities (incl. imputed rent),353266.4,1230680.7,28.70495978363844,40.819320559752015,11.832224231679266,28.7,0.0049597836384407,,False,False,,
Eurostat,DK,DNK,2024,2018,CP01,Food & non-alcoholic beverages,149662.4,1260577.7,11.87252479557587,40.82149002001225,,11.9,-0.0274752044241299,,False,False,,
Eurostat,DK,DNK,2024,2018,CP04,Housing & utilities (incl. imputed rent),364924.2,1260577.7,28.948965224436385,40.82149002001225,11.909737892396478,28.9,0.0489652244363867,,False,False,,
Eurostat,DK,DNK,2025,2018,CP01,Food & non-alcoholic beverages,158687.9,1321251.1,12.010427086872436,40.66691032461581,,12.0,0.0104270868724345,,False,False,,
Eurostat,DK,DNK,2025,2018,CP04,Housing & utilities (incl. imputed rent),378624.1,1321251.1,28.656483237743373,40.66691032461581,11.807717700291793,28.7,-0.0435167622566261,,False,False,,
Eurostat,ES,ESP,1995,2018,CP01,Food & non-alcoholic beverages,48408.0,289083.0,16.745363788254583,31.09487586610074,,16.7,0.0453637882545834,,False,True,,
Eurostat,ES,ESP,1995,2018,CP04,Housing & utilities (incl. imputed rent),41482.0,289083.0,14.349512077846155,31.09487586610074,8.652532317708063,14.3,0.0495120778461544,,False,True,,
Eurostat,ES,ESP,1996,2018,CP01,Food & non-alcoholic beverages,50109.0,305086.0,16.42454914352019,31.164327435542766,,16.4,0.0245491435201898,,False,True,,
Eurostat,ES,ESP,1996,2018,CP04,Housing & utilities (incl. imputed rent),44969.0,305086.0,14.739778292022576,31.164327435542766,8.991890811115555,14.7,0.0397782920225768,,False,True,,
Eurostat,ES,ESP,1997,2018,CP01,Food & non-alcoholic beverages,50902.0,323734.0,15.723402546535118,30.69124651720239,,15.7,0.0234025465351184,,False,True,,
Eurostat,ES,ESP,1997,2018,CP04,Housing & utilities (incl. imputed rent),48456.0,323734.0,14.967843970667277,30.69124651720239,9.249569090673209,15.0,-0.0321560293327234,,False,True,,
Eurostat,ES,ESP,1998,2018,CP01,Food & non-alcoholic beverages,51490.0,344714.0,14.937020254471822,30.04316621895252,,14.9,0.0370202544718214,,False,True,,
Eurostat,ES,ESP,1998,2018,CP04,Housing & utilities (incl. imputed rent),52073.0,344714.0,15.1061459644807,30.04316621895252,9.378789373219538,15.1,0.0061459644806998,,False,True,,
Eurostat,ES,ESP,1999,2018,CP01,Food & non-alcoholic beverages,52988.0,369894.0,14.325185053015188,29.51656420488032,,14.3,0.0251850530151873,,False,True,,
Eurostat,ES,ESP,1999,2018,CP04,Housing & utilities (incl. imputed rent),56192.0,369894.0,15.191379151865128,29.51656420488032,9.374577581685564,15.2,-0.0086208481348712,,False,True,,
Eurostat,ES,ESP,2000,2018,CP01,Food & non-alcoholic beverages,56762.0,402770.0,14.092906621645106,29.31697991409489,,14.1,-0.0070933783548934,,False,True,,
Eurostat,ES,ESP,2000,2018,CP04,Housing & utilities (incl. imputed rent),61318.0,402770.0,15.224073292449786,29.31697991409489,9.39146411103111,15.2,0.0240732924497866,,False,True,,
Eurostat,ES,ESP,2001,2018,CP01,Food & non-alcoholic beverages,60694.0,432653.0,14.02833217382059,29.31933905462345,,14.0,0.0283321738205906,,False,True,,
Eurostat,ES,ESP,2001,2018,CP04,Housing & utilities (incl. imputed rent),66157.0,432653.0,15.29100688080286,29.31933905462345,9.520331535895972,15.3,-0.0089931191971412,,False,True,,
Eurostat,ES,ESP,2002,2018,CP01,Food & non-alcoholic beverages,64495.0,455925.0,14.145966990184789,30.24313209409442,,14.1,0.0459669901847892,,False,True,,
Eurostat,ES,ESP,2002,2018,CP04,Housing & utilities (incl. imputed rent),73391.0,455925.0,16.09716510390963,30.24313209409442,10.114163513735813,16.1,-0.0028348960903699,,False,True,,
Eurostat,ES,ESP,2003,2018,CP01,Food & non-alcoholic beverages,67341.0,482130.0,13.967394686080516,30.679484786260968,,14.0,-0.0326053139194826,,False,True,,
Eurostat,ES,ESP,2003,2018,CP04,Housing & utilities (incl. imputed rent),80574.0,482130.0,16.71209010018045,30.679484786260968,10.549644286810612,16.7,0.0120901001804512,,False,True,,
Eurostat,ES,ESP,2004,2018,CP01,Food & non-alcoholic beverages,69468.0,517738.0,13.417597317562166,30.421371427246985,,13.4,0.0175973175621653,,False,True,,
Eurostat,ES,ESP,2004,2018,CP04,Housing & utilities (incl. imputed rent),88035.0,517738.0,17.003774109684823,30.421371427246985,10.848537291062277,17.0,0.0037741096848229,,False,True,,
Eurostat,ES,ESP,2005,2018,CP01,Food & non-alcoholic beverages,72116.0,555341.0,12.985895152707975,30.528270017880903,,13.0,-0.0141048472920228,,False,True,,
Eurostat,ES,ESP,2005,2018,CP04,Housing & utilities (incl. imputed rent),97420.0,555341.0,17.54237486517293,30.528270017880903,11.227155927619249,17.5,0.0423748651729312,,False,True,,
Eurostat,ES,ESP,2006,2018,CP01,Food & non-alcoholic beverages,75896.0,597776.0,12.696394636117878,30.930482321137013,,12.7,-0.0036053638821211,,False,True,,
Eurostat,ES,ESP,2006,2018,CP04,Housing & utilities (incl. imputed rent),108999.0,597776.0,18.234087685019137,30.930482321137013,11.594309574154869,18.2,0.0340876850191378,,False,True,,
Eurostat,ES,ESP,2007,2018,CP01,Food & non-alcoholic beverages,78931.0,637641.0,12.378595479274388,31.29723465084585,,12.4,-0.0214045207256123,,False,True,,
Eurostat,ES,ESP,2007,2018,CP04,Housing & utilities (incl. imputed rent),120633.0,637641.0,18.918639171571463,31.29723465084585,11.9827614598183,18.9,0.0186391715714648,,False,True,,
Eurostat,ES,ESP,2008,2018,CP01,Food & non-alcoholic beverages,82253.0,655801.0,12.542371847557416,32.567196451362534,,12.5,0.0423718475574155,,False,True,,
Eurostat,ES,ESP,2008,2018,CP04,Housing & utilities (incl. imputed rent),131323.0,655801.0,20.024824603805115,32.567196451362534,12.56082256660176,20.0,0.0248246038051149,,False,True,,
Eurostat,ES,ESP,2009,2018,CP01,Food & non-alcoholic beverages,78167.0,625889.0,12.488955709398953,34.61604214165771,,12.5,-0.011044290601049,,False,True,,
Eurostat,ES,ESP,2009,2018,CP04,Housing & utilities (incl. imputed rent),138491.0,625889.0,22.127086432258757,34.61604214165771,13.731508302590395,22.1,0.027086432258752,,False,True,,
Eurostat,ES,ESP,2010,2018,CP01,Food & non-alcoholic beverages,80117.0,641185.0,12.495145706777295,35.176119216762714,,12.5,-0.0048542932227046,,False,True,,
Eurostat,ES,ESP,2010,2018,CP04,Housing & utilities (incl. imputed rent),145427.0,641185.0,22.680973509985417,35.176119216762714,13.780890070728416,22.7,-0.019026490014582,,False,True,,
Eurostat,ES,ESP,2011,2018,CP01,Food & non-alcoholic beverages,81424.0,643908.0,12.645284730116725,36.09335495132845,,12.6,0.0452847301167249,,False,True,,
Eurostat,ES,ESP,2011,2018,CP04,Housing & utilities (incl. imputed rent),150984.0,643908.0,23.44807022121173,36.09335495132845,14.12453331842437,23.4,0.0480702212117272,,False,True,,
Eurostat,ES,ESP,2012,2018,CP01,Food & non-alcoholic beverages,82027.0,636405.0,12.889119350099389,37.0349070167582,,12.9,-0.0108806499006135,,False,True,,
Eurostat,ES,ESP,2012,2018,CP04,Housing & utilities (incl. imputed rent),153665.0,636405.0,24.14578766665881,37.0349070167582,14.547340137176798,24.1,0.0457876666588106,,False,True,,
Eurostat,ES,ESP,2013,2018,CP01,Food & non-alcoholic beverages,83018.0,624214.0,13.299605583982416,38.12442527722864,,13.3,-0.0003944160175848,,False,True,,
Eurostat,ES,ESP,2013,2018,CP04,Housing & utilities (incl. imputed rent),154960.0,624214.0,24.824819693246223,38.12442527722864,14.965220261000232,24.8,0.0248196932462256,,False,True,,
Eurostat,ES,ESP,2014,2018,CP01,Food & non-alcoholic beverages,83530.0,635897.0,13.135775133394246,37.47839665857836,,13.1,0.0357751333942459,,False,True,,
Eurostat,ES,ESP,2014,2018,CP04,Housing & utilities (incl. imputed rent),154794.0,635897.0,24.34262152518411,37.47839665857836,14.515872853622522,24.3,0.04262152518411,,False,True,,
Eurostat,ES,ESP,2015,2018,CP01,Food & non-alcoholic beverages,85614.0,653758.0,13.095671487002836,36.67565062301341,,13.1,-0.0043285129971639,,False,True,,
Eurostat,ES,ESP,2015,2018,CP04,Housing & utilities (incl. imputed rent),154156.0,653758.0,23.57997913601057,36.67565062301341,13.95898788236626,23.6,-0.0200208639894299,,False,True,,
Eurostat,ES,ESP,2016,2018,CP01,Food & non-alcoholic beverages,86024.0,675519.0,12.734504876990876,35.70721178826947,,12.7,0.0345048769908764,,False,True,,
Eurostat,ES,ESP,2016,2018,CP04,Housing & utilities (incl. imputed rent),155185.0,675519.0,22.972706911278586,35.70721178826947,13.645360086096764,23.0,-0.0272930887214144,,False,True,,
Eurostat,ES,ESP,2017,2018,CP01,Food & non-alcoholic beverages,87103.0,709756.0,12.272245673160915,34.7172831226506,,12.3,-0.0277543268390836,,False,True,,
Eurostat,ES,ESP,2017,2018,CP04,Housing & utilities (incl. imputed rent),159305.0,709756.0,22.44503744948968,34.7172831226506,13.062799046432858,22.4,0.0450374494896834,,False,True,,
Eurostat,ES,ESP,2018,2018,CP01,Food & non-alcoholic beverages,90779.0,731738.0,12.405943110785554,34.755472587182844,,12.4,0.0059431107855534,,False,True,,
Eurostat,ES,ESP,2018,2018,CP04,Housing & utilities (incl. imputed rent),163540.0,731738.0,22.34952947639729,34.755472587182844,12.962426442251187,22.3,0.0495294763972893,,False,True,,
Eurostat,ES,ESP,2019,2018,CP01,Food & non-alcoholic beverages,92472.0,745076.0,12.411082896241457,34.83845943232637,,12.4,0.0110828962414561,,False,True,,
Eurostat,ES,ESP,2019,2018,CP04,Housing & utilities (incl. imputed rent),167101.0,745076.0,22.427376536084907,34.83845943232637,12.940559083905534,22.4,0.0273765360849083,,False,True,,
Eurostat,ES,ESP,2020,2018,CP01,Food & non-alcoholic beverages,98428.0,628560.0,15.659284714267532,41.833874252259136,,15.7,-0.0407152857324675,,False,True,,
Eurostat,ES,ESP,2020,2018,CP04,Housing & utilities (incl. imputed rent),164523.0,628560.0,26.1745895379916,41.833874252259136,15.522304950999107,26.2,-0.0254104620083985,,False,True,,
Eurostat,ES,ESP,2021,2018,CP01,Food & non-alcoholic beverages,97523.0,695877.0,14.014401970463172,38.878566183391605,,14.0,0.0144019704631723,,False,True,,
Eurostat,ES,ESP,2021,2018,CP04,Housing & utilities (incl. imputed rent),173024.0,695877.0,24.864164212928436,38.878566183391605,14.396653431569083,24.9,-0.0358357870715657,,False,True,,
Eurostat,ES,ESP,2022,2018,CP01,Food & non-alcoholic beverages,103735.0,801127.0,12.948633612398533,35.83227128782328,,12.9,0.0486336123985324,,False,True,,
Eurostat,ES,ESP,2022,2018,CP04,Housing & utilities (incl. imputed rent),183327.0,801127.0,22.883637675424744,35.83227128782328,12.855389969380637,22.9,-0.0163623245752546,,False,True,,
Eurostat,ES,ESP,2023,2018,CP01,Food & non-alcoholic beverages,110797.0,864978.0,12.809227517925311,34.260640155009725,,12.8,0.0092275179253107,,False,True,,
Eurostat,ES,ESP,2023,2018,CP04,Housing & utilities (incl. imputed rent),185550.0,864978.0,21.45141263708441,34.260640155009725,12.361008025637648,21.5,-0.0485873629155904,,False,True,,
Eurostat,ES,ESP,2024,2018,CP01,Food & non-alcoholic beverages,114502.0,924466.0,12.38574485162245,33.24146047556103,,12.4,-0.0142551483775505,,False,True,,
Eurostat,ES,ESP,2024,2018,CP04,Housing & utilities (incl. imputed rent),192804.0,924466.0,20.855715623938572,33.24146047556103,11.962148959507434,20.9,-0.0442843760614231,,False,True,,
Eurostat,ES,ESP,2025,2018,CP01,Food & non-alcoholic beverages,,,,,,,,,False,True,,
Eurostat,ES,ESP,2025,2018,CP04,Housing & utilities (incl. imputed rent),,,,,,,,,False,True,,
Eurostat,EE,EST,1995,2018,CP01,Food & non-alcoholic beverages,482.5,1728.9,27.90791832957372,49.81780322748568,,27.9,0.0079183295737195,,False,False,,
Eurostat,EE,EST,1995,2018,CP04,Housing & utilities (incl. imputed rent),378.8,1728.9,21.909884897911965,49.81780322748568,13.453641043438022,21.9,0.0098848979119665,,False,False,,
Eurostat,EE,EST,1996,2018,CP01,Food & non-alcoholic beverages,590.9,2384.0,24.786073825503355,45.31040268456376,,24.8,-0.0139261744966461,,False,False,,
Eurostat,EE,EST,1996,2018,CP04,Housing & utilities (incl. imputed rent),489.3,2384.0,20.524328859060404,45.31040268456376,12.96979865771812,20.5,0.0243288590604038,,False,False,,
Eurostat,EE,EST,1997,2018,CP01,Food & non-alcoholic beverages,707.7,2935.2,24.1107931316435,46.29667484328156,,24.1,0.0107931316434992,,False,False,,
Eurostat,EE,EST,1997,2018,CP04,Housing & utilities (incl. imputed rent),651.2,2935.2,22.18588171163805,46.29667484328156,14.94957754156446,22.2,-0.0141182883619492,,False,False,,
Eurostat,EE,EST,1998,2018,CP01,Food & non-alcoholic beverages,716.3,3232.9,22.15657768566921,44.71527111880974,,22.2,-0.0434223143307868,,False,False,,
Eurostat,EE,EST,1998,2018,CP04,Housing & utilities (incl. imputed rent),729.3,3232.9,22.55869343314052,44.71527111880974,14.466887314794766,22.6,-0.0413065668594789,,False,False,,
Eurostat,EE,EST,1999,2018,CP01,Food & non-alcoholic beverages,707.2,3305.8,21.3927037328332,44.14362635368141,,21.4,-0.0072962671667973,,False,False,,
Eurostat,EE,EST,1999,2018,CP04,Housing & utilities (incl. imputed rent),752.1,3305.8,22.750922620848204,44.14362635368141,14.876883054026258,22.8,-0.0490773791517966,,False,False,,
Eurostat,EE,EST,2000,2018,CP01,Food & non-alcoholic beverages,756.2,3635.8,20.79872380218934,42.46658232025964,,20.8,-0.001276197810661,,False,False,,
Eurostat,EE,EST,2000,2018,CP04,Housing & utilities (incl. imputed rent),787.8,3635.8,21.6678585180703,42.46658232025964,14.588261180482972,21.7,-0.032141481929699,,False,False,,
Eurostat,EE,EST,2001,2018,CP01,Food & non-alcoholic beverages,836.8,4112.7,20.346730858073773,41.73170909621417,,20.3,0.0467308580737722,,False,False,,
Eurostat,EE,EST,2001,2018,CP04,Housing & utilities (incl. imputed rent),879.5,4112.7,21.384978238140395,41.73170909621417,14.243684197728983,21.4,-0.0150217618596038,,False,False,,
Eurostat,EE,EST,2002,2018,CP01,Food & non-alcoholic beverages,917.9,4588.3,20.005230695464547,40.389686812109055,,20.0,0.0052306954645473,,False,False,,
Eurostat,EE,EST,2002,2018,CP04,Housing & utilities (incl. imputed rent),935.3,4588.3,20.384456116644508,40.389686812109055,13.290325392847022,20.4,-0.015543883355491,,False,False,,
Eurostat,EE,EST,2003,2018,CP01,Food & non-alcoholic beverages,970.9,5043.4,19.250902169171592,39.13233136376254,,19.3,-0.0490978308284084,,False,False,,
Eurostat,EE,EST,2003,2018,CP04,Housing & utilities (incl. imputed rent),1002.7,5043.4,19.881429194590957,39.13233136376254,12.886148233334657,19.9,-0.0185708054090447,,False,False,,
Eurostat,EE,EST,2004,2018,CP01,Food & non-alcoholic beverages,1104.0,5709.2,19.337210117004133,38.53429552301548,,19.3,0.0372101170041325,,False,False,,
Eurostat,EE,EST,2004,2018,CP04,Housing & utilities (incl. imputed rent),1096.0,5709.2,19.19708540601135,38.53429552301548,12.493869543894064,19.2,-0.002914593988649,,False,False,,
Eurostat,EE,EST,2005,2018,CP01,Food & non-alcoholic beverages,1226.7,6485.9,18.91333508071355,36.79520189950508,,18.9,0.0133350807135528,,False,False,,
Eurostat,EE,EST,2005,2018,CP04,Housing & utilities (incl. imputed rent),1159.8,6485.9,17.881866818791533,36.79520189950508,11.62675958617925,17.9,-0.0181331812084657,,False,False,,
Eurostat,EE,EST,2006,2018,CP01,Food & non-alcoholic beverages,1355.5,7591.1,17.85643714349699,35.56928508384819,,17.9,-0.0435628565030086,,False,False,,
Eurostat,EE,EST,2006,2018,CP04,Housing & utilities (incl. imputed rent),1344.6,7591.1,17.7128479403512,35.56928508384819,11.687370736783866,17.7,0.0128479403512002,,False,False,,
Eurostat,EE,EST,2007,2018,CP01,Food & non-alcoholic beverages,1502.8,8741.9,17.190770885047872,35.22232009059815,,17.2,-0.0092291149521273,,False,False,,
Eurostat,EE,EST,2007,2018,CP04,Housing & utilities (incl. imputed rent),1576.3,8741.9,18.03154920555028,35.22232009059815,11.96650613710978,18.0,0.0315492055502808,,False,False,,
Eurostat,EE,EST,2008,2018,CP01,Food & non-alcoholic beverages,1772.3,8996.6,19.699664317631104,37.57975235088811,,19.7,-0.0003356823688953,,False,False,,
Eurostat,EE,EST,2008,2018,CP04,Housing & utilities (incl. imputed rent),1608.6,8996.6,17.880088033257007,37.57975235088811,11.88448969610742,17.9,-0.0199119667429918,,False,False,,
Eurostat,EE,EST,2009,2018,CP01,Food & non-alcoholic beverages,1571.8,7753.0,20.27344253837224,40.53785631368502,,20.3,-0.0265574616277604,,False,False,,
Eurostat,EE,EST,2009,2018,CP04,Housing & utilities (incl. imputed rent),1571.1,7753.0,20.264413775312786,40.53785631368502,12.92144976138269,20.3,-0.0355862246872185,,False,False,,
Eurostat,EE,EST,2010,2018,CP01,Food & non-alcoholic beverages,1572.7,7934.5,19.82103472178461,40.77509609931313,,19.8,0.0210347217846091,,False,False,,
Eurostat,EE,EST,2010,2018,CP04,Housing & utilities (incl. imputed rent),1662.6,7934.5,20.954061377528514,40.77509609931313,13.051862121116642,21.0,-0.0459386224714855,,False,False,,
Eurostat,EE,EST,2011,2018,CP01,Food & non-alcoholic beverages,1714.0,8629.4,19.862331100655897,40.38403597005586,,19.9,-0.0376688993441014,,False,False,,
Eurostat,EE,EST,2011,2018,CP04,Housing & utilities (incl. imputed rent),1770.9,8629.4,20.52170486939996,40.38403597005586,12.156117458919509,20.5,0.0217048693999579,,False,False,,
Eurostat,EE,EST,2012,2018,CP01,Food & non-alcoholic beverages,1827.0,9496.7,19.2382617119631,40.33085176956205,,19.2,0.0382617119631021,,False,False,,
Eurostat,EE,EST,2012,2018,CP04,Housing & utilities (incl. imputed rent),2003.1,9496.7,21.092590057598954,40.33085176956205,12.611749344509146,21.1,-0.0074099424010469,,False,False,,
Eurostat,EE,EST,2013,2018,CP01,Food & non-alcoholic beverages,2021.3,10231.5,19.75565655084787,40.87865904315105,,19.8,-0.0443434491521301,,False,False,,
Eurostat,EE,EST,2013,2018,CP04,Housing & utilities (incl. imputed rent),2161.2,10231.5,21.12300249230318,40.87865904315105,12.787958754825784,21.1,0.0230024923031777,,False,False,,
Eurostat,EE,EST,2014,2018,CP01,Food & non-alcoholic beverages,2179.9,10758.2,20.26268334851555,41.1918350653455,,20.3,-0.0373166514844491,,False,False,,
Eurostat,EE,EST,2014,2018,CP04,Housing & utilities (incl. imputed rent),2251.6,10758.2,20.92915171682995,41.1918350653455,13.1192950493577,20.9,0.0291517168299506,,False,False,,
Eurostat,EE,EST,2015,2018,CP01,Food & non-alcoholic beverages,2221.8,11150.1,19.926278688083517,40.83640505466319,,19.9,0.026278688083515,,False,False,,
Eurostat,EE,EST,2015,2018,CP04,Housing & utilities (incl. imputed rent),2331.5,11150.1,20.91012636657967,40.83640505466319,13.36759311575681,20.9,0.0101263665796729,,False,False,,
Eurostat,EE,EST,2016,2018,CP01,Food & non-alcoholic beverages,2278.0,11697.5,19.47424663389613,40.520624064971145,,19.5,-0.0257533661038706,,False,False,,
Eurostat,EE,EST,2016,2018,CP04,Housing & utilities (incl. imputed rent),2461.9,11697.5,21.046377431075012,40.520624064971145,13.45672152169267,21.0,0.0463774310750153,,False,False,,
Eurostat,EE,EST,2017,2018,CP01,Food & non-alcoholic beverages,2406.2,12504.2,19.24313430687289,40.290462404632045,,19.2,0.0431343068728899,,False,False,,
Eurostat,EE,EST,2017,2018,CP04,Housing & utilities (incl. imputed rent),2631.8,12504.2,21.047328097759152,40.290462404632045,13.537051550678973,21.0,0.0473280977591521,,False,False,,
Eurostat,EE,EST,2018,2018,CP01,Food & non-alcoholic beverages,2532.9,13433.0,18.855802873520435,39.94416734906574,,18.9,-0.0441971264795633,,False,False,,
Eurostat,EE,EST,2018,2018,CP04,Housing & utilities (incl. imputed rent),2832.8,13433.0,21.0883644755453,39.94416734906574,13.628377875381522,21.1,-0.0116355244547001,,False,False,,
Eurostat,EE,EST,2019,2018,CP01,Food & non-alcoholic beverages,2658.1,14286.9,18.60515577207092,40.02337805962106,,18.6,0.0051557720709176,,False,False,,
Eurostat,EE,EST,2019,2018,CP04,Housing & utilities (incl. imputed rent),3060.0,14286.9,21.418222287550133,40.02337805962106,13.90854559071597,21.4,0.0182222875501345,,False,False,,
Eurostat,EE,EST,2020,2018,CP01,Food & non-alcoholic beverages,2799.9,13707.3,20.42634216804185,42.30519504205788,,20.4,0.0263421680418503,,False,False,,
Eurostat,EE,EST,2020,2018,CP04,Housing & utilities (incl. imputed rent),2999.0,13707.3,21.87885287401604,42.30519504205788,14.268309586862475,21.9,-0.0211471259839619,,False,False,,
Eurostat,EE,EST,2021,2018,CP01,Food & non-alcoholic beverages,2944.2,15299.6,19.243640356610623,41.40500405239352,,19.2,0.0436403566106271,,False,False,,
Eurostat,EE,EST,2021,2018,CP04,Housing & utilities (incl. imputed rent),3390.6,15299.6,22.161363695782896,41.40500405239352,13.62976809851238,22.2,-0.0386363042171034,,False,False,,
Eurostat,EE,EST,2022,2018,CP01,Food & non-alcoholic beverages,3451.6,18708.3,18.449565166263103,42.33040949738886,,18.4,0.049565166263104,,False,False,,
Eurostat,EE,EST,2022,2018,CP04,Housing & utilities (incl. imputed rent),4467.7,18708.3,23.880844331125758,42.33040949738886,13.373208682777165,23.9,-0.0191556688742444,,False,False,,
Eurostat,EE,EST,2023,2018,CP01,Food & non-alcoholic beverages,3832.7,20095.6,19.072334242321705,43.39009534425446,,19.1,-0.0276657576782994,,False,False,,
Eurostat,EE,EST,2023,2018,CP04,Housing & utilities (incl. imputed rent),4886.8,20095.6,24.317761101932764,43.39009534425446,13.80501204243715,24.3,0.0177611019327628,,False,False,,
Eurostat,EE,EST,2024,2018,CP01,Food & non-alcoholic beverages,3875.1,20804.7,18.626079683917578,43.58342105389647,,18.6,0.026079683917576,,False,False,,
Eurostat,EE,EST,2024,2018,CP04,Housing & utilities (incl. imputed rent),5192.3,20804.7,24.9573413699789,43.58342105389647,14.092969377111904,25.0,-0.0426586300211013,,False,False,,
Eurostat,EE,EST,2025,2018,CP01,Food & non-alcoholic beverages,4073.1,21424.2,19.01167838239001,43.70758301360144,,19.0,0.0116783823900057,,False,False,,
Eurostat,EE,EST,2025,2018,CP04,Housing & utilities (incl. imputed rent),5290.9,21424.2,24.695904631211437,43.70758301360144,14.052333342668572,24.7,-0.0040953687885654,,False,False,,
Eurostat,FI,FIN,1990,2018,CP01,Food & non-alcoholic beverages,7095.0,43398.0,16.348679662657265,34.586847320153005,,16.3,0.048679662657264,,False,False,,
Eurostat,FI,FIN,1990,2018,CP04,Housing & utilities (incl. imputed rent),7915.0,43398.0,18.238167657495737,34.586847320153005,11.200977003548552,18.2,0.0381676574957374,,False,False,,
Eurostat,FI,FIN,1991,2018,CP01,Food & non-alcoholic beverages,7359.0,44054.0,16.70449902392518,37.1226222363463,,16.7,0.0044990239251809,,False,False,,
Eurostat,FI,FIN,1991,2018,CP04,Housing & utilities (incl. imputed rent),8995.0,44054.0,20.41812321242112,37.1226222363463,12.561855904117674,20.4,0.0181232124211199,,False,False,,
Eurostat,FI,FIN,1992,2018,CP01,Food & non-alcoholic beverages,7424.0,43709.0,16.98506028506715,39.42895055938136,,17.0,-0.0149397149328507,,False,False,,
Eurostat,FI,FIN,1992,2018,CP04,Housing & utilities (incl. imputed rent),9810.0,43709.0,22.443890274314214,39.42895055938136,13.644787114781852,22.4,0.0438902743142151,,False,False,,
Eurostat,FI,FIN,1993,2018,CP01,Food & non-alcoholic beverages,7488.0,44594.0,16.791496613894246,41.12436650670494,,16.8,-0.0085033861057546,,False,False,,
Eurostat,FI,FIN,1993,2018,CP04,Housing & utilities (incl. imputed rent),10851.0,44594.0,24.33286989281069,41.12436650670494,14.746378436560972,24.3,0.0328698928106909,,False,False,,
Eurostat,FI,FIN,1994,2018,CP01,Food & non-alcoholic beverages,7681.0,46192.0,16.628420505715276,41.34482161413232,,16.6,0.0284205057152746,,False,False,,
Eurostat,FI,FIN,1994,2018,CP04,Housing & utilities (incl. imputed rent),11417.0,46192.0,24.71640110841704,41.34482161413232,15.017751991686874,24.7,0.0164011084170425,,False,False,,
Eurostat,FI,FIN,1995,2018,CP01,Food & non-alcoholic beverages,7411.0,48375.0,15.319896640826874,39.89664082687339,,15.3,0.0198966408268734,,False,False,,
Eurostat,FI,FIN,1995,2018,CP04,Housing & utilities (incl. imputed rent),11889.0,48375.0,24.57674418604651,39.89664082687339,14.67906976744186,24.6,-0.0232558139534901,,False,False,,
Eurostat,FI,FIN,1996,2018,CP01,Food & non-alcoholic beverages,7068.0,50705.0,13.939453702790653,38.72201952470171,,13.9,0.0394537027906523,,False,False,,
Eurostat,FI,FIN,1996,2018,CP04,Housing & utilities (incl. imputed rent),12566.0,50705.0,24.782565821911053,38.72201952470171,14.659303816191697,24.8,-0.0174341780889477,,False,False,,
Eurostat,FI,FIN,1997,2018,CP01,Food & non-alcoholic beverages,7191.0,53684.0,13.395052529617764,38.61113180836004,,13.4,-0.0049474703822376,,False,False,,
Eurostat,FI,FIN,1997,2018,CP04,Housing & utilities (incl. imputed rent),13537.0,53684.0,25.21607927874227,38.61113180836004,14.954176290887416,25.2,0.0160792787422714,,False,False,,
Eurostat,FI,FIN,1998,2018,CP01,Food & non-alcoholic beverages,7335.0,57052.0,12.856692140503402,37.70595246441842,,12.9,-0.0433078594965987,,False,False,,
Eurostat,FI,FIN,1998,2018,CP04,Housing & utilities (incl. imputed rent),14177.0,57052.0,24.849260323915026,37.70595246441842,14.704129566009955,24.8,0.0492603239150248,,False,False,,
Eurostat,FI,FIN,1999,2018,CP01,Food & non-alcoholic beverages,7676.0,59755.0,12.845786963434024,37.73408083005606,,12.8,0.045786963434022,,False,False,,
Eurostat,FI,FIN,1999,2018,CP04,Housing & utilities (incl. imputed rent),14872.0,59755.0,24.888293866622043,37.73408083005606,14.69165760187432,24.9,-0.011706133377956,,False,False,,
Eurostat,FI,FIN,2000,2018,CP01,Food & non-alcoholic beverages,7921.0,62884.0,12.596208892564087,37.03803829272947,,12.6,-0.0037911074359122,,False,False,,
Eurostat,FI,FIN,2000,2018,CP04,Housing & utilities (incl. imputed rent),15370.0,62884.0,24.441829400165386,37.03803829272947,14.626932128999428,24.4,0.0418294001653869,,False,False,,
Eurostat,FI,FIN,2001,2018,CP01,Food & non-alcoholic beverages,8454.0,66268.0,12.75728858574274,37.13557071286292,,12.8,-0.0427114142572602,,False,False,,
Eurostat,FI,FIN,2001,2018,CP04,Housing & utilities (incl. imputed rent),16155.0,66268.0,24.37828212712018,37.13557071286292,14.602824892859298,24.4,-0.0217178728798188,,False,False,,
Eurostat,FI,FIN,2002,2018,CP01,Food & non-alcoholic beverages,8624.0,68933.0,12.510698794481598,37.1737774360611,,12.5,0.0106987944815983,,False,False,,
Eurostat,FI,FIN,2002,2018,CP04,Housing & utilities (incl. imputed rent),17001.0,68933.0,24.663078641579503,37.1737774360611,14.720090522681446,24.7,-0.0369213584204928,,False,False,,
Eurostat,FI,FIN,2003,2018,CP01,Food & non-alcoholic beverages,8992.0,72309.0,12.435519783152856,37.08390380173975,,12.4,0.035519783152857,,False,False,,
Eurostat,FI,FIN,2003,2018,CP04,Housing & utilities (incl. imputed rent),17823.0,72309.0,24.648384018586896,37.08390380173975,14.610905972977084,24.6,0.0483840185868942,,False,False,,
Eurostat,FI,FIN,2004,2018,CP01,Food & non-alcoholic beverages,9138.0,75041.0,12.177343052464652,36.683946109460166,,12.2,-0.0226569475353475,,False,False,,
Eurostat,FI,FIN,2004,2018,CP04,Housing & utilities (incl. imputed rent),18390.0,75041.0,24.50660305699551,36.683946109460166,14.6093468903666,24.5,0.0066030569955088,,False,False,,
Eurostat,FI,FIN,2005,2018,CP01,Food & non-alcoholic beverages,9381.0,78208.0,11.994936579378068,36.26355360065466,,12.0,-0.0050634206219317,,False,False,,
Eurostat,FI,FIN,2005,2018,CP04,Housing & utilities (incl. imputed rent),18980.0,78208.0,24.268617021276597,36.26355360065466,14.417962356792144,24.3,-0.031382978723407,,False,False,,
Eurostat,FI,FIN,2006,2018,CP01,Food & non-alcoholic beverages,9789.0,82412.0,11.87812454496918,35.88191040139785,,11.9,-0.0218754550308215,,False,False,,
Eurostat,FI,FIN,2006,2018,CP04,Housing & utilities (incl. imputed rent),19782.0,82412.0,24.003785856428674,35.88191040139785,14.289181187205743,24.0,0.0037858564286743,,False,False,,
Eurostat,FI,FIN,2007,2018,CP01,Food & non-alcoholic beverages,10398.0,86772.0,11.983128198036232,35.67510256764855,,12.0,-0.0168718019637665,,False,False,,
Eurostat,FI,FIN,2007,2018,CP04,Housing & utilities (incl. imputed rent),20558.0,86772.0,23.69197436961232,35.67510256764855,14.188908864610704,23.7,-0.0080256303876815,,False,False,,
Eurostat,FI,FIN,2008,2018,CP01,Food & non-alcoholic beverages,11299.0,91520.0,12.345935314685317,36.10249125874126,,12.3,0.0459353146853143,,False,False,,
Eurostat,FI,FIN,2008,2018,CP04,Housing & utilities (incl. imputed rent),21742.0,91520.0,23.756555944055943,36.10249125874126,14.187062937062937,23.8,-0.0434440559440574,,False,False,,
Eurostat,FI,FIN,2009,2018,CP01,Food & non-alcoholic beverages,11453.0,89823.0,12.750631798091804,38.22628948042261,,12.8,-0.049368201908198,,False,False,,
Eurostat,FI,FIN,2009,2018,CP04,Housing & utilities (incl. imputed rent),22883.0,89823.0,25.475657682330805,38.22628948042261,15.435912850828853,25.5,-0.0243423176691948,,False,False,,
Eurostat,FI,FIN,2010,2018,CP01,Food & non-alcoholic beverages,11384.0,94048.0,12.104457298400815,37.82217591017353,,12.1,0.0044572984008173,,False,False,,
Eurostat,FI,FIN,2010,2018,CP04,Housing & utilities (incl. imputed rent),24187.0,94048.0,25.71771861177271,37.82217591017353,15.281558353181357,25.7,0.017718611772711,,False,False,,
Eurostat,FI,FIN,2011,2018,CP01,Food & non-alcoholic beverages,12187.0,100397.0,12.138808928553642,37.5011205514109,,12.1,0.0388089285536423,,False,False,,
Eurostat,FI,FIN,2011,2018,CP04,Housing & utilities (incl. imputed rent),25463.0,100397.0,25.36231162285726,37.5011205514109,15.2205743199498,25.4,-0.0376883771427394,,False,False,,
Eurostat,FI,FIN,2012,2018,CP01,Food & non-alcoholic beverages,12746.0,103784.0,12.281276497340633,38.19663917366839,,12.3,-0.0187235026593697,,False,False,,
Eurostat,FI,FIN,2012,2018,CP04,Housing & utilities (incl. imputed rent),26896.0,103784.0,25.91536267632776,38.19663917366839,15.422415786633778,25.9,0.0153626763277578,,False,False,,
Eurostat,FI,FIN,2013,2018,CP01,Food & non-alcoholic beverages,13296.0,105689.0,12.580306370577826,39.18288563615892,,12.6,-0.0196936294221732,,False,False,,
Eurostat,FI,FIN,2013,2018,CP04,Housing & utilities (incl. imputed rent),28116.0,105689.0,26.60257926558109,39.18288563615892,16.01491167481952,26.6,0.0025792655810938,,False,False,,
Eurostat,FI,FIN,2014,2018,CP01,Food & non-alcoholic beverages,13449.0,107372.0,12.525611891368326,39.775732965763886,,12.5,0.0256118913683263,,False,False,,
Eurostat,FI,FIN,2014,2018,CP04,Housing & utilities (incl. imputed rent),29259.0,107372.0,27.25012107439556,39.775732965763886,16.52106694482733,27.3,-0.0498789256044389,,False,False,,
Eurostat,FI,FIN,2015,2018,CP01,Food & non-alcoholic beverages,13216.0,108818.0,12.145049532246505,40.17625760444045,,12.1,0.0450495322465034,,False,False,,
Eurostat,FI,FIN,2015,2018,CP04,Housing & utilities (incl. imputed rent),30503.0,108818.0,28.031208072193937,40.17625760444045,17.16076384421695,28.0,0.0312080721939373,,False,False,,
Eurostat,FI,FIN,2016,2018,CP01,Food & non-alcoholic beverages,13199.0,111375.0,11.850953984287315,40.32053872053872,,11.9,-0.0490460157126833,,False,False,,
Eurostat,FI,FIN,2016,2018,CP04,Housing & utilities (incl. imputed rent),31708.0,111375.0,28.4695847362514,40.32053872053872,17.356677890011223,28.5,-0.0304152637485977,,False,False,,
Eurostat,FI,FIN,2017,2018,CP01,Food & non-alcoholic beverages,13234.0,113616.0,11.648007322912266,40.45732995352767,,11.6,0.0480073229122659,,False,False,,
Eurostat,FI,FIN,2017,2018,CP04,Housing & utilities (incl. imputed rent),32732.0,113616.0,28.80932263061541,40.45732995352767,17.419201520912548,28.8,0.0093226306154079,,False,False,,
Eurostat,FI,FIN,2018,2018,CP01,Food & non-alcoholic beverages,13509.0,116863.0,11.559689551012724,40.48929087906352,,11.6,-0.0403104489872756,,False,False,,
Eurostat,FI,FIN,2018,2018,CP04,Housing & utilities (incl. imputed rent),33808.0,116863.0,28.9296013280508,40.48929087906352,17.39814997047825,28.9,0.0296013280507985,,False,False,,
Eurostat,FI,FIN,2019,2018,CP01,Food & non-alcoholic beverages,13541.0,118908.0,11.387795606687522,40.66000605510142,,11.4,-0.0122043933124782,,False,False,,
Eurostat,FI,FIN,2019,2018,CP04,Housing & utilities (incl. imputed rent),34807.0,118908.0,29.272210448413897,40.66000605510142,17.547179331920475,29.3,-0.0277895515861033,,False,False,,
Eurostat,FI,FIN,2020,2018,CP01,Food & non-alcoholic beverages,14529.0,114766.0,12.659672725371626,43.743791715316384,,12.7,-0.0403272746283729,,False,False,,
Eurostat,FI,FIN,2020,2018,CP04,Housing & utilities (incl. imputed rent),35674.0,114766.0,31.08411898994476,43.743791715316384,18.90803896624436,31.1,-0.0158810100552422,,False,False,,
Eurostat,FI,FIN,2021,2018,CP01,Food & non-alcoholic beverages,14961.0,121178.0,12.34630048358613,43.02183564673456,,12.3,0.0463004835861298,,False,False,,
Eurostat,FI,FIN,2021,2018,CP04,Housing & utilities (incl. imputed rent),37172.0,121178.0,30.675535163148425,43.02183564673456,18.20462460182541,30.7,-0.0244648368515747,,False,False,,
Eurostat,FI,FIN,2022,2018,CP01,Food & non-alcoholic beverages,15799.0,129372.0,12.212070618062642,42.52620350616826,,12.2,0.0120706180626424,,False,False,,
Eurostat,FI,FIN,2022,2018,CP04,Housing & utilities (incl. imputed rent),39218.0,129372.0,30.31413288810561,42.52620350616826,17.444269239093465,30.3,0.0141328881056139,,False,False,,
Eurostat,FI,FIN,2023,2018,CP01,Food & non-alcoholic beverages,16890.0,134509.0,12.556780587172604,42.34214810904847,,12.6,-0.0432194128273941,,False,False,,
Eurostat,FI,FIN,2023,2018,CP04,Housing & utilities (incl. imputed rent),40064.0,134509.0,29.785367521875862,42.34214810904847,17.14680802028117,29.8,-0.0146324781241382,,False,False,,
Eurostat,FI,FIN,2024,2018,CP01,Food & non-alcoholic beverages,17048.0,136333.0,12.50467605055269,41.88934447272487,,12.5,0.0046760505526908,,False,False,,
Eurostat,FI,FIN,2024,2018,CP04,Housing & utilities (incl. imputed rent),40061.0,136333.0,29.384668422172183,41.88934447272487,17.254076415834756,29.4,-0.0153315778278155,,False,False,,
Eurostat,FI,FIN,2025,2018,CP01,Food & non-alcoholic beverages,17572.0,136699.0,12.854519784343704,42.08809135399674,,12.9,-0.0454802156562959,,False,False,,
Eurostat,FI,FIN,2025,2018,CP04,Housing & utilities (incl. imputed rent),39962.0,136699.0,29.233571569653037,42.08809135399674,17.3819852376389,29.2,0.0335715696530343,,False,False,,
Eurostat,FR,FRA,1975,2018,CP01,Food & non-alcoholic beverages,20424.0,120933.0,16.88869043189204,35.69273895462777,,16.9,-0.0113095681079578,,False,False,,
Eurostat,FR,FRA,1975,2018,CP04,Housing & utilities (incl. imputed rent),22740.3,120933.0,18.804048522735727,35.69273895462777,8.105479893825507,18.8,0.0040485227357258,,False,False,,
Eurostat,FR,FRA,1976,2018,CP01,Food & non-alcoholic beverages,22747.3,139445.4,16.312692996685442,35.262116928919845,,16.3,0.0126929966854412,,False,False,,
Eurostat,FR,FRA,1976,2018,CP04,Housing & utilities (incl. imputed rent),26424.1,139445.4,18.949423932234406,35.262116928919845,8.173091403517075,18.9,0.0494239322344078,,False,False,,
Eurostat,FR,FRA,1977,2018,CP01,Food & non-alcoholic beverages,25930.2,156894.2,16.52718838554899,35.79622446208974,,16.5,0.0271883855489889,,False,False,,
Eurostat,FR,FRA,1977,2018,CP04,Housing & utilities (incl. imputed rent),30232.0,156894.2,19.26903607654075,35.79622446208974,8.296992495579824,19.3,-0.0309639234592502,,False,False,,
Eurostat,FR,FRA,1978,2018,CP01,Food & non-alcoholic beverages,28819.9,177829.1,16.20651513166293,35.54339531606469,,16.2,0.0065151316629297,,False,False,,
Eurostat,FR,FRA,1978,2018,CP04,Housing & utilities (incl. imputed rent),34386.6,177829.1,19.336880184401764,35.54339531606469,8.295605162484655,19.3,0.0368801844017632,,False,False,,
Eurostat,FR,FRA,1979,2018,CP01,Food & non-alcoholic beverages,31901.9,204040.2,15.635105239065636,35.05755238428506,,15.6,0.0351052390656363,,False,False,,
Eurostat,FR,FRA,1979,2018,CP04,Housing & utilities (incl. imputed rent),39629.6,204040.2,19.422447145219422,35.05755238428506,8.412165837908413,19.4,0.0224471452194237,,False,False,,
Eurostat,FR,FRA,1980,2018,CP01,Food & non-alcoholic beverages,35479.7,233825.0,15.173612744573932,35.57481022131936,,15.2,-0.0263872554260657,,False,False,,
Eurostat,FR,FRA,1980,2018,CP04,Housing & utilities (incl. imputed rent),47703.1,233825.0,20.401197476745427,35.57481022131936,8.697016999893084,20.4,0.0011974767454283,,False,False,,
Eurostat,FR,FRA,1981,2018,CP01,Food & non-alcoholic beverages,40736.0,270953.2,15.034330651935464,35.535583266778175,,15.0,0.0343306519354627,,False,False,,
Eurostat,FR,FRA,1981,2018,CP04,Housing & utilities (incl. imputed rent),55548.8,270953.2,20.50125261484271,35.535583266778175,8.939551184484994,20.5,0.0012526148427092,,False,False,,
Eurostat,FR,FRA,1982,2018,CP01,Food & non-alcoholic beverages,46427.2,313321.0,14.817774742197296,34.914863670165744,,14.8,0.0177747421972966,,False,False,,
Eurostat,FR,FRA,1982,2018,CP04,Housing & utilities (incl. imputed rent),62968.4,313321.0,20.097088927968443,34.914863670165744,8.902722766747202,20.1,-0.0029110720315586,,False,False,,
Eurostat,FR,FRA,1983,2018,CP01,Food & non-alcoholic beverages,51369.8,347361.3,14.78857892344369,35.47977278988765,,14.8,-0.01142107655631,,False,False,,
Eurostat,FR,FRA,1983,2018,CP04,Housing & utilities (incl. imputed rent),71873.2,347361.3,20.69119386644396,35.47977278988765,9.273543137937358,20.7,-0.0088061335560425,,False,False,,
Eurostat,FR,FRA,1984,2018,CP01,Food & non-alcoholic beverages,56621.8,378161.4,14.972918970577112,36.322427407979774,,15.0,-0.027081029422888,,False,False,,
Eurostat,FR,FRA,1984,2018,CP04,Housing & utilities (incl. imputed rent),80735.6,378161.4,21.34950843740265,36.322427407979774,9.675762782769471,21.3,0.0495084374026539,,False,False,,
Eurostat,FR,FRA,1985,2018,CP01,Food & non-alcoholic beverages,60597.3,409552.3,14.795985762990464,36.422649805653634,,14.8,-0.0040142370095352,,False,False,,
Eurostat,FR,FRA,1985,2018,CP04,Housing & utilities (incl. imputed rent),88572.5,409552.3,21.62666404266317,36.422649805653634,9.74393258199258,21.6,0.026664042663171,,False,False,,
Eurostat,FR,FRA,1986,2018,CP01,Food & non-alcoholic beverages,63421.7,435729.2,14.555301779178444,35.89208618564007,,14.6,-0.0446982208215569,,False,False,,
Eurostat,FR,FRA,1986,2018,CP04,Housing & utilities (incl. imputed rent),92970.6,435729.2,21.33678440646163,35.89208618564007,9.966167059724247,21.3,0.0367844064616278,,False,False,,
Eurostat,FR,FRA,1987,2018,CP01,Food & non-alcoholic beverages,66123.2,462849.0,14.286127873237277,35.56702077783467,,14.3,-0.0138721267627257,,False,False,,
Eurostat,FR,FRA,1987,2018,CP04,Housing & utilities (incl. imputed rent),98498.4,462849.0,21.280892904597398,35.56702077783467,10.271751694397093,21.3,-0.0191070954026066,,False,False,,
Eurostat,FR,FRA,1988,2018,CP01,Food & non-alcoholic beverages,68784.7,491945.3,13.982184604670476,35.34903169112501,,14.0,-0.0178153953295225,,False,False,,
Eurostat,FR,FRA,1988,2018,CP04,Housing & utilities (incl. imputed rent),105113.2,491945.3,21.36684708645453,35.34903169112501,10.708324685691682,21.4,-0.033152913545468,,False,False,,
Eurostat,FR,FRA,1989,2018,CP01,Food & non-alcoholic beverages,72770.5,529041.5,13.75515909432436,35.10860679171672,,13.8,-0.0448409056756418,,False,False,,
Eurostat,FR,FRA,1989,2018,CP04,Housing & utilities (incl. imputed rent),112968.6,529041.5,21.35344769739236,35.10860679171672,10.954906184108433,21.4,-0.0465523026076368,,False,False,,
Eurostat,FR,FRA,1990,2018,CP01,Food & non-alcoholic beverages,76285.9,558552.7,13.657780187975105,35.32382888848268,,13.7,-0.0422198120248964,,False,False,,
Eurostat,FR,FRA,1990,2018,CP04,Housing & utilities (incl. imputed rent),121016.3,558552.7,21.66604870050758,35.32382888848268,11.161453520858462,21.7,-0.0339512994924184,,False,False,,
Eurostat,FR,FRA,1991,2018,CP01,Food & non-alcoholic beverages,79180.9,578705.2,13.682424142724138,36.3794726572355,,13.7,-0.0175758572758617,,False,False,,
Eurostat,FR,FRA,1991,2018,CP04,Housing & utilities (incl. imputed rent),131349.0,578705.2,22.69704851451136,36.3794726572355,11.639449585039156,22.7,-0.0029514854886372,,False,False,,
Eurostat,FR,FRA,1992,2018,CP01,Food & non-alcoholic beverages,79684.6,601296.9,13.252122204521594,36.55696545250773,,13.3,-0.0478777954784064,,False,False,,
Eurostat,FR,FRA,1992,2018,CP04,Housing & utilities (incl. imputed rent),140131.3,601296.9,23.304843247986145,36.55696545250773,12.153879389699163,23.3,0.0048432479861411,,False,False,,
Eurostat,FR,FRA,1993,2018,CP01,Food & non-alcoholic beverages,80214.8,611349.9,13.120931237577697,37.25938288368085,,13.1,0.0209312375776971,,False,False,,
Eurostat,FR,FRA,1993,2018,CP04,Housing & utilities (incl. imputed rent),147570.4,611349.9,24.138451646103157,37.25938288368085,12.770493624027743,24.1,0.0384516461031516,,False,False,,
Eurostat,FR,FRA,1994,2018,CP01,Food & non-alcoholic beverages,81524.8,627193.5,12.998348994369364,37.44861832911215,,13.0,-0.0016510056306362,,False,False,,
Eurostat,FR,FRA,1994,2018,CP04,Housing & utilities (incl. imputed rent),153350.5,627193.5,24.450269334742785,37.44861832911215,13.0902823450817,24.5,-0.0497306652572149,,False,False,,
Eurostat,FR,FRA,1995,2018,CP01,Food & non-alcoholic beverages,83646.6,643055.2,13.007685809865158,37.93977562112864,,13.0,0.0076858098651584,,False,False,,
Eurostat,FR,FRA,1995,2018,CP04,Housing & utilities (incl. imputed rent),160327.1,643055.2,24.932089811263484,37.93977562112864,13.344624225105402,24.9,0.0320898112634857,,False,False,,
Eurostat,FR,FRA,1996,2018,CP01,Food & non-alcoholic beverages,84647.6,665042.2,12.728154694544196,37.91160921818194,,12.7,0.028154694544197,,False,False,,
Eurostat,FR,FRA,1996,2018,CP04,Housing & utilities (incl. imputed rent),167480.6,665042.2,25.18345452363775,37.91160921818194,13.35032573872756,25.2,-0.0165454763622499,,False,False,,
Eurostat,FR,FRA,1997,2018,CP01,Food & non-alcoholic beverages,86702.3,677628.1,12.794968213390206,38.10401310099154,,12.8,-0.0050317866097948,,False,False,,
Eurostat,FR,FRA,1997,2018,CP04,Housing & utilities (incl. imputed rent),171501.2,677628.1,25.309044887601328,38.10401310099154,13.56484478728081,25.3,0.0090448876013269,,False,False,,
Eurostat,FR,FRA,1998,2018,CP01,Food & non-alcoholic beverages,89088.1,707475.4,12.592395438767202,37.8037596784284,,12.6,-0.0076045612327977,,False,False,,
Eurostat,FR,FRA,1998,2018,CP04,Housing & utilities (incl. imputed rent),178364.2,707475.4,25.211364239661197,37.8037596784284,13.555679815863565,25.2,0.0113642396611943,,False,False,,
Eurostat,FR,FRA,1999,2018,CP01,Food & non-alcoholic beverages,90858.0,731392.8,12.422599730268058,37.43696957366821,,12.4,0.0225997302680571,,False,False,,
Eurostat,FR,FRA,1999,2018,CP04,Housing & utilities (incl. imputed rent),182953.3,731392.8,25.014369843400157,37.43696957366821,13.636502847717392,25.0,0.0143698434001535,,False,False,,
Eurostat,FR,FRA,2000,2018,CP01,Food & non-alcoholic beverages,94815.2,776995.9,12.202792833269775,36.51208455540113,,12.2,0.0027928332697761,,False,False,,
Eurostat,FR,FRA,2000,2018,CP04,Housing & utilities (incl. imputed rent),188882.2,776995.9,24.30929172213136,36.51208455540113,13.3401604821853,24.3,0.0092917221313548,,False,False,,
Eurostat,FR,FRA,2001,2018,CP01,Food & non-alcoholic beverages,100166.5,810010.4,12.366075793594748,36.6870598204665,,12.4,-0.0339242064052527,,False,False,,
Eurostat,FR,FRA,2001,2018,CP04,Housing & utilities (incl. imputed rent),197002.5,810010.4,24.320984026871752,36.6870598204665,13.34989032239586,24.3,0.0209840268717513,,False,False,,
Eurostat,FR,FRA,2002,2018,CP01,Food & non-alcoholic beverages,104032.7,834619.6,12.46468451016487,36.9303213104509,,12.5,-0.0353154898351295,,False,False,,
Eurostat,FR,FRA,2002,2018,CP04,Housing & utilities (incl. imputed rent),204195.0,834619.6,24.465636800286024,36.9303213104509,13.626902603293765,24.5,-0.0343631997139759,,False,False,,
Eurostat,FR,FRA,2003,2018,CP01,Food & non-alcoholic beverages,108078.6,860896.6,12.554190596176126,37.47141062004427,,12.6,-0.0458094038238741,,False,False,,
Eurostat,FR,FRA,2003,2018,CP04,Housing & utilities (incl. imputed rent),214511.5,860896.6,24.91722002386814,37.47141062004427,13.832369648108727,24.9,0.0172200238681412,,False,False,,
Eurostat,FR,FRA,2004,2018,CP01,Food & non-alcoholic beverages,110005.4,899812.1,12.22537460876554,37.287873768312295,,12.2,0.0253746087655422,,False,False,,
Eurostat,FR,FRA,2004,2018,CP04,Housing & utilities (incl. imputed rent),225515.4,899812.1,25.062499159546757,37.287873768312295,13.92388477549924,25.1,-0.0375008404532479,,False,False,,
Eurostat,FR,FRA,2005,2018,CP01,Food & non-alcoholic beverages,111979.2,938265.1,11.93470800523221,37.41329609296989,,11.9,0.0347080052322095,,False,False,,
Eurostat,FR,FRA,2005,2018,CP04,Housing & utilities (incl. imputed rent),239056.7,938265.1,25.47858808773768,37.41329609296989,14.159004741836824,25.5,-0.0214119122623195,,False,False,,
Eurostat,FR,FRA,2006,2018,CP01,Food & non-alcoholic beverages,114935.4,982477.7,11.698525065759762,37.50625586718152,,11.7,-0.0014749342402371,,False,False,,
Eurostat,FR,FRA,2006,2018,CP04,Housing & utilities (incl. imputed rent),253555.2,982477.7,25.80773080142175,37.50625586718152,14.263651989251258,25.8,0.0077308014217507,,False,False,,
Eurostat,FR,FRA,2007,2018,CP01,Food & non-alcoholic beverages,118301.1,1027944.3,11.508512669412148,37.2715525539662,,11.5,0.0085126694121466,,False,False,,
Eurostat,FR,FRA,2007,2018,CP04,Housing & utilities (incl. imputed rent),264829.7,1027944.3,25.763039884554058,37.2715525539662,14.338724384190854,25.8,-0.0369601154459431,,False,False,,
Eurostat,FR,FRA,2008,2018,CP01,Food & non-alcoholic beverages,124280.7,1061908.0,11.703527989242009,37.724727565853165,,11.7,0.0035279892420074,,False,False,,
Eurostat,FR,FRA,2008,2018,CP04,Housing & utilities (incl. imputed rent),276321.2,1061908.0,26.02119957661116,37.724727565853165,14.38980589655601,26.0,0.0211995766111598,,False,False,,
Eurostat,FR,FRA,2009,2018,CP01,Food & non-alcoholic beverages,124708.3,1044861.7,11.935388195394664,38.94512546492995,,11.9,0.0353881953946633,,False,False,,
Eurostat,FR,FRA,2009,2018,CP04,Housing & utilities (incl. imputed rent),282214.4,1044861.7,27.009737269535293,38.94512546492995,15.106238461989754,27.0,0.009737269535293,,False,False,,
Eurostat,FR,FRA,2010,2018,CP01,Food & non-alcoholic beverages,128553.8,1073627.2,11.973783823658716,39.15858316555318,,12.0,-0.0262161763412844,,False,False,,
Eurostat,FR,FRA,2010,2018,CP04,Housing & utilities (incl. imputed rent),291863.4,1073627.2,27.184799341894472,39.15858316555318,15.107730132023484,27.2,-0.0152006581055275,,False,False,,
Eurostat,FR,FRA,2011,2018,CP01,Food & non-alcoholic beverages,132526.4,1101778.5,12.028406798644191,39.10899513831501,,12.0,0.0284067986441911,,False,False,,
Eurostat,FR,FRA,2011,2018,CP04,Housing & utilities (incl. imputed rent),298368.1,1101778.5,27.08058833967081,39.10899513831501,15.087460864411495,27.1,-0.0194116603291867,,False,False,,
Eurostat,FR,FRA,2012,2018,CP01,Food & non-alcoholic beverages,137414.4,1117979.5,12.291316611798338,40.0201255926428,,12.3,-0.0086833882016623,,False,False,,
Eurostat,FR,FRA,2012,2018,CP04,Housing & utilities (incl. imputed rent),310002.4,1117979.5,27.72880898084446,40.0201255926428,15.345335044157787,27.7,0.0288089808444595,,False,False,,
Eurostat,FR,FRA,2013,2018,CP01,Food & non-alcoholic beverages,140360.3,1131097.7,12.40921098150938,40.62841786346131,,12.4,0.0092109815093781,,False,False,,
Eurostat,FR,FRA,2013,2018,CP04,Housing & utilities (incl. imputed rent),319186.8,1131097.7,28.21920688195193,40.62841786346131,15.58797263932196,28.2,0.0192068819519306,,False,False,,
Eurostat,FR,FRA,2014,2018,CP01,Food & non-alcoholic beverages,140372.6,1138962.0,12.324607844686652,40.57762243165268,,12.3,0.0246078446866526,,False,False,,
Eurostat,FR,FRA,2014,2018,CP04,Housing & utilities (incl. imputed rent),321791.1,1138962.0,28.253014586966025,40.57762243165268,15.827788811215823,28.3,-0.0469854130339761,,False,False,,
Eurostat,FR,FRA,2015,2018,CP01,Food & non-alcoholic beverages,142454.7,1159662.6,12.28415057965998,40.57729377493074,,12.3,-0.0158494203400199,,False,False,,
Eurostat,FR,FRA,2015,2018,CP04,Housing & utilities (incl. imputed rent),328105.0,1159662.6,28.29314319527076,40.57729377493074,15.82882814363419,28.3,-0.0068568047292423,,False,False,,
Eurostat,FR,FRA,2016,2018,CP01,Food & non-alcoholic beverages,145079.8,1177970.6,12.316079874998575,40.62051293979663,,12.3,0.0160798749985744,,False,False,,
Eurostat,FR,FRA,2016,2018,CP04,Housing & utilities (incl. imputed rent),333417.9,1177970.6,28.30443306479805,40.62051293979663,15.813179038594004,28.3,0.0044330647980501,,False,False,,
Eurostat,FR,FRA,2017,2018,CP01,Food & non-alcoholic beverages,147641.7,1206222.7,12.240003442150444,40.30621376964636,,12.2,0.0400034421504447,,False,False,,
Eurostat,FR,FRA,2017,2018,CP04,Housing & utilities (incl. imputed rent),338541.0,1206222.7,28.06621032749591,40.30621376964636,15.681573560172597,28.1,-0.033789672504092,,False,False,,
Eurostat,FR,FRA,2018,2018,CP01,Food & non-alcoholic beverages,149870.9,1242973.2,12.057452244344448,39.98886701660181,,12.1,-0.0425477556555513,,False,False,,
Eurostat,FR,FRA,2018,2018,CP04,Housing & utilities (incl. imputed rent),347180.0,1242973.2,27.931414772257355,39.98886701660181,15.493230264337155,27.9,0.0314147722573565,,False,False,,
Eurostat,FR,FRA,2019,2018,CP01,Food & non-alcoholic beverages,152921.3,1271006.1,12.031515820419743,40.01345076156597,,12.0,0.0315158204197434,,False,False,,
Eurostat,FR,FRA,2019,2018,CP04,Housing & utilities (incl. imputed rent),355652.1,1271006.1,27.981934941146225,40.01345076156597,15.480704616602548,28.0,-0.0180650588537751,,False,False,,
Eurostat,FR,FRA,2020,2018,CP01,Food & non-alcoholic beverages,162177.9,1190959.8,13.617411771581208,43.78228383527303,,13.6,0.0174117715812069,,False,False,,
Eurostat,FR,FRA,2020,2018,CP04,Housing & utilities (incl. imputed rent),359251.5,1190959.8,30.16487206369182,43.78228383527303,16.81772130343946,30.2,-0.0351279363081786,,False,False,,
Eurostat,FR,FRA,2021,2018,CP01,Food & non-alcoholic beverages,162366.3,1271245.1,12.772226221363606,42.32011592414396,,12.8,-0.0277737786363942,,False,False,,
Eurostat,FR,FRA,2021,2018,CP04,Housing & utilities (incl. imputed rent),375626.1,1271245.1,29.547889702780367,42.32011592414396,16.03378451566893,29.5,0.0478897027803668,,False,False,,
Eurostat,FR,FRA,2022,2018,CP01,Food & non-alcoholic beverages,170087.5,1386561.3,12.26685758501986,40.16402304030843,,12.3,-0.0331424149801407,,False,False,,
Eurostat,FR,FRA,2022,2018,CP04,Housing & utilities (incl. imputed rent),386811.3,1386561.3,27.89716545528856,40.16402304030843,15.006318148357378,27.9,-0.0028345447114404,,False,False,,
Eurostat,FR,FRA,2023,2018,CP01,Food & non-alcoholic beverages,185063.6,1496572.9,12.365825948071093,39.359673023612814,,12.4,-0.0341740519289093,,False,False,,
Eurostat,FR,FRA,2023,2018,CP04,Housing & utilities (incl. imputed rent),403982.6,1496572.9,26.993847075541726,39.359673023612814,14.293236233263343,27.0,-0.0061529244582736,,False,False,,
Eurostat,FR,FRA,2024,2018,CP01,Food & non-alcoholic beverages,187816.5,1543501.9,12.168206595664056,39.6213182504019,,12.2,-0.0317934043359446,p,False,False,,
Eurostat,FR,FRA,2024,2018,CP04,Housing & utilities (incl. imputed rent),423739.3,1543501.9,27.45311165473784,39.6213182504019,14.283694759300264,27.5,-0.0468883452621611,p,False,False,,
Eurostat,FR,FRA,2025,2018,CP01,Food & non-alcoholic beverages,192831.8,1565949.6,12.314048932353888,39.96677159980116,,12.3,0.0140489323538872,p,False,False,,
Eurostat,FR,FRA,2025,2018,CP04,Housing & utilities (incl. imputed rent),433027.7,1565949.6,27.65272266744728,39.96677159980116,14.485057501212044,27.7,-0.0472773325527207,p,False,False,,
OECD,GBR,GBR,1995,1999,CP01,Food & non-alcoholic beverages,49798.0,527094.0,9.447650703669554,36.52536359738491,,,,,False,False,,
OECD,GBR,GBR,1995,1999,CP04,Housing & utilities (incl. imputed rent),142725.0,527094.0,27.07771289371535,36.52536359738491,19.10475171411551,,,,False,False,,
OECD,GBR,GBR,1996,1999,CP01,Food & non-alcoholic beverages,53143.0,565551.0,9.396676869106413,35.942647082226,,,,,False,False,,
OECD,GBR,GBR,1996,1999,CP04,Housing & utilities (incl. imputed rent),150131.0,565551.0,26.545970213119595,35.942647082226,18.76170318857185,,,,False,False,,
OECD,GBR,GBR,1997,1999,CP01,Food & non-alcoholic beverages,53529.0,604416.0,8.85631750317662,34.84950762388818,,,,,False,False,,
OECD,GBR,GBR,1997,1999,CP04,Housing & utilities (incl. imputed rent),157107.0,604416.0,25.993190120711564,34.84950762388818,18.57429320203304,,,,False,False,,
OECD,GBR,GBR,1998,1999,CP01,Food & non-alcoholic beverages,55547.0,636418.0,8.728068659277394,34.24573157893083,,,,,False,False,,
OECD,GBR,GBR,1998,1999,CP04,Housing & utilities (incl. imputed rent),162399.0,636418.0,25.517662919653432,34.24573157893083,18.265353902623747,,,,False,False,,
OECD,GBR,GBR,1999,1999,CP01,Food & non-alcoholic beverages,57030.0,665917.0,8.564130364594986,33.892962636484725,,,,,False,False,,
OECD,GBR,GBR,1999,1999,CP04,Housing & utilities (incl. imputed rent),168669.0,665917.0,25.32883227188974,33.892962636484725,18.425869890692084,,,,False,False,,
OECD,GBR,GBR,2000,1999,CP01,Food & non-alcoholic beverages,57072.0,696437.0,8.194854667399923,33.28011004584765,,,,,False,False,,
OECD,GBR,GBR,2000,1999,CP04,Housing & utilities (incl. imputed rent),174703.0,696437.0,25.08525537844773,33.28011004584765,18.14722652587384,,,,False,False,,
OECD,GBR,GBR,2001,1999,CP01,Food & non-alcoholic beverages,58961.0,722716.0,8.158253034386952,33.194366805218095,,,,,False,False,,
OECD,GBR,GBR,2001,1999,CP04,Housing & utilities (incl. imputed rent),180940.0,722716.0,25.036113770831143,33.194366805218095,18.24008324154993,,,,False,False,,
OECD,GBR,GBR,2002,1999,CP01,Food & non-alcoholic beverages,60466.0,747138.0,8.093016283471059,33.10111385045333,,,,,False,False,,
OECD,GBR,GBR,2002,1999,CP04,Housing & utilities (incl. imputed rent),186845.0,747138.0,25.008097566982272,33.10111385045333,18.019027274747103,,,,False,False,,
OECD,GBR,GBR,2003,1999,CP01,Food & non-alcoholic beverages,63872.0,781374.0,8.174318572156228,32.85289758809481,,,,,False,False,,
OECD,GBR,GBR,2003,1999,CP04,Housing & utilities (incl. imputed rent),192832.0,781374.0,24.67857901593859,32.85289758809481,17.701382436579667,,,,False,False,,
OECD,GBR,GBR,2004,1999,CP01,Food & non-alcoholic beverages,66098.0,819324.0,8.067382378643858,32.72014489994191,,,,,False,False,,
OECD,GBR,GBR,2004,1999,CP04,Housing & utilities (incl. imputed rent),201986.0,819324.0,24.652762521298047,32.72014489994191,17.42924654959454,,,,False,False,,
OECD,GBR,GBR,2005,1999,CP01,Food & non-alcoholic beverages,67844.0,856603.0,7.920121689977738,32.75893266775858,,,,,False,False,,
OECD,GBR,GBR,2005,1999,CP04,Housing & utilities (incl. imputed rent),212770.0,856603.0,24.83881097778084,32.75893266775858,17.28735481897682,,,,False,False,,
OECD,GBR,GBR,2006,1999,CP01,Food & non-alcoholic beverages,69883.0,889726.0,7.854440580583236,33.273052602711395,,,,,False,False,,
OECD,GBR,GBR,2006,1999,CP04,Housing & utilities (incl. imputed rent),226156.0,889726.0,25.41861202212816,33.273052602711395,17.124597909918336,,,,False,False,,
OECD,GBR,GBR,2007,1999,CP01,Food & non-alcoholic beverages,73425.0,932993.0,7.869833964456325,33.09017323817006,,,,,False,False,,
OECD,GBR,GBR,2007,1999,CP04,Housing & utilities (incl. imputed rent),235304.0,932993.0,25.220339273713737,33.09017323817006,16.80730723595997,,,,False,False,,
OECD,GBR,GBR,2008,1999,CP01,Food & non-alcoholic beverages,78836.0,959687.0,8.214761687925334,34.10893343350489,,,,,False,False,,
OECD,GBR,GBR,2008,1999,CP04,Housing & utilities (incl. imputed rent),248503.0,959687.0,25.89417174557955,34.10893343350489,16.84497132919379,,,,False,False,,
OECD,GBR,GBR,2009,1999,CP01,Food & non-alcoholic beverages,81922.0,936472.0,8.747939073458683,35.76390965239751,,,,,False,False,,
OECD,GBR,GBR,2009,1999,CP04,Housing & utilities (incl. imputed rent),252997.0,936472.0,27.015970578938823,35.76390965239751,17.368912257921217,,,,False,False,,
OECD,GBR,GBR,2010,1999,CP01,Food & non-alcoholic beverages,84737.0,969984.0,8.73591729348113,35.539658386117715,,,,,False,False,,
OECD,GBR,GBR,2010,1999,CP04,Housing & utilities (incl. imputed rent),259992.0,969984.0,26.803741092636574,35.539658386117715,16.98110484296648,,,,False,False,,
OECD,GBR,GBR,2011,1999,CP01,Food & non-alcoholic beverages,90075.0,1005363.0,8.959450467144702,35.30088137319555,,,,,False,False,,
OECD,GBR,GBR,2011,1999,CP04,Housing & utilities (incl. imputed rent),264827.0,1005363.0,26.34143090605085,35.30088137319555,16.525175483879952,,,,False,False,,
OECD,GBR,GBR,2012,1999,CP01,Food & non-alcoholic beverages,94482.0,1044706.0,9.043884116679717,35.83706803636621,,,,,False,False,,
OECD,GBR,GBR,2012,1999,CP04,Housing & utilities (incl. imputed rent),279910.0,1044706.0,26.7931839196865,35.83706803636621,16.449699724132913,,,,False,False,,
OECD,GBR,GBR,2013,1999,CP01,Food & non-alcoholic beverages,99551.0,1094360.0,9.096732336708213,35.83436894623341,,,,,False,False,,
OECD,GBR,GBR,2013,1999,CP04,Housing & utilities (incl. imputed rent),292606.0,1094360.0,26.7376366095252,35.83436894623341,16.25187324098103,,,,False,False,,
OECD,GBR,GBR,2014,1999,CP01,Food & non-alcoholic beverages,101299.0,1140079.0,8.88526145995146,35.164492986889506,,,,,False,False,,
OECD,GBR,GBR,2014,1999,CP04,Housing & utilities (incl. imputed rent),299604.0,1140079.0,26.279231526938045,35.164492986889506,16.162564173184492,,,,False,False,,
OECD,GBR,GBR,2015,1999,CP01,Food & non-alcoholic beverages,101114.0,1169894.0,8.643005263724747,35.23242276650705,,,,,False,False,,
OECD,GBR,GBR,2015,1999,CP04,Housing & utilities (incl. imputed rent),311068.0,1169894.0,26.589417502782304,35.23242276650705,16.363191878922365,,,,False,False,,
OECD,GBR,GBR,2016,1999,CP01,Food & non-alcoholic beverages,105045.0,1223457.0,8.585916791517805,35.127102954987386,,,,,False,False,,
OECD,GBR,GBR,2016,1999,CP04,Housing & utilities (incl. imputed rent),324720.0,1223457.0,26.541186163469572,35.127102954987386,16.400249457071233,,,,False,False,,
OECD,GBR,GBR,2017,1999,CP01,Food & non-alcoholic beverages,111078.0,1276178.0,8.703958225263248,34.77696684945204,,,,,False,False,,
OECD,GBR,GBR,2017,1999,CP04,Housing & utilities (incl. imputed rent),332738.0,1276178.0,26.073008624188788,34.77696684945204,16.27468895404873,,,,False,False,,
OECD,GBR,GBR,2018,1999,CP01,Food & non-alcoholic beverages,115634.0,1321271.0,8.751724665114121,34.61137041530466,,,,,False,False,,
OECD,GBR,GBR,2018,1999,CP04,Housing & utilities (incl. imputed rent),341676.0,1321271.0,25.85964575019053,34.61137041530466,16.153234272151586,,,,False,False,,
OECD,GBR,GBR,2019,1999,CP01,Food & non-alcoholic beverages,116000.0,1359402.0,8.53316384704451,34.37768960175136,,,,,False,False,,
OECD,GBR,GBR,2019,1999,CP04,Housing & utilities (incl. imputed rent),351331.0,1359402.0,25.844525754706847,34.37768960175136,16.126502682797287,,,,False,False,,
OECD,GBR,GBR,2020,1999,CP01,Food & non-alcoholic beverages,122416.0,1206375.0,10.147425137291473,39.70307740130556,,,,,False,False,,
OECD,GBR,GBR,2020,1999,CP04,Housing & utilities (incl. imputed rent),356552.0,1206375.0,29.555652264014093,39.70307740130556,18.55459537871723,,,,False,False,,
OECD,GBR,GBR,2021,1999,CP01,Food & non-alcoholic beverages,125836.0,1332054.0,9.446764170221329,37.21320607122534,,,,,False,False,,
OECD,GBR,GBR,2021,1999,CP04,Housing & utilities (incl. imputed rent),369864.0,1332054.0,27.76644190100401,37.21320607122534,17.328726913473478,,,,False,False,,
OECD,GBR,GBR,2022,1999,CP01,Food & non-alcoholic beverages,138851.0,1543865.0,8.993726783106036,35.14368160428535,,,,,False,False,,
OECD,GBR,GBR,2022,1999,CP04,Housing & utilities (incl. imputed rent),403720.0,1543865.0,26.14995482117931,35.14368160428535,15.829169001175622,,,,False,False,,
OECD,GBR,GBR,2023,1999,CP01,Food & non-alcoholic beverages,148438.0,1635517.0,9.075906884489736,35.68706409043746,,,,,False,False,,
OECD,GBR,GBR,2023,1999,CP04,Housing & utilities (incl. imputed rent),435230.0,1635517.0,26.611157205947723,35.68706409043746,16.16516367607307,,,,False,False,,
OECD,GBR,GBR,2024,1999,CP01,Food & non-alcoholic beverages,153437.0,1692413.0,9.06616765529454,36.20599699955034,,,,,False,False,,
OECD,GBR,GBR,2024,1999,CP04,Housing & utilities (incl. imputed rent),459318.0,1692413.0,27.139829344255805,36.20599699955034,17.231373193186297,,,,False,False,,
OECD,GBR,GBR,2025,1999,CP01,Food & non-alcoholic beverages,160360.0,1766604.0,9.077303119431408,36.92015867732667,,,,,False,False,,
OECD,GBR,GBR,2025,1999,CP04,Housing & utilities (incl. imputed rent),491873.0,1766604.0,27.842855557895263,36.92015867732667,17.66389071914249,,,,False,False,,
Eurostat,EL,GRC,1995,2018,CP01,Food & non-alcoholic beverages,10591.5,64922.4,16.31409190048427,34.703738617179894,,16.3,0.0140919004842707,,False,True,,
Eurostat,EL,GRC,1995,2018,CP04,Housing & utilities (incl. imputed rent),11939.0,64922.4,18.389646716695623,34.703738617179894,10.893620691779724,18.4,-0.0103532833043757,,False,True,,
Eurostat,EL,GRC,1996,2018,CP01,Food & non-alcoholic beverages,10376.8,71016.9,14.611733263490803,33.20843348555063,,14.6,0.0117332634908038,,False,True,,
Eurostat,EL,GRC,1996,2018,CP04,Housing & utilities (incl. imputed rent),13206.8,71016.9,18.59670022205982,33.20843348555063,11.045399052901494,18.6,-0.0032997779401817,,False,True,,
Eurostat,EL,GRC,1997,2018,CP01,Food & non-alcoholic beverages,12053.3,78364.7,15.381032531228984,33.60505431654814,,15.4,-0.0189674687710166,,False,True,,
Eurostat,EL,GRC,1997,2018,CP04,Housing & utilities (incl. imputed rent),14281.2,78364.7,18.22402178531916,33.60505431654814,10.890873058915558,18.2,0.0240217853191566,,False,True,,
Eurostat,EL,GRC,1998,2018,CP01,Food & non-alcoholic beverages,12893.5,85823.7,15.023239501443076,33.20842611073631,,15.0,0.0232395014430757,,False,True,,
Eurostat,EL,GRC,1998,2018,CP04,Housing & utilities (incl. imputed rent),15607.2,85823.7,18.18518660929324,33.20842611073631,10.652069300204955,18.2,-0.0148133907067595,,False,True,,
Eurostat,EL,GRC,1999,2018,CP01,Food & non-alcoholic beverages,14168.1,89955.7,15.750085875603215,32.791585191377536,,15.8,-0.0499141243967855,,False,True,,
Eurostat,EL,GRC,1999,2018,CP04,Housing & utilities (incl. imputed rent),15329.8,89955.7,17.04149931577432,32.791585191377536,10.323859410798873,17.0,0.0414993157743204,,False,True,,
Eurostat,EL,GRC,2000,2018,CP01,Food & non-alcoholic beverages,14233.7,93606.8,15.20583974668507,31.83561450663841,,15.2,0.005839746685071,,False,True,,
Eurostat,EL,GRC,2000,2018,CP04,Housing & utilities (incl. imputed rent),15566.6,93606.8,16.629774759953335,31.83561450663841,10.152253896084474,16.6,0.0297747599533337,,False,True,,
Eurostat,EL,GRC,2001,2018,CP01,Food & non-alcoholic beverages,16633.0,101846.1,16.331504102758963,32.8006668885701,,16.3,0.0315041027589622,,False,True,,
Eurostat,EL,GRC,2001,2018,CP04,Housing & utilities (incl. imputed rent),16773.2,101846.1,16.46916278581114,32.8006668885701,10.19587397062823,16.5,-0.0308372141888604,,False,True,,
Eurostat,EL,GRC,2002,2018,CP01,Food & non-alcoholic beverages,18139.7,110703.8,16.385797054843646,33.603001884307496,,16.4,-0.0142029451563523,,False,True,,
Eurostat,EL,GRC,2002,2018,CP04,Housing & utilities (incl. imputed rent),19060.1,110703.8,17.217204829463846,33.603001884307496,10.046628932340171,17.2,0.0172048294638464,,False,True,,
Eurostat,EL,GRC,2003,2018,CP01,Food & non-alcoholic beverages,20119.4,117928.9,17.06061872874249,34.087657902346244,,17.1,-0.0393812712575112,,False,True,,
Eurostat,EL,GRC,2003,2018,CP04,Housing & utilities (incl. imputed rent),20079.8,117928.9,17.027039173603757,34.087657902346244,10.140940855040622,17.0,0.0270391736037574,,False,True,,
Eurostat,EL,GRC,2004,2018,CP01,Food & non-alcoholic beverages,20346.5,126633.1,16.067284146088188,33.11416999188995,,16.1,-0.0327158539118137,,False,True,,
Eurostat,EL,GRC,2004,2018,CP04,Housing & utilities (incl. imputed rent),21587.0,126633.1,17.046885845801768,33.11416999188995,10.102019140335344,17.0,0.0468858458017678,,False,True,,
Eurostat,EL,GRC,2005,2018,CP01,Food & non-alcoholic beverages,20873.1,134407.5,15.529713743652696,33.48823540353031,,15.5,0.0297137436526959,,False,True,,
Eurostat,EL,GRC,2005,2018,CP04,Housing & utilities (incl. imputed rent),24137.6,134407.5,17.95852165987761,33.48823540353031,10.192809181035283,18.0,-0.0414783401223886,,False,True,,
Eurostat,EL,GRC,2006,2018,CP01,Food & non-alcoholic beverages,20727.3,141345.5,14.664280079662952,32.385820560258374,,14.7,-0.0357199203370459,,False,True,,
Eurostat,EL,GRC,2006,2018,CP04,Housing & utilities (incl. imputed rent),25048.6,141345.5,17.72154048059542,32.385820560258374,10.30934836977477,17.7,0.0215404805954193,,False,True,,
Eurostat,EL,GRC,2007,2018,CP01,Food & non-alcoholic beverages,22713.4,152298.1,14.913777650541933,32.52686671731296,,14.9,0.0137776505419306,,False,True,,
Eurostat,EL,GRC,2007,2018,CP04,Housing & utilities (incl. imputed rent),26824.4,152298.1,17.613089066771025,32.52686671731296,10.218183943200868,17.6,0.0130890667710232,,False,True,,
Eurostat,EL,GRC,2008,2018,CP01,Food & non-alcoholic beverages,23868.1,163384.1,14.60858186322904,33.29301933297059,,14.6,0.0085818632290397,,False,True,,
Eurostat,EL,GRC,2008,2018,CP04,Housing & utilities (incl. imputed rent),30527.4,163384.1,18.684437469741543,33.29301933297059,10.148294723905202,18.7,-0.0155625302584532,,False,True,,
Eurostat,EL,GRC,2009,2018,CP01,Food & non-alcoholic beverages,24101.1,160649.1,15.00232494299688,34.78058700608967,,15.0,0.0023249429968785,,False,True,,
Eurostat,EL,GRC,2009,2018,CP04,Housing & utilities (incl. imputed rent),31773.6,160649.1,19.77826206309279,34.78058700608967,11.01145291196776,19.8,-0.0217379369072112,,False,True,,
Eurostat,EL,GRC,2010,2018,CP01,Food & non-alcoholic beverages,23549.7,153944.7,15.297506182414851,36.0581429565292,,15.3,-0.0024938175851492,,False,True,,
Eurostat,EL,GRC,2010,2018,CP04,Housing & utilities (incl. imputed rent),31959.9,153944.7,20.760636774114342,36.0581429565292,12.25907744794072,20.8,-0.0393632258856584,,False,True,,
Eurostat,EL,GRC,2011,2018,CP01,Food & non-alcoholic beverages,23318.0,147030.6,15.859283713730338,38.49892471363104,,15.9,-0.0407162862696619,,False,True,,
Eurostat,EL,GRC,2011,2018,CP04,Housing & utilities (incl. imputed rent),33287.2,147030.6,22.6396409999007,38.49892471363104,13.40040780626618,22.6,0.0396409999006976,,False,True,,
Eurostat,EL,GRC,2012,2018,CP01,Food & non-alcoholic beverages,22036.6,135550.3,16.257138493976036,39.27840808910051,,16.3,-0.0428615060239643,,False,True,,
Eurostat,EL,GRC,2012,2018,CP04,Housing & utilities (incl. imputed rent),31205.4,135550.3,23.02126959512447,39.27840808910051,13.01627513919187,23.0,0.021269595124469,,False,True,,
Eurostat,EL,GRC,2013,2018,CP01,Food & non-alcoholic beverages,20905.7,131038.7,15.953836538366147,38.10652883461146,,16.0,-0.0461634616338528,,False,True,,
Eurostat,EL,GRC,2013,2018,CP04,Housing & utilities (incl. imputed rent),29028.6,131038.7,22.15269229624531,38.10652883461146,12.695638769310136,22.2,-0.04730770375469,,False,True,,
Eurostat,EL,GRC,2014,2018,CP01,Food & non-alcoholic beverages,20450.7,129244.0,15.823326421342577,37.13263284949398,,15.8,0.0233264213425758,,False,True,,
Eurostat,EL,GRC,2014,2018,CP04,Housing & utilities (incl. imputed rent),27541.0,129244.0,21.3093064281514,37.13263284949398,12.047445142521124,21.3,0.009306428151401,,False,True,,
Eurostat,EL,GRC,2015,2018,CP01,Food & non-alcoholic beverages,20434.1,128811.7,15.86354345141008,37.41764140990298,,15.9,-0.0364565485899195,,False,True,,
Eurostat,EL,GRC,2015,2018,CP04,Housing & utilities (incl. imputed rent),27764.2,128811.7,21.554097958492903,37.41764140990298,12.2845983711107,21.6,-0.045902041507098,,False,True,,
Eurostat,EL,GRC,2016,2018,CP01,Food & non-alcoholic beverages,19749.6,127207.3,15.525524085488804,37.49871273110899,,15.5,0.0255240854888043,,False,True,,
Eurostat,EL,GRC,2016,2018,CP04,Housing & utilities (incl. imputed rent),27951.5,127207.3,21.97318864562018,37.49871273110899,12.502977423465476,22.0,-0.02681135437982,,False,True,,
Eurostat,EL,GRC,2017,2018,CP01,Food & non-alcoholic beverages,20968.9,132299.7,15.84954463237634,37.21316072523218,,15.8,0.0495446323763388,,False,True,,
Eurostat,EL,GRC,2017,2018,CP04,Housing & utilities (incl. imputed rent),28264.0,132299.7,21.36361609285584,37.21316072523218,12.123610257619632,21.4,-0.0363839071441596,,False,True,,
Eurostat,EL,GRC,2018,2018,CP01,Food & non-alcoholic beverages,21111.1,136430.3,15.473908655188769,36.102757232081146,,15.5,-0.0260913448112329,,False,True,,
Eurostat,EL,GRC,2018,2018,CP04,Housing & utilities (incl. imputed rent),28144.0,136430.3,20.628848576892377,36.102757232081146,11.752961035781642,20.6,0.0288485768923756,,False,True,,
Eurostat,EL,GRC,2019,2018,CP01,Food & non-alcoholic beverages,21926.2,141153.9,15.533541758321944,36.33197524120836,,15.5,0.0335417583219452,,False,True,,
Eurostat,EL,GRC,2019,2018,CP04,Housing & utilities (incl. imputed rent),29357.8,141153.9,20.79843348288641,36.33197524120836,12.035515844762347,20.8,-0.0015665171135914,,False,True,,
Eurostat,EL,GRC,2020,2018,CP01,Food & non-alcoholic beverages,22870.3,120006.3,19.0575828102358,44.6294069561348,,19.1,-0.0424171897642047,,False,True,,
Eurostat,EL,GRC,2020,2018,CP04,Housing & utilities (incl. imputed rent),30687.8,120006.3,25.571824145899008,44.6294069561348,15.039960402078892,25.6,-0.0281758541009935,,False,True,,
Eurostat,EL,GRC,2021,2018,CP01,Food & non-alcoholic beverages,23111.9,133088.1,17.36586516750934,41.954615025686,,17.4,-0.0341348324906576,,False,True,,
Eurostat,EL,GRC,2021,2018,CP04,Housing & utilities (incl. imputed rent),32724.7,133088.1,24.58874985817665,41.954615025686,14.061212084326096,24.6,-0.0112501418233499,,False,True,,
Eurostat,EL,GRC,2022,2018,CP01,Food & non-alcoholic beverages,26162.0,159758.5,16.37596747590895,38.862345352516456,,16.4,-0.0240325240910479,,False,True,,
Eurostat,EL,GRC,2022,2018,CP04,Housing & utilities (incl. imputed rent),35923.9,159758.5,22.486377876607506,38.862345352516456,12.591943464666985,22.5,-0.0136221233924942,,False,True,,
Eurostat,EL,GRC,2023,2018,CP01,Food & non-alcoholic beverages,26778.4,170686.0,15.688691515414272,37.409863726374745,,15.7,-0.0113084845857276,p,False,True,,
Eurostat,EL,GRC,2023,2018,CP04,Housing & utilities (incl. imputed rent),37075.0,170686.0,21.721172210960475,37.409863726374745,12.414550695429034,21.7,0.0211722109604757,p,False,True,,
Eurostat,EL,GRC,2024,2018,CP01,Food & non-alcoholic beverages,28227.4,178359.0,15.826170812798908,37.60679304100158,,15.8,0.0261708127989059,p,False,True,,
Eurostat,EL,GRC,2024,2018,CP04,Housing & utilities (incl. imputed rent),38847.7,178359.0,21.780622228202667,37.60679304100158,12.597514002657562,21.8,-0.019377771797334,p,False,True,,
Eurostat,EL,GRC,2025,2018,CP01,Food & non-alcoholic beverages,,,,,,,,,False,True,,
Eurostat,EL,GRC,2025,2018,CP04,Housing & utilities (incl. imputed rent),,,,,,,,,False,True,,
Eurostat,HR,HRV,1995,2018,CP01,Food & non-alcoholic beverages,2557.3,9804.3,26.083453178707305,48.0299460440827,,26.1,-0.016546821292696,,False,True,,
Eurostat,HR,HRV,1995,2018,CP04,Housing & utilities (incl. imputed rent),2151.7,9804.3,21.9464928653754,48.0299460440827,13.545077160021624,21.9,0.0464928653753986,,False,True,,
Eurostat,HR,HRV,1996,2018,CP01,Food & non-alcoholic beverages,2702.9,10428.8,25.917651119975453,47.92018257134091,,25.9,0.0176511199754543,,False,True,,
Eurostat,HR,HRV,1996,2018,CP04,Housing & utilities (incl. imputed rent),2294.6,10428.8,22.00253145136545,47.92018257134091,14.054349493709728,22.0,0.0025314513654493,,False,True,,
Eurostat,HR,HRV,1997,2018,CP01,Food & non-alcoholic beverages,3301.2,12920.8,25.549501578849608,46.853909974614574,,25.5,0.0495015788496076,,False,True,,
Eurostat,HR,HRV,1997,2018,CP04,Housing & utilities (incl. imputed rent),2752.7,12920.8,21.30440839576497,46.853909974614574,13.669432233298249,21.3,0.0044083957649654,,False,True,,
Eurostat,HR,HRV,1998,2018,CP01,Food & non-alcoholic beverages,3368.3,14298.2,23.557510735617072,43.31174553440293,,23.6,-0.0424892643829295,,False,True,,
Eurostat,HR,HRV,1998,2018,CP04,Housing & utilities (incl. imputed rent),2824.5,14298.2,19.75423479878586,43.31174553440293,12.57151249807668,19.8,-0.0457652012141416,,False,True,,
Eurostat,HR,HRV,1999,2018,CP01,Food & non-alcoholic beverages,3420.7,14883.7,22.9828604446475,44.2033902860176,,23.0,-0.0171395553525002,,False,True,,
Eurostat,HR,HRV,1999,2018,CP04,Housing & utilities (incl. imputed rent),3158.4,14883.7,21.22052984137009,44.2033902860176,12.802596128650809,21.2,0.0205298413700916,,False,True,,
Eurostat,HR,HRV,2000,2018,CP01,Food & non-alcoholic beverages,3767.2,16559.9,22.748929643294943,42.46945935663862,,22.7,0.0489296432949437,,False,True,,
Eurostat,HR,HRV,2000,2018,CP04,Housing & utilities (incl. imputed rent),3265.7,16559.9,19.72052971334368,42.46945935663862,11.936062415835842,19.7,0.0205297133436772,,False,True,,
Eurostat,HR,HRV,2001,2018,CP01,Food & non-alcoholic beverages,4309.4,18872.1,22.834766666136783,41.40927612719305,,22.8,0.0347666661367824,,False,True,,
Eurostat,HR,HRV,2001,2018,CP04,Housing & utilities (incl. imputed rent),3505.4,18872.1,18.57450946105627,41.40927612719305,10.90604649191134,18.6,-0.0254905389437318,,False,True,,
Eurostat,HR,HRV,2002,2018,CP01,Food & non-alcoholic beverages,4651.9,21123.8,22.02207936072108,39.708291121862544,,22.0,0.0220793607210794,,False,True,,
Eurostat,HR,HRV,2002,2018,CP04,Housing & utilities (incl. imputed rent),3736.0,21123.8,17.68621176114146,39.708291121862544,10.431835181170054,17.7,-0.0137882388585381,,False,True,,
Eurostat,HR,HRV,2003,2018,CP01,Food & non-alcoholic beverages,4785.3,22844.0,20.947732446156543,38.03974785501663,,20.9,0.0477324461565444,,False,True,,
Eurostat,HR,HRV,2003,2018,CP04,Housing & utilities (incl. imputed rent),3904.5,22844.0,17.092015408860096,38.03974785501663,10.15321309753108,17.1,-0.0079845911399054,,False,True,,
Eurostat,HR,HRV,2004,2018,CP01,Food & non-alcoholic beverages,4970.6,24301.2,20.45413395223281,36.97759781409972,,20.5,-0.0458660477671877,,False,True,,
Eurostat,HR,HRV,2004,2018,CP04,Housing & utilities (incl. imputed rent),4015.4,24301.2,16.5234638618669,36.97759781409972,9.962470989086958,16.5,0.0234638618669009,,False,True,,
Eurostat,HR,HRV,2005,2018,CP01,Food & non-alcoholic beverages,5068.7,26412.3,19.190680099801984,35.12605869235166,,19.2,-0.0093199001980153,,False,True,,
Eurostat,HR,HRV,2005,2018,CP04,Housing & utilities (incl. imputed rent),4208.9,26412.3,15.935378592549682,35.12605869235166,9.689046391264675,15.9,0.0353785925496819,,False,True,,
Eurostat,HR,HRV,2006,2018,CP01,Food & non-alcoholic beverages,5358.0,28148.6,19.03469444306289,34.612733848219804,,19.0,0.0346944430628894,,False,True,,
Eurostat,HR,HRV,2006,2018,CP04,Housing & utilities (incl. imputed rent),4385.0,28148.6,15.578039405156918,34.612733848219804,9.382704646056998,15.6,-0.0219605948430814,,False,True,,
Eurostat,HR,HRV,2007,2018,CP01,Food & non-alcoholic beverages,5892.6,30511.0,19.31303464324342,35.74776310183213,,19.3,0.0130346432434187,,False,True,,
Eurostat,HR,HRV,2007,2018,CP04,Housing & utilities (incl. imputed rent),5014.4,30511.0,16.434728458588705,35.74776310183213,9.186522893382715,16.4,0.0347284585887059,,False,True,,
Eurostat,HR,HRV,2008,2018,CP01,Food & non-alcoholic beverages,6254.9,32789.4,19.0759818721904,35.38826572001927,,19.1,-0.0240181278096009,,False,True,,
Eurostat,HR,HRV,2008,2018,CP04,Housing & utilities (incl. imputed rent),5348.7,32789.4,16.31228384782887,35.38826572001927,8.901962219497763,16.3,0.0122838478288684,,False,True,,
Eurostat,HR,HRV,2009,2018,CP01,Food & non-alcoholic beverages,5586.8,30424.2,18.363013653604696,36.05715187252253,,18.4,-0.0369863463953024,,False,True,,
Eurostat,HR,HRV,2009,2018,CP04,Housing & utilities (incl. imputed rent),5383.3,30424.2,17.694138218917836,36.05715187252253,10.031816777433752,17.7,-0.0058617810821637,,False,True,,
Eurostat,HR,HRV,2010,2018,CP01,Food & non-alcoholic beverages,5600.7,30452.6,18.391533071067823,36.1959241575432,,18.4,-0.0084669289321759,,False,True,,
Eurostat,HR,HRV,2010,2018,CP04,Housing & utilities (incl. imputed rent),5421.9,30452.6,17.804391086475373,36.1959241575432,10.114407308407165,17.8,0.0043910864753726,,False,True,,
Eurostat,HR,HRV,2011,2018,CP01,Food & non-alcoholic beverages,5811.2,31629.0,18.373012109140348,36.35650826772899,,18.4,-0.026987890859651,,False,True,,
Eurostat,HR,HRV,2011,2018,CP04,Housing & utilities (incl. imputed rent),5688.0,31629.0,17.98349615858864,36.35650826772899,9.756236365360904,18.0,-0.0165038414113602,,False,True,,
Eurostat,HR,HRV,2012,2018,CP01,Food & non-alcoholic beverages,5944.2,31775.9,18.70662986728936,36.88203953310527,,18.7,0.0066298672893587,,False,True,,
Eurostat,HR,HRV,2012,2018,CP04,Housing & utilities (incl. imputed rent),5775.4,31775.9,18.175409665815916,36.88203953310527,9.768094688112688,18.2,-0.0245903341840865,,False,True,,
Eurostat,HR,HRV,2013,2018,CP01,Food & non-alcoholic beverages,6017.9,32157.6,18.71377217205264,37.16757469462896,,18.7,0.01377217205264,,False,True,,
Eurostat,HR,HRV,2013,2018,CP04,Housing & utilities (incl. imputed rent),5934.3,32157.6,18.45380252257631,37.16757469462896,9.729270841107546,18.5,-0.0461974774236892,,False,True,,
Eurostat,HR,HRV,2014,2018,CP01,Food & non-alcoholic beverages,6053.0,31780.3,19.04639037391088,37.34231583716957,,19.0,0.0463903739108815,,False,True,,
Eurostat,HR,HRV,2014,2018,CP04,Housing & utilities (incl. imputed rent),5814.5,31780.3,18.295925463258687,37.34231583716957,9.8249544529158,18.3,-0.0040745367413137,,False,True,,
Eurostat,HR,HRV,2015,2018,CP01,Food & non-alcoholic beverages,6124.0,32363.9,18.92231776763616,37.04806899044924,,18.9,0.0223177676361636,,False,True,,
Eurostat,HR,HRV,2015,2018,CP04,Housing & utilities (incl. imputed rent),5866.2,32363.9,18.125751222813072,37.04806899044924,9.733993739938636,18.1,0.0257512228130707,,False,True,,
Eurostat,HR,HRV,2016,2018,CP01,Food & non-alcoholic beverages,6318.0,33717.6,18.737988468930176,36.36350155408452,,18.7,0.0379884689301768,,False,True,,
Eurostat,HR,HRV,2016,2018,CP04,Housing & utilities (incl. imputed rent),5942.9,33717.6,17.62551308515434,36.36350155408452,9.44047025885591,17.6,0.025513085154337,,False,True,,
Eurostat,HR,HRV,2017,2018,CP01,Food & non-alcoholic beverages,6601.9,35303.1,18.70062402451909,35.68383513062592,,18.7,0.0006240245190944,,False,True,,
Eurostat,HR,HRV,2017,2018,CP04,Housing & utilities (incl. imputed rent),5995.6,35303.1,16.98321110610683,35.68383513062592,9.072857624401257,17.0,-0.016788893893171,,False,True,,
Eurostat,HR,HRV,2018,2018,CP01,Food & non-alcoholic beverages,6797.6,37105.2,18.319804232290892,34.93310910600132,,18.3,0.0198042322908946,,False,True,,
Eurostat,HR,HRV,2018,2018,CP04,Housing & utilities (incl. imputed rent),6164.4,37105.2,16.613304873710426,34.93310910600132,8.780440477345493,16.6,0.0133048737104246,,False,True,,
Eurostat,HR,HRV,2019,2018,CP01,Food & non-alcoholic beverages,7117.1,39359.9,18.08210894844753,34.22950769691997,,18.1,-0.0178910515524712,,False,True,,
Eurostat,HR,HRV,2019,2018,CP04,Housing & utilities (incl. imputed rent),6355.6,39359.9,16.14739874847243,34.22950769691997,8.581830746521206,16.1,0.0473987484724283,,False,True,,
Eurostat,HR,HRV,2020,2018,CP01,Food & non-alcoholic beverages,6872.5,33062.1,20.78664089697872,40.2406380719918,,20.8,-0.0133591030212834,,False,True,,
Eurostat,HR,HRV,2020,2018,CP04,Housing & utilities (incl. imputed rent),6431.9,33062.1,19.45399717501308,40.2406380719918,10.495098617450193,19.5,-0.0460028249869175,,False,True,,
Eurostat,HR,HRV,2021,2018,CP01,Food & non-alcoholic beverages,7870.4,41346.8,19.035088567918194,35.39330734180154,,19.0,0.0350885679181942,,False,True,,
Eurostat,HR,HRV,2021,2018,CP04,Housing & utilities (incl. imputed rent),6763.6,41346.8,16.358218773883348,35.39330734180154,8.591958748923737,16.4,-0.041781226116651,,False,True,,
Eurostat,HR,HRV,2022,2018,CP01,Food & non-alcoholic beverages,9186.7,50731.3,18.10854442917883,33.10638599838759,,18.1,0.0085444291788299,,False,True,,
Eurostat,HR,HRV,2022,2018,CP04,Housing & utilities (incl. imputed rent),7608.6,50731.3,14.997841569208752,33.10638599838759,7.433280834514393,15.0,-0.0021584307912476,,False,True,,
Eurostat,HR,HRV,2023,2018,CP01,Food & non-alcoholic beverages,10115.3,56619.0,17.86555749836627,32.36104487892757,,17.9,-0.0344425016337268,,False,True,,
Eurostat,HR,HRV,2023,2018,CP04,Housing & utilities (incl. imputed rent),8207.2,56619.0,14.495487380561295,32.36104487892757,7.098323884208481,14.5,-0.004512619438703,,False,True,,
Eurostat,HR,HRV,2024,2018,CP01,Food & non-alcoholic beverages,10681.3,60584.7,17.630358819966098,31.991575430760573,,17.6,0.0303588199660964,p,False,True,,
Eurostat,HR,HRV,2024,2018,CP04,Housing & utilities (incl. imputed rent),8700.7,60584.7,14.361216610794475,31.991575430760573,6.946143168159619,14.4,-0.0387833892055233,p,False,True,,
Eurostat,HR,HRV,2025,2018,CP01,Food & non-alcoholic beverages,,,,,,,,,False,True,,
Eurostat,HR,HRV,2025,2018,CP04,Housing & utilities (incl. imputed rent),,,,,,,,,False,True,,
Eurostat,HU,HUN,1995,2018,CP01,Food & non-alcoholic beverages,770012.0,3323895.0,23.16595439988327,40.614610268976605,,23.2,-0.0340456001167304,,False,False,,
Eurostat,HU,HUN,1995,2018,CP04,Housing & utilities (incl. imputed rent),579975.0,3323895.0,17.448655869093336,40.614610268976605,10.14424342525862,17.4,0.0486558690933378,,False,False,,
Eurostat,HU,HUN,1996,2018,CP01,Food & non-alcoholic beverages,890648.0,4066545.0,21.901835587704056,40.74539935006252,,21.9,0.0018355877040576,,False,False,,
Eurostat,HU,HUN,1996,2018,CP04,Housing & utilities (incl. imputed rent),766282.0,4066545.0,18.843563762358464,40.74539935006252,10.889514317436548,18.8,0.0435637623584632,,False,False,,
Eurostat,HU,HUN,1997,2018,CP01,Food & non-alcoholic beverages,1066879.0,4935677.0,21.615656778188686,40.78376684697965,,21.6,0.0156567781886849,,False,False,,
Eurostat,HU,HUN,1997,2018,CP04,Housing & utilities (incl. imputed rent),946076.0,4935677.0,19.16811006879097,40.78376684697965,10.952155094427775,19.2,-0.0318899312090295,,False,False,,
Eurostat,HU,HUN,1998,2018,CP01,Food & non-alcoholic beverages,1233301.0,5811777.0,21.220721304344607,39.63567425247046,,21.2,0.0207213043446081,,False,False,,
Eurostat,HU,HUN,1998,2018,CP04,Housing & utilities (incl. imputed rent),1070236.0,5811777.0,18.414952948125848,39.63567425247046,10.37121692728403,18.4,0.014952948125849,,False,False,,
Eurostat,HU,HUN,1999,2018,CP01,Food & non-alcoholic beverages,1305519.0,6697001.0,19.494083993715996,38.1101481095792,,19.5,-0.0059160062840071,,False,False,,
Eurostat,HU,HUN,1999,2018,CP04,Housing & utilities (incl. imputed rent),1246718.0,6697001.0,18.616064115863203,38.1101481095792,10.560279145844536,18.6,0.0160641158632017,,False,False,,
Eurostat,HU,HUN,2000,2018,CP01,Food & non-alcoholic beverages,1457442.0,7709254.0,18.905097691683267,37.238492855469545,,18.9,0.0050976916832681,,False,False,,
Eurostat,HU,HUN,2000,2018,CP04,Housing & utilities (incl. imputed rent),1413368.0,7709254.0,18.333395163786275,37.238492855469545,10.696235978215272,18.3,0.0333951637862739,,False,False,,
Eurostat,HU,HUN,2001,2018,CP01,Food & non-alcoholic beverages,1657355.0,8829659.0,18.770317177594286,36.81283727944646,,18.8,-0.0296828224057144,,False,False,,
Eurostat,HU,HUN,2001,2018,CP04,Housing & utilities (incl. imputed rent),1593093.0,8829659.0,18.042520101852176,36.81283727944646,10.55587763921574,18.0,0.0425201018521761,,False,False,,
Eurostat,HU,HUN,2002,2018,CP01,Food & non-alcoholic beverages,1767453.0,9737979.0,18.150100754992383,36.3459296841778,,18.2,-0.0498992450076158,,False,False,,
Eurostat,HU,HUN,2002,2018,CP04,Housing & utilities (incl. imputed rent),1771906.0,9737979.0,18.19582892918541,36.3459296841778,10.449611772627565,18.2,-0.0041710708145892,,False,False,,
Eurostat,HU,HUN,2003,2018,CP01,Food & non-alcoholic beverages,1904495.0,10856842.0,17.541887410722197,36.09625156191828,,17.5,0.0418874107221967,,False,False,,
Eurostat,HU,HUN,2003,2018,CP04,Housing & utilities (incl. imputed rent),2014418.0,10856842.0,18.554364151196083,36.09625156191828,10.388416815865977,18.6,-0.0456358488039185,,False,False,,
Eurostat,HU,HUN,2004,2018,CP01,Food & non-alcoholic beverages,1983316.0,11612793.0,17.078716549929034,35.91384088220637,,17.1,-0.0212834500709675,,False,False,,
Eurostat,HU,HUN,2004,2018,CP04,Housing & utilities (incl. imputed rent),2187284.0,11612793.0,18.835124332277346,35.91384088220637,10.51895956468009,18.8,0.0351243322773413,,False,False,,
Eurostat,HU,HUN,2005,2018,CP01,Food & non-alcoholic beverages,2029542.0,12413644.0,16.34928470640853,35.28968609056293,,16.3,0.0492847064085282,,False,False,,
Eurostat,HU,HUN,2005,2018,CP04,Housing & utilities (incl. imputed rent),2351194.0,12413644.0,18.94040138415441,35.28968609056293,10.616842242294044,18.9,0.040401384154407,,False,False,,
Eurostat,HU,HUN,2006,2018,CP01,Food & non-alcoholic beverages,2170289.0,13164925.0,16.485388257054257,35.80570341266661,,16.5,-0.0146117429457426,,False,False,,
Eurostat,HU,HUN,2006,2018,CP04,Housing & utilities (incl. imputed rent),2543505.0,13164925.0,19.32031515561236,35.80570341266661,11.172976678560644,19.3,0.020315155612355,,False,False,,
Eurostat,HU,HUN,2007,2018,CP01,Food & non-alcoholic beverages,2388581.0,14052000.0,16.99815684600057,36.42014659834899,,17.0,-0.001843153999431,,False,False,,
Eurostat,HU,HUN,2007,2018,CP04,Housing & utilities (incl. imputed rent),2729178.0,14052000.0,19.42198975234842,36.42014659834899,10.962140620552232,19.4,0.0219897523484213,,False,False,,
Eurostat,HU,HUN,2008,2018,CP01,Food & non-alcoholic beverages,2551148.0,14781474.0,17.259090669847946,37.55606511231559,,17.3,-0.0409093301520542,,False,False,,
Eurostat,HU,HUN,2008,2018,CP04,Housing & utilities (incl. imputed rent),3000192.0,14781474.0,20.296974442467647,37.55606511231559,10.853139544811295,20.3,-0.0030255575323536,,False,False,,
Eurostat,HU,HUN,2009,2018,CP01,Food & non-alcoholic beverages,2429151.0,14475246.0,16.78141428477278,38.911518325837086,,16.8,-0.0185857152272213,,False,False,,
Eurostat,HU,HUN,2009,2018,CP04,Housing & utilities (incl. imputed rent),3203387.0,14475246.0,22.13010404106431,38.911518325837086,11.91263347096139,22.1,0.0301040410643089,,False,False,,
Eurostat,HU,HUN,2010,2018,CP01,Food & non-alcoholic beverages,2444443.0,14766680.0,16.553775120744813,40.36259335206018,,16.6,-0.0462248792551882,,False,False,,
Eurostat,HU,HUN,2010,2018,CP04,Housing & utilities (incl. imputed rent),3515772.0,14766680.0,23.808818231315367,40.36259335206018,13.358513897504382,23.8,0.0088182313153666,,False,False,,
Eurostat,HU,HUN,2011,2018,CP01,Food & non-alcoholic beverages,2593188.0,15325617.0,16.92061076562203,40.20908913487789,,16.9,0.0206107656220311,,False,False,,
Eurostat,HU,HUN,2011,2018,CP04,Housing & utilities (incl. imputed rent),3569103.0,15325617.0,23.288478369255863,40.20908913487789,12.765476261086258,23.3,-0.0115216307441343,,False,False,,
Eurostat,HU,HUN,2012,2018,CP01,Food & non-alcoholic beverages,2741311.0,15823086.0,17.324755739809543,40.07533043807005,,17.3,0.0247557398095423,,False,False,,
Eurostat,HU,HUN,2012,2018,CP04,Housing & utilities (incl. imputed rent),3599843.0,15823086.0,22.750574698260504,40.07533043807005,12.17451513566949,22.8,-0.0494253017394967,,False,False,,
Eurostat,HU,HUN,2013,2018,CP01,Food & non-alcoholic beverages,2850731.0,16088690.0,17.718850944359048,39.317657310818966,,17.7,0.0188509443590483,,False,False,,
Eurostat,HU,HUN,2013,2018,CP04,Housing & utilities (incl. imputed rent),3474965.0,16088690.0,21.598806366459915,39.317657310818966,11.830540584721316,21.6,-0.0011936335400868,,False,False,,
Eurostat,HU,HUN,2014,2018,CP01,Food & non-alcoholic beverages,3003405.0,16775517.0,17.903501871209095,38.011627301859015,,17.9,0.0035018712090959,,False,False,,
Eurostat,HU,HUN,2014,2018,CP04,Housing & utilities (incl. imputed rent),3373242.0,16775517.0,20.10812543064992,38.011627301859015,11.826789004475987,20.1,0.0081254306499154,,False,False,,
Eurostat,HU,HUN,2015,2018,CP01,Food & non-alcoholic beverages,3162020.0,17515532.0,18.052663202008365,38.341747199000295,,18.1,-0.0473367979916368,,False,False,,
Eurostat,HU,HUN,2015,2018,CP04,Housing & utilities (incl. imputed rent),3553741.0,17515532.0,20.289083996991927,38.341747199000295,12.248443267381202,20.3,-0.0109160030080737,,False,False,,
Eurostat,HU,HUN,2016,2018,CP01,Food & non-alcoholic beverages,3227884.0,18508774.0,17.439750466454452,37.76247416495549,,17.4,0.0397504664544534,,False,False,,
Eurostat,HU,HUN,2016,2018,CP04,Housing & utilities (incl. imputed rent),3761487.0,18508774.0,20.322723698501047,37.76247416495549,12.46185187630472,20.3,0.0227236985010463,,False,False,,
Eurostat,HU,HUN,2017,2018,CP01,Food & non-alcoholic beverages,3552888.0,20060448.0,17.7109105439719,37.95200386352289,,17.7,0.0109105439718995,,False,False,,
Eurostat,HU,HUN,2017,2018,CP04,Housing & utilities (incl. imputed rent),4060454.0,20060448.0,20.24109331955099,37.95200386352289,12.598272979746016,20.2,0.0410933195509919,,False,False,,
Eurostat,HU,HUN,2018,2018,CP01,Food & non-alcoholic beverages,3784093.0,21776054.0,17.377312712395003,37.86026614371915,,17.4,-0.0226872876049952,,False,False,,
Eurostat,HU,HUN,2018,2018,CP04,Housing & utilities (incl. imputed rent),4460379.0,21776054.0,20.482953431324148,37.86026614371915,13.326147152280209,20.5,-0.0170465686758518,,False,False,,
Eurostat,HU,HUN,2019,2018,CP01,Food & non-alcoholic beverages,4106451.0,24009924.0,17.103140351464667,38.05009961714165,,17.1,0.0031403514646655,,False,False,,
Eurostat,HU,HUN,2019,2018,CP04,Housing & utilities (incl. imputed rent),5029349.0,24009924.0,20.946959265676977,38.05009961714165,14.117687336286448,20.9,0.0469592656769783,,False,False,,
Eurostat,HU,HUN,2020,2018,CP01,Food & non-alcoholic beverages,4429153.0,23882535.0,18.545573156283453,41.02185969789221,,18.5,0.0455731562834529,,False,False,,
Eurostat,HU,HUN,2020,2018,CP04,Housing & utilities (incl. imputed rent),5367907.0,23882535.0,22.476286541608754,41.02185969789221,15.201937315280812,22.5,-0.0237134583912457,,False,False,,
Eurostat,HU,HUN,2021,2018,CP01,Food & non-alcoholic beverages,4742976.0,26735879.0,17.74011619367368,40.17076827733997,,17.7,0.0401161936736791,,False,False,,
Eurostat,HU,HUN,2021,2018,CP04,Housing & utilities (incl. imputed rent),5997032.0,26735879.0,22.430652083666292,40.17076827733997,15.589586562686044,22.4,0.0306520836662969,,False,False,,
Eurostat,HU,HUN,2022,2018,CP01,Food & non-alcoholic beverages,5500738.0,33096914.0,16.620093341632998,39.04807862146906,,16.6,0.0200933416329966,,False,False,,
Eurostat,HU,HUN,2022,2018,CP04,Housing & utilities (incl. imputed rent),7422971.0,33096914.0,22.42798527983606,39.04807862146906,16.15579325613258,22.4,0.0279852798360629,,False,False,,
Eurostat,HU,HUN,2023,2018,CP01,Food & non-alcoholic beverages,6248033.0,36840058.0,16.959889151097425,38.30903034951791,,17.0,-0.0401108489025752,,False,False,,
Eurostat,HU,HUN,2023,2018,CP04,Housing & utilities (incl. imputed rent),7865036.0,36840058.0,21.34914119842048,38.30903034951791,15.367777108277084,21.3,0.0491411984204788,,False,False,,
Eurostat,HU,HUN,2024,2018,CP01,Food & non-alcoholic beverages,6949307.0,41600946.0,16.704685032883624,38.063468556700606,,16.7,0.0046850328836249,,False,False,,
Eurostat,HU,HUN,2024,2018,CP04,Housing & utilities (incl. imputed rent),8885456.0,41600946.0,21.35878352381698,38.063468556700606,15.923178766175171,21.4,-0.0412164761830169,,False,False,,
Eurostat,HU,HUN,2025,2018,CP01,Food & non-alcoholic beverages,,,,,,,,,False,False,,
Eurostat,HU,HUN,2025,2018,CP04,Housing & utilities (incl. imputed rent),,,,,,,,,False,False,,
Eurostat,IE,IRL,1995,2018,CP01,Food & non-alcoholic beverages,4263.7,28482.2,14.96970037426884,30.30840314301564,,15.0,-0.0302996257311587,,False,False,,
Eurostat,IE,IRL,1995,2018,CP04,Housing & utilities (incl. imputed rent),4368.8,28482.2,15.338702768746796,30.30840314301564,9.556143837203589,15.3,0.0387027687467949,,False,False,,
Eurostat,IE,IRL,1996,2018,CP01,Food & non-alcoholic beverages,4532.9,31369.7,14.449930984357517,29.98084138515829,,14.4,0.0499309843575144,,False,False,,
Eurostat,IE,IRL,1996,2018,CP04,Housing & utilities (incl. imputed rent),4872.0,31369.7,15.530910400800774,29.98084138515829,9.868439927700932,15.5,0.0309104008007743,,False,False,,
Eurostat,IE,IRL,1997,2018,CP01,Food & non-alcoholic beverages,4561.9,34404.6,13.259564128052643,29.80764200136029,,13.3,-0.0404358719473556,,False,False,,
Eurostat,IE,IRL,1997,2018,CP04,Housing & utilities (incl. imputed rent),5693.3,34404.6,16.54807787330764,29.80764200136029,10.863082262255633,16.5,0.0480778733076405,,False,False,,
Eurostat,IE,IRL,1998,2018,CP01,Food & non-alcoholic beverages,4743.7,38745.6,12.243196646845062,29.42605095804427,,12.2,0.0431966468450628,,False,False,,
Eurostat,IE,IRL,1998,2018,CP04,Housing & utilities (incl. imputed rent),6657.6,38745.6,17.182854311199208,29.42605095804427,11.649064667988108,17.2,-0.0171456888007917,,False,False,,
Eurostat,IE,IRL,1999,2018,CP01,Food & non-alcoholic beverages,4876.7,43353.9,11.248584325746933,28.61218944547088,,11.2,0.0485843257469333,,False,False,,
Eurostat,IE,IRL,1999,2018,CP04,Housing & utilities (incl. imputed rent),7527.8,43353.9,17.363605119723946,28.61218944547088,12.033980795268706,17.4,-0.0363948802760525,,False,False,,
Eurostat,IE,IRL,2000,2018,CP01,Food & non-alcoholic beverages,5621.5,50377.3,11.158795727440731,28.653580084681,,11.2,-0.041204272559268,,False,False,,
Eurostat,IE,IRL,2000,2018,CP04,Housing & utilities (incl. imputed rent),8813.4,50377.3,17.494784357240263,28.653580084681,12.269613496554996,17.5,-0.0052156427597367,,False,False,,
Eurostat,IE,IRL,2001,2018,CP01,Food & non-alcoholic beverages,6055.8,54816.8,11.047343150275095,29.478918871586814,,11.0,0.0473431502750969,,False,False,,
Eurostat,IE,IRL,2001,2018,CP04,Housing & utilities (incl. imputed rent),10103.6,54816.8,18.431575721311717,29.478918871586814,13.11422775499482,18.4,0.0315757213117144,,False,False,,
Eurostat,IE,IRL,2002,2018,CP01,Food & non-alcoholic beverages,6277.7,59084.0,10.625042312639632,29.914189966826893,,10.6,0.0250423126396324,,False,False,,
Eurostat,IE,IRL,2002,2018,CP04,Housing & utilities (incl. imputed rent),11396.8,59084.0,19.289147654187257,29.914189966826893,13.782242231399364,19.3,-0.0108523458127436,,False,False,,
Eurostat,IE,IRL,2003,2018,CP01,Food & non-alcoholic beverages,6308.2,63042.2,10.006313231454486,30.01560859233974,,10.0,0.0063132314544862,,False,False,,
Eurostat,IE,IRL,2003,2018,CP04,Housing & utilities (incl. imputed rent),12614.3,63042.2,20.009295360885247,30.01560859233974,14.16083195066162,20.0,0.0092953608852468,,False,False,,
Eurostat,IE,IRL,2004,2018,CP01,Food & non-alcoholic beverages,6421.9,66622.6,9.639221525428306,29.56759417975281,,9.6,0.0392215254283065,,False,False,,
Eurostat,IE,IRL,2004,2018,CP04,Housing & utilities (incl. imputed rent),13276.8,66622.6,19.928372654324505,29.56759417975281,13.77505531156094,19.9,0.0283726543245066,,False,False,,
Eurostat,IE,IRL,2005,2018,CP01,Food & non-alcoholic beverages,6720.5,72220.1,9.305581133230222,29.03249926267064,,9.3,0.0055811332302209,,False,False,,
Eurostat,IE,IRL,2005,2018,CP04,Housing & utilities (incl. imputed rent),14246.8,72220.1,19.726918129440417,29.03249926267064,13.254620251148918,19.7,0.0269181294404177,,False,False,,
Eurostat,IE,IRL,2006,2018,CP01,Food & non-alcoholic beverages,7304.2,78637.9,9.288396561963124,28.988185086326062,,9.3,-0.0116034380368752,,False,False,,
Eurostat,IE,IRL,2006,2018,CP04,Housing & utilities (incl. imputed rent),15491.5,78637.9,19.699788524362933,28.988185086326062,13.117339094762196,19.7,-0.0002114756370659,,False,False,,
Eurostat,IE,IRL,2007,2018,CP01,Food & non-alcoholic beverages,7845.1,85752.2,9.148569949225791,29.740228239042267,,9.1,0.0485699492257936,,False,False,,
Eurostat,IE,IRL,2007,2018,CP04,Housing & utilities (incl. imputed rent),17657.8,85752.2,20.591658289816472,29.740228239042267,13.649912188841803,20.6,-0.0083417101835294,,False,False,,
Eurostat,IE,IRL,2008,2018,CP01,Food & non-alcoholic beverages,8134.2,86454.7,9.408626714337103,31.83389682689316,,9.4,0.0086267143371028,,False,False,,
Eurostat,IE,IRL,2008,2018,CP04,Housing & utilities (incl. imputed rent),19387.7,86454.7,22.425270112556056,31.83389682689316,14.528649107567318,22.4,0.0252701125560577,,False,False,,
Eurostat,IE,IRL,2009,2018,CP01,Food & non-alcoholic beverages,7530.5,76384.9,9.858623890323877,31.82828019674045,,9.9,-0.0413761096761255,,False,False,,
Eurostat,IE,IRL,2009,2018,CP04,Housing & utilities (incl. imputed rent),16781.5,76384.9,21.969656306416585,31.82828019674045,13.815950534726104,22.0,-0.0303436935834149,,False,False,,
Eurostat,IE,IRL,2010,2018,CP01,Food & non-alcoholic beverages,7334.6,74707.1,9.81780848138932,32.055587755380685,,9.8,0.0178084813893182,,False,False,,
Eurostat,IE,IRL,2010,2018,CP04,Housing & utilities (incl. imputed rent),16613.2,74707.1,22.23777927399136,32.055587755380685,13.405017729238583,22.2,0.0377792739913616,,False,False,,
Eurostat,IE,IRL,2011,2018,CP01,Food & non-alcoholic beverages,7647.7,74675.4,10.241257495775049,33.09670922418896,,10.2,0.0412574957750493,,False,False,,
Eurostat,IE,IRL,2011,2018,CP04,Housing & utilities (incl. imputed rent),17067.4,74675.4,22.85545172841391,33.09670922418896,13.63715493991328,22.9,-0.0445482715860876,,False,False,,
Eurostat,IE,IRL,2012,2018,CP01,Food & non-alcoholic beverages,7975.7,75342.9,10.585868077814895,33.71027661531478,,10.6,-0.0141319221851023,,False,False,,
Eurostat,IE,IRL,2012,2018,CP04,Housing & utilities (incl. imputed rent),17422.6,75342.9,23.12440853749988,33.71027661531478,13.611634274762457,23.1,0.0244085374998803,,False,False,,
Eurostat,IE,IRL,2013,2018,CP01,Food & non-alcoholic beverages,8113.2,76944.8,10.54418232291201,33.90482527734168,,10.5,0.0441823229120093,,False,False,,
Eurostat,IE,IRL,2013,2018,CP04,Housing & utilities (incl. imputed rent),17974.8,76944.8,23.360642954429668,33.90482527734168,13.79768353416995,23.4,-0.0393570455703304,,False,False,,
Eurostat,IE,IRL,2014,2018,CP01,Food & non-alcoholic beverages,7835.5,80108.5,9.781109370416372,33.291598269846524,,9.8,-0.0188906295836286,,False,False,,
Eurostat,IE,IRL,2014,2018,CP04,Housing & utilities (incl. imputed rent),18833.9,80108.5,23.51048889943015,33.291598269846524,14.254916769131864,23.5,0.0104888994301504,,False,False,,
Eurostat,IE,IRL,2015,2018,CP01,Food & non-alcoholic beverages,7963.6,83830.2,9.499679113255128,33.69632900792316,,9.5,-0.0003208867448716,,False,False,,
Eurostat,IE,IRL,2015,2018,CP04,Housing & utilities (incl. imputed rent),20284.1,83830.2,24.196649894668028,33.69632900792316,14.73406958351525,24.2,-0.0033501053319717,,False,False,,
Eurostat,IE,IRL,2016,2018,CP01,Food & non-alcoholic beverages,8295.3,88420.8,9.381616090331686,33.29239274016973,,9.4,-0.018383909668314,,False,False,,
Eurostat,IE,IRL,2016,2018,CP04,Housing & utilities (incl. imputed rent),21142.1,88420.8,23.910776649838045,33.29239274016973,14.72617302716103,23.9,0.0107766498380463,,False,False,,
Eurostat,IE,IRL,2017,2018,CP01,Food & non-alcoholic beverages,8922.9,92501.6,9.646211524989836,34.112707239658555,,9.6,0.0462115249898378,,False,False,,
Eurostat,IE,IRL,2017,2018,CP04,Housing & utilities (incl. imputed rent),22631.9,92501.6,24.46649571466872,34.112707239658555,15.279087064439963,24.5,-0.0335042853312792,,False,False,,
Eurostat,IE,IRL,2018,2018,CP01,Food & non-alcoholic beverages,9322.8,98128.7,9.500584436561372,34.66946978814557,,9.5,0.0005844365613718,,False,False,,
Eurostat,IE,IRL,2018,2018,CP04,Housing & utilities (incl. imputed rent),24697.9,98128.7,25.1688853515842,34.66946978814557,15.544483927739796,25.2,-0.0311146484158015,,False,False,,
Eurostat,IE,IRL,2019,2018,CP01,Food & non-alcoholic beverages,9826.3,102214.7,9.613392202882755,34.9011443559488,,9.6,0.0133922028827555,,False,False,,
Eurostat,IE,IRL,2019,2018,CP04,Housing & utilities (incl. imputed rent),25847.8,102214.7,25.287752153066045,34.9011443559488,15.938509822951104,25.3,-0.0122478469339561,,False,False,,
Eurostat,IE,IRL,2020,2018,CP01,Food & non-alcoholic beverages,10283.1,92348.3,11.135126472279405,39.45952443087744,,11.1,0.0351264722794031,,False,False,,
Eurostat,IE,IRL,2020,2018,CP04,Housing & utilities (incl. imputed rent),26157.1,92348.3,28.32439795859805,39.45952443087744,17.821443383364933,28.3,0.0243979585980476,,False,False,,
Eurostat,IE,IRL,2021,2018,CP01,Food & non-alcoholic beverages,11040.7,104114.6,10.604372489545174,37.31157781905708,,10.6,0.0043724895451742,,False,False,,
Eurostat,IE,IRL,2021,2018,CP04,Housing & utilities (incl. imputed rent),27806.1,104114.6,26.7072053295119,37.31157781905708,16.58537803535719,26.7,0.0072053295119012,,False,False,,
Eurostat,IE,IRL,2022,2018,CP01,Food & non-alcoholic beverages,11992.4,122720.5,9.772124461683257,36.184337580110906,,9.8,-0.0278755383167457,,False,False,,
Eurostat,IE,IRL,2022,2018,CP04,Housing & utilities (incl. imputed rent),32413.2,122720.5,26.412213118427648,36.184337580110906,15.472476073679625,26.4,0.012213118427649,,False,False,,
Eurostat,IE,IRL,2023,2018,CP01,Food & non-alcoholic beverages,13313.1,134716.4,9.882315738841005,36.4453028732953,,9.9,-0.0176842611589975,,False,False,,
Eurostat,IE,IRL,2023,2018,CP04,Housing & utilities (incl. imputed rent),35784.7,134716.4,26.562987134454303,36.4453028732953,15.492323132150206,26.6,-0.037012865545698,,False,False,,
Eurostat,IE,IRL,2024,2018,CP01,Food & non-alcoholic beverages,13922.9,142543.6,9.76746763797182,35.46079936244068,,9.8,-0.0325323620281796,,False,False,,
Eurostat,IE,IRL,2024,2018,CP04,Housing & utilities (incl. imputed rent),36624.2,142543.6,25.69333172446886,35.46079936244068,15.640056796657303,25.7,-0.0066682755311404,,False,False,,
Eurostat,IE,IRL,2025,2018,CP01,Food & non-alcoholic beverages,14577.6,148153.4,9.839531188619365,35.544374951907955,,9.8,0.0395311886193638,,False,False,,
Eurostat,IE,IRL,2025,2018,CP04,Housing & utilities (incl. imputed rent),38082.6,148153.4,25.704843763288597,35.544374951907955,15.979653521282671,25.7,0.0048437632885942,,False,False,,
Eurostat,IS,ISL,1995,1999,CP01,Food & non-alcoholic beverages,43277.7,249776.1,17.326597700900926,35.19275863463318,,17.3,0.0265977009009255,,False,True,,
Eurostat,IS,ISL,1995,1999,CP04,Housing & utilities (incl. imputed rent),44625.4,249776.1,17.86616093373225,35.19275863463318,10.862008014377675,17.9,-0.033839066267749,,False,True,,
Eurostat,IS,ISL,1996,1999,CP01,Food & non-alcoholic beverages,45681.7,269012.1,16.98128076766807,33.815839510564764,,17.0,-0.0187192323319287,,False,True,,
Eurostat,IS,ISL,1996,1999,CP04,Housing & utilities (incl. imputed rent),45287.0,269012.1,16.834558742896697,33.815839510564764,10.24671380952753,16.8,0.0345587428966958,,False,True,,
Eurostat,IS,ISL,1997,1999,CP01,Food & non-alcoholic beverages,49006.9,287605.4,17.03963138383354,33.51171431412623,,17.0,0.0396313838335409,,False,True,,
Eurostat,IS,ISL,1997,1999,CP04,Housing & utilities (incl. imputed rent),47374.6,287605.4,16.472082930292682,33.51171431412623,10.013963576483611,16.5,-0.0279170697073176,,False,True,,
Eurostat,IS,ISL,1998,1999,CP01,Food & non-alcoholic beverages,52575.9,321873.8,16.334321091061156,32.40704897385249,,16.3,0.0343210910611553,,False,True,,
Eurostat,IS,ISL,1998,1999,CP04,Housing & utilities (incl. imputed rent),51733.9,321873.8,16.072727882791334,32.40704897385249,9.859236756766162,16.1,-0.0272721172086676,,False,True,,
Eurostat,IS,ISL,1999,1999,CP01,Food & non-alcoholic beverages,55205.5,356805.4,15.472159333911426,31.398151485375504,,15.5,-0.0278406660885739,,False,True,,
Eurostat,IS,ISL,1999,1999,CP04,Housing & utilities (incl. imputed rent),56824.8,356805.4,15.925992151464074,31.398151485375504,9.893095788348491,15.9,0.0259921514640737,,False,True,,
Eurostat,IS,ISL,2000,1999,CP01,Food & non-alcoholic beverages,57235.1,391111.6,14.633956139373009,31.705784231406074,,14.6,0.033956139373009,,False,True,,
Eurostat,IS,ISL,2000,1999,CP04,Housing & utilities (incl. imputed rent),66769.9,391111.6,17.071828092033066,31.705784231406074,10.811875689700845,17.1,-0.0281719079669358,,False,True,,
Eurostat,IS,ISL,2001,1999,CP01,Food & non-alcoholic beverages,62757.0,414898.0,15.125886362431247,32.46973955044372,,15.1,0.0258863624312493,,False,True,,
Eurostat,IS,ISL,2001,1999,CP04,Housing & utilities (incl. imputed rent),71959.3,414898.0,17.343853188012474,32.46973955044372,11.000221741247246,17.3,0.0438531880124735,,False,True,,
Eurostat,IS,ISL,2002,1999,CP01,Food & non-alcoholic beverages,65833.0,435225.7,15.126174764036223,33.52235403378063,,15.1,0.0261747640362237,,False,True,,
Eurostat,IS,ISL,2002,1999,CP04,Housing & utilities (incl. imputed rent),80064.9,435225.7,18.396179269744408,33.52235403378063,11.825864143592622,18.4,-0.0038207302555903,,False,True,,
Eurostat,IS,ISL,2003,1999,CP01,Food & non-alcoholic beverages,62449.8,461849.7,13.521671660715596,33.06603858354786,,13.5,0.0216716607155973,,False,True,,
Eurostat,IS,ISL,2003,1999,CP04,Housing & utilities (incl. imputed rent),90265.6,461849.7,19.544366922832253,33.06603858354786,12.769738726689656,19.5,0.0443669228322534,,False,True,,
Eurostat,IS,ISL,2004,1999,CP01,Food & non-alcoholic beverages,65983.1,507864.7,12.992259552593438,33.08745419793894,,13.0,-0.0077404474065616,,False,True,,
Eurostat,IS,ISL,2004,1999,CP04,Housing & utilities (incl. imputed rent),102056.4,507864.7,20.0951946453455,33.08745419793894,13.320772245048731,20.1,-0.0048053546545006,,False,True,,
Eurostat,IS,ISL,2005,1999,CP01,Food & non-alcoholic beverages,66487.9,568060.1,11.704377758620964,31.58801331056344,,11.7,0.0043777586209632,,False,True,,
Eurostat,IS,ISL,2005,1999,CP04,Housing & utilities (incl. imputed rent),112951.0,568060.1,19.88363555194248,31.58801331056344,13.150175483192712,19.9,-0.0163644480575193,,False,True,,
Eurostat,IS,ISL,2006,1999,CP01,Food & non-alcoholic beverages,74167.9,629132.2,11.788921310974068,32.09087056742605,,11.8,-0.0110786890259326,,False,True,,
Eurostat,IS,ISL,2006,1999,CP04,Housing & utilities (incl. imputed rent),127726.1,629132.2,20.301949256451984,32.09087056742605,13.811310246081826,20.3,0.0019492564519829,,False,True,,
Eurostat,IS,ISL,2007,1999,CP01,Food & non-alcoholic beverages,80310.6,701503.8,11.448348533536098,32.776572272309856,,11.4,0.0483485335360978,,False,True,,
Eurostat,IS,ISL,2007,1999,CP04,Housing & utilities (incl. imputed rent),149618.3,701503.8,21.32822373877376,32.776572272309856,14.843340834361838,21.3,0.0282237387737573,,False,True,,
Eurostat,IS,ISL,2008,1999,CP01,Food & non-alcoholic beverages,95157.2,759563.3,12.527882797918224,36.25576696504426,,12.5,0.0278827979182239,,False,True,,
Eurostat,IS,ISL,2008,1999,CP04,Housing & utilities (incl. imputed rent),180228.3,759563.3,23.727884167126028,36.25576696504426,16.358267967923148,23.7,0.0278841671260288,,False,True,,
Eurostat,IS,ISL,2009,1999,CP01,Food & non-alcoholic beverages,109889.1,802234.2,13.6978827379835,38.734673739912864,,13.7,-0.0021172620164993,,False,True,,
Eurostat,IS,ISL,2009,1999,CP04,Housing & utilities (incl. imputed rent),200853.7,802234.2,25.03679100192937,38.734673739912864,16.724530068650775,25.0,0.036791001929366,,False,True,,
Eurostat,IS,ISL,2010,1999,CP01,Food & non-alcoholic beverages,113816.9,829344.4,13.72371960309854,39.00561696684755,,13.7,0.0237196030985415,,False,True,,
Eurostat,IS,ISL,2010,1999,CP04,Housing & utilities (incl. imputed rent),209674.0,829344.4,25.281897363749007,39.00561696684755,15.933284170002231,25.3,-0.0181026362509939,,False,True,,
Eurostat,IS,ISL,2011,1999,CP01,Food & non-alcoholic beverages,121908.5,882709.3,13.81071888559461,39.00460774572104,,13.8,0.0107188855946098,,False,True,,
Eurostat,IS,ISL,2011,1999,CP04,Housing & utilities (incl. imputed rent),222388.8,882709.3,25.193888860126428,39.00460774572104,14.932809703035868,25.2,-0.0061111398735711,,False,True,,
Eurostat,IS,ISL,2012,1999,CP01,Food & non-alcoholic beverages,134499.6,958894.8,14.026523034643636,38.58336701794608,,14.0,0.0265230346436347,,False,True,,
Eurostat,IS,ISL,2012,1999,CP04,Housing & utilities (incl. imputed rent),235474.3,958894.8,24.55684398330244,38.58336701794608,14.381963485462638,24.6,-0.0431560166975621,,False,True,,
Eurostat,IS,ISL,2013,1999,CP01,Food & non-alcoholic beverages,143965.3,1018121.3,14.140289570604208,38.63695809133941,,14.1,0.0402895706042087,,False,True,,
Eurostat,IS,ISL,2013,1999,CP04,Housing & utilities (incl. imputed rent),249405.8,1018121.3,24.4966685207352,38.63695809133941,14.62657740290867,24.5,-0.0033314792648013,,False,True,,
Eurostat,IS,ISL,2014,1999,CP01,Food & non-alcoholic beverages,153248.6,1092355.8,14.029183531592912,38.31745114549673,,14.0,0.0291835315929116,,False,True,,
Eurostat,IS,ISL,2014,1999,CP04,Housing & utilities (incl. imputed rent),265314.3,1092355.8,24.28826761390382,38.31745114549673,14.795371617928884,24.3,-0.0117323860961811,,False,True,,
Eurostat,IS,ISL,2015,1999,CP01,Food & non-alcoholic beverages,162463.9,1175365.9,13.822410536157296,37.84780552166776,,13.8,0.0224105361572952,,False,True,,
Eurostat,IS,ISL,2015,1999,CP04,Housing & utilities (incl. imputed rent),282386.3,1175365.9,24.02539498551047,37.84780552166776,14.552038646008024,24.0,0.02539498551047,,False,True,,
Eurostat,IS,ISL,2016,1999,CP01,Food & non-alcoholic beverages,171779.9,1310368.0,13.1092868568219,36.09084623556131,,13.1,0.0092868568219,,False,True,,
Eurostat,IS,ISL,2016,1999,CP04,Housing & utilities (incl. imputed rent),301143.0,1310368.0,22.98155937873941,36.09084623556131,13.89974419399741,23.0,-0.0184406212605914,,False,True,,
Eurostat,IS,ISL,2017,1999,CP01,Food & non-alcoholic beverages,175028.5,1400147.3,12.50072045991161,35.413188312401125,,12.5,0.0007204599116104,,False,True,,
Eurostat,IS,ISL,2017,1999,CP04,Housing & utilities (incl. imputed rent),320808.3,1400147.3,22.91246785248952,35.413188312401125,13.912879023514169,22.9,0.012467852489518,,False,True,,
Eurostat,IS,ISL,2018,1999,CP01,Food & non-alcoholic beverages,186567.5,1502510.7,12.417049675586338,35.385957650750846,,12.4,0.0170496755863371,,False,True,,
Eurostat,IS,ISL,2018,1999,CP04,Housing & utilities (incl. imputed rent),345110.3,1502510.7,22.968907975164505,35.385957650750846,13.968126816002044,23.0,-0.0310920248354946,,False,True,,
Eurostat,IS,ISL,2019,1999,CP01,Food & non-alcoholic beverages,192041.0,1568518.8,12.243461793381115,35.76512439634131,,12.2,0.0434617933811178,,False,True,,
Eurostat,IS,ISL,2019,1999,CP04,Housing & utilities (incl. imputed rent),368941.7,1568518.8,23.521662602960195,35.76512439634131,14.34336011783856,23.5,0.0216626029601947,,False,True,,
Eurostat,IS,ISL,2020,1999,CP01,Food & non-alcoholic beverages,201014.7,1469806.3,13.676271492372836,40.39787419607604,,13.7,-0.0237285076271618,,False,True,,
Eurostat,IS,ISL,2020,1999,CP04,Housing & utilities (incl. imputed rent),392755.8,1469806.3,26.7216027037032,40.39787419607604,16.367524074430758,26.7,0.021602703703202,,False,True,,
Eurostat,IS,ISL,2021,1999,CP01,Food & non-alcoholic beverages,217229.6,1680520.3,12.926330018149738,37.65421340045699,,12.9,0.0263300181497374,,False,True,,
Eurostat,IS,ISL,2021,1999,CP04,Housing & utilities (incl. imputed rent),415557.1,1680520.3,24.72788338230725,37.65421340045699,15.162203039142105,24.7,0.0278833823072517,,False,True,,
Eurostat,IS,ISL,2022,1999,CP01,Food & non-alcoholic beverages,249781.8,1992162.9,12.538221648440494,35.112098513630585,,12.5,0.0382216484404942,,False,True,,
Eurostat,IS,ISL,2022,1999,CP04,Housing & utilities (incl. imputed rent),449708.4,1992162.9,22.57387686519009,35.112098513630585,13.825204756097005,22.6,-0.0261231348099073,,False,True,,
Eurostat,IS,ISL,2023,1999,CP01,Food & non-alcoholic beverages,281158.0,2218759.7,12.67185445994895,35.015382693312844,,12.7,-0.0281455400510495,,False,True,,
Eurostat,IS,ISL,2023,1999,CP04,Housing & utilities (incl. imputed rent),495749.2,2218759.7,22.34352823336389,35.015382693312844,13.719079177434132,22.3,0.0435282333638902,,False,True,,
Eurostat,IS,ISL,2024,1999,CP01,Food & non-alcoholic beverages,300243.4,2319516.2,12.944225179371458,36.89100770238207,,12.9,0.0442251793714572,,False,True,,
Eurostat,IS,ISL,2024,1999,CP04,Housing & utilities (incl. imputed rent),555449.5,2319516.2,23.94678252301061,36.89100770238207,14.76067724812614,23.9,0.0467825230106164,,False,True,,
Eurostat,IS,ISL,2025,1999,CP01,Food & non-alcoholic beverages,322579.5,2515704.5,12.82263079785404,37.41651294895724,,12.8,0.0226307978540383,,False,True,,
Eurostat,IS,ISL,2025,1999,CP04,Housing & utilities (incl. imputed rent),618709.4,2515704.5,24.5938821511032,37.41651294895724,15.262110474421776,24.6,-0.0061178488968032,,False,True,,
OECD,ISR,ISR,1995,2018,CP01,Food & non-alcoholic beverages,27232.3,165557.3,16.44886694818048,39.20594259510152,,,,,False,False,,
OECD,ISR,ISR,1995,2018,CP04,Housing & utilities (incl. imputed rent),37676.0,165557.3,22.75707564692104,39.20594259510152,15.168766342529144,,,,False,False,,
OECD,ISR,ISR,1996,2018,CP01,Food & non-alcoholic beverages,31186.9,187608.9,16.623358486724246,38.53340646419227,,,,,False,False,,
OECD,ISR,ISR,1996,2018,CP04,Housing & utilities (incl. imputed rent),41105.2,187608.9,21.910047977468015,38.53340646419227,14.141226775488796,,,,False,False,,
OECD,ISR,ISR,1997,2018,CP01,Food & non-alcoholic beverages,34773.3,208478.1,16.679593683940904,38.68583798490105,,,,,False,False,,
OECD,ISR,ISR,1997,2018,CP04,Housing & utilities (incl. imputed rent),45878.2,208478.1,22.006244300960144,38.68583798490105,13.89589601977378,,,,False,False,,
OECD,ISR,ISR,1998,2018,CP01,Food & non-alcoholic beverages,37420.1,231108.2,16.191593374878085,38.93773565801645,,,,,False,False,,
OECD,ISR,ISR,1998,2018,CP04,Housing & utilities (incl. imputed rent),52568.2,231108.2,22.74614228313837,38.93773565801645,14.415801775964676,,,,False,False,,
OECD,ISR,ISR,1999,2018,CP01,Food & non-alcoholic beverages,40205.8,259042.6,15.520922041393964,38.09597340360234,,,,,False,False,,
OECD,ISR,ISR,1999,2018,CP04,Housing & utilities (incl. imputed rent),58479.0,259042.6,22.575051362208377,38.09597340360234,14.433185892976674,,,,False,False,,
OECD,ISR,ISR,2000,2018,CP01,Food & non-alcoholic beverages,42822.6,282322.3,15.167983542213989,37.48609302205317,,,,,False,False,,
OECD,ISR,ISR,2000,2018,CP04,Housing & utilities (incl. imputed rent),63009.0,282322.3,22.318109479839176,37.48609302205317,13.91133466963113,,,,False,False,,
OECD,ISR,ISR,2001,2018,CP01,Food & non-alcoholic beverages,44482.2,288104.9,15.43958467905266,38.58143335986302,,,,,False,False,,
OECD,ISR,ISR,2001,2018,CP04,Housing & utilities (incl. imputed rent),66672.8,288104.9,23.141848680810355,38.58143335986302,14.658202619948495,,,,False,False,,
OECD,ISR,ISR,2002,2018,CP01,Food & non-alcoholic beverages,46901.1,304692.1,15.39294914439856,40.02164808342586,,,,,False,False,,
OECD,ISR,ISR,2002,2018,CP04,Housing & utilities (incl. imputed rent),75041.7,304692.1,24.628698939027306,40.02164808342586,15.382184178716813,,,,False,False,,
OECD,ISR,ISR,2003,2018,CP01,Food & non-alcoholic beverages,49203.8,307243.7,16.01458386290752,39.48370625662951,,,,,False,False,,
OECD,ISR,ISR,2003,2018,CP04,Housing & utilities (incl. imputed rent),72107.4,307243.7,23.46912239372198,39.48370625662951,14.08497554221616,,,,False,False,,
OECD,ISR,ISR,2004,2018,CP01,Food & non-alcoholic beverages,51001.1,324919.1,15.696553388212635,38.73807356969781,,,,,False,False,,
OECD,ISR,ISR,2004,2018,CP04,Housing & utilities (incl. imputed rent),74866.3,324919.1,23.04152018148518,38.73807356969781,13.8760694585206,,,,False,False,,
OECD,ISR,ISR,2005,2018,CP01,Food & non-alcoholic beverages,52756.1,343001.6,15.380715425234168,38.25611892189424,,,,,False,False,,
OECD,ISR,ISR,2005,2018,CP04,Housing & utilities (incl. imputed rent),78463.0,343001.6,22.87540349666008,38.25611892189424,13.59964501623316,,,,False,False,,
OECD,ISR,ISR,2006,2018,CP01,Food & non-alcoholic beverages,57194.4,368777.8,15.509176528522053,38.037620485831845,,,,,False,False,,
OECD,ISR,ISR,2006,2018,CP04,Housing & utilities (incl. imputed rent),83079.9,368777.8,22.528443957309797,38.037620485831845,13.2871338784493,,,,False,False,,
OECD,ISR,ISR,2007,2018,CP01,Food & non-alcoholic beverages,61090.1,400974.8,15.23539633912156,37.02137889962162,,,,,False,False,,
OECD,ISR,ISR,2007,2018,CP04,Housing & utilities (incl. imputed rent),87356.3,400974.8,21.785982560500063,37.02137889962162,12.69997516053378,,,,False,False,,
OECD,ISR,ISR,2008,2018,CP01,Food & non-alcoholic beverages,69201.9,429340.4,16.118189669548915,37.95622308080022,,,,,False,False,,
OECD,ISR,ISR,2008,2018,CP04,Housing & utilities (incl. imputed rent),93759.5,429340.4,21.838033411251303,37.95622308080022,12.713734836041516,,,,False,False,,
OECD,ISR,ISR,2009,2018,CP01,Food & non-alcoholic beverages,70845.7,444550.1,15.93649399696457,39.519392752357945,,,,,False,False,,
OECD,ISR,ISR,2009,2018,CP04,Housing & utilities (incl. imputed rent),104837.8,444550.1,23.582898755393376,39.519392752357945,14.143535228087902,,,,False,False,,
OECD,ISR,ISR,2010,2018,CP01,Food & non-alcoholic beverages,74751.7,479320.8,15.595338236938602,38.9183194219821,,,,,False,False,,
OECD,ISR,ISR,2010,2018,CP04,Housing & utilities (incl. imputed rent),111791.9,479320.8,23.322981185043503,38.9183194219821,14.189077544725787,,,,False,False,,
OECD,ISR,ISR,2011,2018,CP01,Food & non-alcoholic beverages,78832.0,515289.0,15.298599426729467,38.70798716836571,,,,,False,False,,
OECD,ISR,ISR,2011,2018,CP04,Housing & utilities (incl. imputed rent),120626.0,515289.0,23.409387741636248,38.70798716836571,14.309077042203503,,,,False,False,,
OECD,ISR,ISR,2012,2018,CP01,Food & non-alcoholic beverages,81246.0,538972.7,15.07423288786241,39.22046515528523,,,,,False,False,,
OECD,ISR,ISR,2012,2018,CP04,Housing & utilities (incl. imputed rent),130141.6,538972.7,24.146232267422825,39.22046515528523,14.524409121278314,,,,False,False,,
OECD,ISR,ISR,2013,2018,CP01,Food & non-alcoholic beverages,88490.5,566145.8,15.630337626809206,39.83800639340608,,,,,False,False,,
OECD,ISR,ISR,2013,2018,CP04,Housing & utilities (incl. imputed rent),137050.7,566145.8,24.207668766596875,39.83800639340608,14.654016686161055,,,,False,False,,
OECD,ISR,ISR,2014,2018,CP01,Food & non-alcoholic beverages,90550.4,588394.9,15.389392396161147,39.9991570287234,,,,,False,False,,
OECD,ISR,ISR,2014,2018,CP04,Housing & utilities (incl. imputed rent),144802.6,588394.9,24.609764632562246,39.9991570287234,14.77742244196882,,,,False,False,,
OECD,ISR,ISR,2015,2018,CP01,Food & non-alcoholic beverages,95175.3,603400.1,15.773166096591632,40.78113344694508,,,,,False,False,,
OECD,ISR,ISR,2015,2018,CP04,Housing & utilities (incl. imputed rent),150898.1,603400.1,25.00796735035344,40.78113344694508,15.31885725574126,,,,False,False,,
OECD,ISR,ISR,2016,2018,CP01,Food & non-alcoholic beverages,98285.4,634029.8,15.501700393262272,40.29192318720665,,,,,False,False,,
OECD,ISR,ISR,2016,2018,CP04,Housing & utilities (incl. imputed rent),157177.4,634029.8,24.790222793944384,40.29192318720665,15.23877899745406,,,,False,False,,
OECD,ISR,ISR,2017,2018,CP01,Food & non-alcoholic beverages,102440.2,657664.2,15.576368608782415,40.62404491532305,,,,,False,False,,
OECD,ISR,ISR,2017,2018,CP04,Housing & utilities (incl. imputed rent),164729.6,657664.2,25.047676306540637,40.62404491532305,15.26131420867975,,,,False,False,,
OECD,ISR,ISR,2018,2018,CP01,Food & non-alcoholic beverages,105749.8,684823.0,15.44191710850833,40.63832552352943,,,,,False,False,,
OECD,ISR,ISR,2018,2018,CP04,Housing & utilities (incl. imputed rent),172550.8,684823.0,25.196408415021104,40.63832552352943,15.389582417646604,,,,False,False,,
OECD,ISR,ISR,2019,2018,CP01,Food & non-alcoholic beverages,112044.6,716080.7,15.646923593946886,41.12554632459721,,,,,False,False,,
OECD,ISR,ISR,2019,2018,CP04,Housing & utilities (incl. imputed rent),182447.5,716080.7,25.47862273065033,41.12554632459721,15.511771229136606,,,,False,False,,
OECD,ISR,ISR,2020,2018,CP01,Food & non-alcoholic beverages,114612.4,658746.2,17.398567156820032,46.20601986015252,,,,,False,False,,
OECD,ISR,ISR,2020,2018,CP04,Housing & utilities (incl. imputed rent),189768.0,658746.2,28.807452703332487,46.20601986015252,17.638492639502136,,,,False,False,,
OECD,ISR,ISR,2021,2018,CP01,Food & non-alcoholic beverages,121187.6,738162.7,16.417464605025426,43.09826275426814,,,,,False,False,,
OECD,ISR,ISR,2021,2018,CP04,Housing & utilities (incl. imputed rent),196947.7,738162.7,26.68079814924271,43.09826275426814,16.303099574118278,,,,False,False,,
OECD,ISR,ISR,2022,2018,CP01,Food & non-alcoholic beverages,131516.2,825772.7,15.926440774804012,41.58182996362074,,,,,False,False,,
OECD,ISR,ISR,2022,2018,CP04,Housing & utilities (incl. imputed rent),211855.2,825772.7,25.65538918881673,41.58182996362074,15.599183649447362,,,,False,False,,
OECD,ISR,ISR,2023,2018,CP01,Food & non-alcoholic beverages,138209.1,858825.0,16.09281285477251,42.76508019678049,,,,,False,False,,
OECD,ISR,ISR,2023,2018,CP04,Housing & utilities (incl. imputed rent),229068.1,858825.0,26.672267342007977,42.76508019678049,16.237091374843537,,,,False,False,,
OECD,ISR,ISR,2024,2018,CP01,Food & non-alcoholic beverages,150693.2,917088.8,16.431691238623785,42.74185880364039,,,,,False,False,,
OECD,ISR,ISR,2024,2018,CP04,Housing & utilities (incl. imputed rent),241287.6,917088.8,26.31016756501661,42.74185880364039,15.840298125983002,,,,False,False,,
OECD,ISR,ISR,2025,2018,CP01,Food & non-alcoholic beverages,,965211.1,,,,,,,False,False,,
OECD,ISR,ISR,2025,2018,CP04,Housing & utilities (incl. imputed rent),,965211.1,,,,,,,False,False,,
Eurostat,IT,ITA,1995,2018,CP01,Food & non-alcoholic beverages,97104.3,587479.2,16.52897668547244,34.62543014288847,,16.5,0.0289766854724398,,False,False,,
Eurostat,IT,ITA,1995,2018,CP04,Housing & utilities (incl. imputed rent),106312.9,587479.2,18.096453457416025,34.62543014288847,9.317997981885998,18.1,-0.003546542583976,,False,False,,
Eurostat,IT,ITA,1996,2018,CP01,Food & non-alcoholic beverages,100848.6,616963.4,16.34596152705331,34.506844328204885,,16.3,0.0459615270533078,,False,False,,
Eurostat,IT,ITA,1996,2018,CP04,Housing & utilities (incl. imputed rent),112046.0,616963.4,18.160882801151576,34.506844328204885,9.401692223558156,18.2,-0.0391171988484231,,False,False,,
Eurostat,IT,ITA,1997,2018,CP01,Food & non-alcoholic beverages,103201.8,651289.5,15.845764441158655,33.8150085330717,,15.8,0.0457644411586546,,False,False,,
Eurostat,IT,ITA,1997,2018,CP04,Housing & utilities (incl. imputed rent),117031.8,651289.5,17.969244091913044,33.8150085330717,9.43895149545632,18.0,-0.0307559080869559,,False,False,,
Eurostat,IT,ITA,1998,2018,CP01,Food & non-alcoholic beverages,105894.9,684530.7,15.469707932748667,33.44539550965355,,15.5,-0.0302920672513309,,False,False,,
Eurostat,IT,ITA,1998,2018,CP04,Housing & utilities (incl. imputed rent),123049.1,684530.7,17.975687576904882,33.44539550965355,9.648990176773664,18.0,-0.0243124230951181,,False,False,,
Eurostat,IT,ITA,1999,2018,CP01,Food & non-alcoholic beverages,107379.1,714443.8,15.029747616257568,33.32371279588401,,15.0,0.029747616257568,,False,False,,
Eurostat,IT,ITA,1999,2018,CP04,Housing & utilities (incl. imputed rent),130700.1,714443.8,18.293965179626444,33.32371279588401,10.027996603791648,18.3,-0.0060348203735571,,False,False,,
Eurostat,IT,ITA,2000,2018,CP01,Food & non-alcoholic beverages,112329.4,758386.9,14.811621877962288,33.02423868344772,,14.8,0.0116218779622876,,False,False,,
Eurostat,IT,ITA,2000,2018,CP04,Housing & utilities (incl. imputed rent),138122.1,758386.9,18.212616805485432,33.02423868344772,10.066932854457267,18.2,0.0126168054854325,,False,False,,
Eurostat,IT,ITA,2001,2018,CP01,Food & non-alcoholic beverages,115161.0,781808.1,14.730085298425536,33.1923780272934,,14.7,0.0300852984255364,,False,False,,
Eurostat,IT,ITA,2001,2018,CP04,Housing & utilities (incl. imputed rent),144339.7,781808.1,18.462292728867865,33.1923780272934,10.322737766467244,18.5,-0.0377072711321346,,False,False,,
Eurostat,IT,ITA,2002,2018,CP01,Food & non-alcoholic beverages,118692.1,802349.0,14.793076329627134,33.76499503333337,,14.8,-0.006923670372867,,False,False,,
Eurostat,IT,ITA,2002,2018,CP04,Housing & utilities (incl. imputed rent),152221.0,802349.0,18.97191870370624,33.76499503333337,10.948926215400032,19.0,-0.0280812962937595,,False,False,,
Eurostat,IT,ITA,2003,2018,CP01,Food & non-alcoholic beverages,122978.7,831302.0,14.79350464692735,34.21665050727654,,14.8,-0.0064953530726512,,False,False,,
Eurostat,IT,ITA,2003,2018,CP04,Housing & utilities (incl. imputed rent),161465.0,831302.0,19.423145860349187,34.21665050727654,11.30882639522099,19.4,0.0231458603491887,,False,False,,
Eurostat,IT,ITA,2004,2018,CP01,Food & non-alcoholic beverages,126529.0,861525.0,14.68663126432779,34.720199645976614,,14.7,-0.0133687356722091,,False,False,,
Eurostat,IT,ITA,2004,2018,CP04,Housing & utilities (incl. imputed rent),172594.2,861525.0,20.033568381648823,34.720199645976614,11.87438553727402,20.0,0.0335683816488234,,False,False,,
Eurostat,IT,ITA,2005,2018,CP01,Food & non-alcoholic beverages,128570.6,889639.2,14.451993572225684,34.9199091047247,,14.5,-0.0480064277743146,,False,False,,
Eurostat,IT,ITA,2005,2018,CP04,Housing & utilities (incl. imputed rent),182090.6,889639.2,20.46791553249902,34.9199091047247,12.02487480317864,20.5,-0.0320844675009794,,False,False,,
Eurostat,IT,ITA,2006,2018,CP01,Food & non-alcoholic beverages,132925.4,926747.6,14.34321491633752,35.01752796554315,,14.3,0.0432149163375203,,False,False,,
Eurostat,IT,ITA,2006,2018,CP04,Housing & utilities (incl. imputed rent),191598.7,926747.6,20.67431304920563,35.01752796554315,12.04683993786442,20.7,-0.0256869507943697,,False,False,,
Eurostat,IT,ITA,2007,2018,CP01,Food & non-alcoholic beverages,136152.3,957827.0,14.214706831191853,35.03401971337204,,14.2,0.0147068311918534,,False,False,,
Eurostat,IT,ITA,2007,2018,CP04,Housing & utilities (incl. imputed rent),199413.0,957827.0,20.819312882180185,35.03401971337204,12.384720831632434,20.8,0.0193128821801842,,False,False,,
Eurostat,IT,ITA,2008,2018,CP01,Food & non-alcoholic beverages,137693.9,976688.7,14.09803348804998,35.446524568165884,,14.1,-0.0019665119500196,,False,False,,
Eurostat,IT,ITA,2008,2018,CP04,Housing & utilities (incl. imputed rent),208508.3,976688.7,21.348491080115902,35.446524568165884,12.74042589005074,21.3,0.0484910801159053,,False,False,,
Eurostat,IT,ITA,2009,2018,CP01,Food & non-alcoholic beverages,138082.4,955730.9,14.447832543658471,37.08626560049487,,14.4,0.0478325436584707,,False,False,,
Eurostat,IT,ITA,2009,2018,CP04,Housing & utilities (incl. imputed rent),216362.5,955730.9,22.6384330568364,37.08626560049487,13.608485401068435,22.6,0.0384330568363964,,False,False,,
Eurostat,IT,ITA,2010,2018,CP01,Food & non-alcoholic beverages,138623.3,980424.4,14.139111592897931,36.74718825847256,,14.1,0.0391115928979317,,False,False,,
Eurostat,IT,ITA,2010,2018,CP04,Housing & utilities (incl. imputed rent),221655.1,980424.4,22.60807666557462,36.74718825847256,13.651863417515925,22.6,0.0080766655746202,,False,False,,
Eurostat,IT,ITA,2011,2018,CP01,Food & non-alcoholic beverages,141596.0,1012023.4,13.991376088734706,36.61830348982049,,14.0,-0.0086239112652943,,False,False,,
Eurostat,IT,ITA,2011,2018,CP04,Housing & utilities (incl. imputed rent),228989.8,1012023.4,22.626927401085783,36.61830348982049,13.675029648523935,22.6,0.026927401085782,,False,False,,
Eurostat,IT,ITA,2012,2018,CP01,Food & non-alcoholic beverages,140470.0,1003497.7,13.998039058784093,37.70223887907267,,14.0,-0.0019609412159073,,False,False,,
Eurostat,IT,ITA,2012,2018,CP04,Housing & utilities (incl. imputed rent),237871.1,1003497.7,23.70419982028858,37.70223887907267,14.164885480056403,23.7,0.00419982028858,,False,False,,
Eurostat,IT,ITA,2013,2018,CP01,Food & non-alcoholic beverages,140891.1,992950.1,14.189142032414315,38.57397264978372,,14.2,-0.0108579675856823,,False,False,,
Eurostat,IT,ITA,2013,2018,CP04,Housing & utilities (incl. imputed rent),242129.2,992950.1,24.384830617369392,38.57397264978372,14.618861511771842,24.4,-0.0151693826306065,,False,False,,
Eurostat,IT,ITA,2014,2018,CP01,Food & non-alcoholic beverages,140761.3,997830.0,14.106741629335655,38.14962468556769,,14.1,0.0067416293356572,,False,False,,
Eurostat,IT,ITA,2014,2018,CP04,Housing & utilities (incl. imputed rent),239907.1,997830.0,24.04288305623202,38.14962468556769,14.688183357886611,24.0,0.0428830562320214,,False,False,,
Eurostat,IT,ITA,2015,2018,CP01,Food & non-alcoholic beverages,143724.1,1018938.9,14.105271670362177,38.121500710199605,,14.1,0.0052716703621769,,False,False,,
Eurostat,IT,ITA,2015,2018,CP04,Housing & utilities (incl. imputed rent),244710.7,1018938.9,24.016229039837423,38.121500710199605,14.592180159183243,24.0,0.0162290398374231,,False,False,,
Eurostat,IT,ITA,2016,2018,CP01,Food & non-alcoholic beverages,144930.4,1032362.5,14.03871217716645,37.757008802625045,,14.0,0.0387121771664507,,False,False,,
Eurostat,IT,ITA,2016,2018,CP04,Housing & utilities (incl. imputed rent),244858.8,1032362.5,23.7182966254586,37.757008802625045,14.584586325055394,23.7,0.0182966254585963,,False,False,,
Eurostat,IT,ITA,2017,2018,CP01,Food & non-alcoholic beverages,149292.0,1059165.9,14.095242303401196,37.535564541872056,,14.1,-0.0047576965988049,,False,False,,
Eurostat,IT,ITA,2017,2018,CP04,Housing & utilities (incl. imputed rent),248271.9,1059165.9,23.44032223847086,37.535564541872056,14.388019856001783,23.4,0.0403222384708605,,False,False,,
Eurostat,IT,ITA,2018,2018,CP01,Food & non-alcoholic beverages,150860.8,1080010.6,13.96845549478866,37.30502274699896,,14.0,-0.0315445052113414,,False,False,,
Eurostat,IT,ITA,2018,2018,CP04,Housing & utilities (incl. imputed rent),252037.4,1080010.6,23.3365672522103,37.30502274699896,14.336479660477403,23.3,0.0365672522103004,,False,False,,
Eurostat,IT,ITA,2019,2018,CP01,Food & non-alcoholic beverages,152821.1,1090421.9,14.014859752908489,37.36090590256854,,14.0,0.014859752908487,,False,False,,
Eurostat,IT,ITA,2019,2018,CP04,Housing & utilities (incl. imputed rent),254570.4,1090421.9,23.34604614966005,37.36090590256854,14.353040781737786,23.3,0.0460461496600537,,False,False,,
Eurostat,IT,ITA,2020,2018,CP01,Food & non-alcoholic beverages,156542.1,967821.3,16.174690513630978,42.27292786385256,,16.2,-0.0253094863690215,,False,False,,
Eurostat,IT,ITA,2020,2018,CP04,Housing & utilities (incl. imputed rent),252584.3,967821.3,26.09823735022157,42.27292786385256,16.413412269393117,26.1,-0.0017626497784313,,False,False,,
Eurostat,IT,ITA,2021,2018,CP01,Food & non-alcoholic beverages,157600.9,1040581.2,15.145468705373496,40.20016890560776,,15.1,0.0454687053734961,,False,False,,
Eurostat,IT,ITA,2021,2018,CP04,Housing & utilities (incl. imputed rent),260714.5,1040581.2,25.05470020023425,40.20016890560776,15.361050151588366,25.1,-0.0452997997657469,,False,False,,
Eurostat,IT,ITA,2022,2018,CP01,Food & non-alcoholic beverages,168028.9,1180236.5,14.236883878781924,38.35985414787629,,14.2,0.0368838787819232,,False,False,,
Eurostat,IT,ITA,2022,2018,CP04,Housing & utilities (incl. imputed rent),284708.1,1180236.5,24.12297026909437,38.35985414787629,13.93661355160597,24.1,0.0229702690943689,,False,False,,
Eurostat,IT,ITA,2023,2018,CP01,Food & non-alcoholic beverages,182442.3,1246965.3,14.630904324282318,37.70715191513348,,14.6,0.0309043242823179,,False,False,,
Eurostat,IT,ITA,2023,2018,CP04,Housing & utilities (incl. imputed rent),287752.8,1246965.3,23.07624759085116,37.70715191513348,13.688183624676643,23.1,-0.023752409148841,,False,False,,
Eurostat,IT,ITA,2024,2018,CP01,Food & non-alcoholic beverages,188012.4,1283703.8,14.646088918643068,37.35652258721988,,14.6,0.0460889186430684,,False,False,,
Eurostat,IT,ITA,2024,2018,CP04,Housing & utilities (incl. imputed rent),291534.7,1283703.8,22.710433668576812,37.35652258721988,13.665660255893922,22.7,0.010433668576816,,False,False,,
Eurostat,IT,ITA,2025,2018,CP01,Food & non-alcoholic beverages,193663.7,1316764.8,14.707539265934203,37.75864907688906,,14.7,0.0075392659342057,,False,False,,
Eurostat,IT,ITA,2025,2018,CP04,Housing & utilities (incl. imputed rent),303528.9,1316764.8,23.05110981095485,37.75864907688906,,23.1,-0.0488901890451494,,False,False,,
OECD,JPN,JPN,1994,2018,CP01,Food & non-alcoholic beverages,40669400.0,261515700.0,15.551418136654894,36.45979954549574,,,,,False,False,,
OECD,JPN,JPN,1994,2018,CP04,Housing & utilities (incl. imputed rent),54678700.0,261515700.0,20.90838140884085,36.45979954549574,13.403478261534584,,,,False,False,,
OECD,JPN,JPN,1995,2018,CP01,Food & non-alcoholic beverages,40812500.0,266638300.0,15.306315709333582,36.650623710097165,,,,,False,False,,
OECD,JPN,JPN,1995,2018,CP04,Housing & utilities (incl. imputed rent),56912100.0,266638300.0,21.344308000763583,36.650623710097165,13.735536117654515,,,,False,False,,
OECD,JPN,JPN,1996,2018,CP01,Food & non-alcoholic beverages,39808200.0,271983300.0,14.636266270760007,36.478894108572106,,,,,False,False,,
OECD,JPN,JPN,1996,2018,CP04,Housing & utilities (incl. imputed rent),59408300.0,271983300.0,21.842627837812103,36.478894108572106,14.050347944156863,,,,False,False,,
OECD,JPN,JPN,1997,2018,CP01,Food & non-alcoholic beverages,38618200.0,276940900.0,13.944563623502344,36.37183962354423,,,,,False,False,,
OECD,JPN,JPN,1997,2018,CP04,Housing & utilities (incl. imputed rent),62110300.0,276940900.0,22.42727600004189,36.37183962354423,14.409680910259192,,,,False,False,,
OECD,JPN,JPN,1998,2018,CP01,Food & non-alcoholic beverages,39384600.0,275002200.0,14.32155815480749,37.37766461504672,,,,,False,False,,
OECD,JPN,JPN,1998,2018,CP04,Housing & utilities (incl. imputed rent),63404800.0,275002200.0,23.056106460239228,37.37766461504672,14.962134848375758,,,,False,False,,
OECD,JPN,JPN,1999,2018,CP01,Food & non-alcoholic beverages,39230800.0,275809500.0,14.223875537282074,37.5886254824435,,,,,False,False,,
OECD,JPN,JPN,1999,2018,CP04,Housing & utilities (incl. imputed rent),64442200.0,275809500.0,23.364749945161424,37.5886254824435,15.18504620036656,,,,False,False,,
OECD,JPN,JPN,2000,2018,CP01,Food & non-alcoholic beverages,38119500.0,278290700.0,13.697726873373778,37.211124913624495,,,,,False,False,,
OECD,JPN,JPN,2000,2018,CP04,Housing & utilities (incl. imputed rent),65435600.0,278290700.0,23.51339804025072,37.211124913624495,15.369503903651829,,,,False,False,,
OECD,JPN,JPN,2001,2018,CP01,Food & non-alcoholic beverages,38351000.0,280269800.0,13.683600587719406,37.43664140767218,,,,,False,False,,
OECD,JPN,JPN,2001,2018,CP04,Housing & utilities (incl. imputed rent),66572600.0,280269800.0,23.753040819952776,37.43664140767218,15.564538170006188,,,,False,False,,
OECD,JPN,JPN,2002,2018,CP01,Food & non-alcoholic beverages,38254200.0,279703800.0,13.67668226173545,37.71325237626375,,,,,False,False,,
OECD,JPN,JPN,2002,2018,CP04,Housing & utilities (incl. imputed rent),67231200.0,279703800.0,24.036570114528296,37.71325237626375,15.800500386480271,,,,False,False,,
OECD,JPN,JPN,2003,2018,CP01,Food & non-alcoholic beverages,37536500.0,278621500.0,13.472219480549777,37.86778837957588,,,,,False,False,,
OECD,JPN,JPN,2003,2018,CP04,Housing & utilities (incl. imputed rent),67971300.0,278621500.0,24.3955688990261,37.86778837957588,16.066419856328388,,,,False,False,,
OECD,JPN,JPN,2004,2018,CP01,Food & non-alcoholic beverages,37916900.0,280103100.0,13.53676556953493,38.24780946729972,,,,,False,False,,
OECD,JPN,JPN,2004,2018,CP04,Housing & utilities (incl. imputed rent),69216400.0,280103100.0,24.711043897764785,38.24780946729972,16.267510070399076,,,,False,False,,
OECD,JPN,JPN,2005,2018,CP01,Food & non-alcoholic beverages,36752300.0,282447900.0,13.012063463739684,38.15939151963955,,,,,False,False,,
OECD,JPN,JPN,2005,2018,CP04,Housing & utilities (incl. imputed rent),71028100.0,282447900.0,25.147328055899862,38.15939151963955,16.45259178772439,,,,False,False,,
OECD,JPN,JPN,2006,2018,CP01,Food & non-alcoholic beverages,36630400.0,285713300.0,12.820684231360598,38.33472225479178,,,,,False,False,,
OECD,JPN,JPN,2006,2018,CP04,Housing & utilities (incl. imputed rent),72897000.0,285713300.0,25.51403802343118,38.33472225479178,16.602587278926112,,,,False,False,,
OECD,JPN,JPN,2007,2018,CP01,Food & non-alcoholic beverages,36997700.0,287141900.0,12.88481409365892,38.61515856794149,,,,,False,False,,
OECD,JPN,JPN,2007,2018,CP04,Housing & utilities (incl. imputed rent),73882600.0,287141900.0,25.73034447428257,38.61515856794149,16.823459063271503,,,,False,False,,
OECD,JPN,JPN,2008,2018,CP01,Food & non-alcoholic beverages,37921300.0,286195100.0,13.250156973337418,39.554415851284666,,,,,False,False,,
OECD,JPN,JPN,2008,2018,CP04,Housing & utilities (incl. imputed rent),75281500.0,286195100.0,26.304258877947245,39.554415851284666,17.17311023144701,,,,False,False,,
OECD,JPN,JPN,2009,2018,CP01,Food & non-alcoholic beverages,38175700.0,277046200.0,13.779542906562153,40.804205219201705,,,,,False,False,,
OECD,JPN,JPN,2009,2018,CP04,Housing & utilities (incl. imputed rent),74870800.0,277046200.0,27.024662312639556,40.804205219201705,17.871531896124186,,,,False,False,,
OECD,JPN,JPN,2010,2018,CP01,Food & non-alcoholic beverages,39052900.0,279473400.0,13.973744907386534,41.01435056073315,,,,,False,False,,
OECD,JPN,JPN,2010,2018,CP04,Housing & utilities (incl. imputed rent),75571300.0,279473400.0,27.040605653346617,41.01435056073315,17.798903222990095,,,,False,False,,
OECD,JPN,JPN,2011,2018,CP01,Food & non-alcoholic beverages,38982300.0,275617000.0,14.143648613837318,41.48394329812747,,,,,False,False,,
OECD,JPN,JPN,2011,2018,CP04,Housing & utilities (incl. imputed rent),75354500.0,275617000.0,27.34029468429016,41.48394329812747,18.017284855433445,,,,False,False,,
OECD,JPN,JPN,2012,2018,CP01,Food & non-alcoholic beverages,40118300.0,279733900.0,14.341593921937957,41.74338541020591,,,,,False,False,,
OECD,JPN,JPN,2012,2018,CP04,Housing & utilities (incl. imputed rent),76652100.0,279733900.0,27.40179148826796,41.74338541020591,17.817969148537234,,,,False,False,,
OECD,JPN,JPN,2013,2018,CP01,Food & non-alcoholic beverages,41109800.0,287610600.0,14.29356219833344,41.19907263501415,,,,,False,False,,
OECD,JPN,JPN,2013,2018,CP04,Housing & utilities (incl. imputed rent),77383100.0,287610600.0,26.905510436680707,41.19907263501415,17.425991948836376,,,,False,False,,
OECD,JPN,JPN,2014,2018,CP01,Food & non-alcoholic beverages,41706700.0,292409400.0,14.26311876430785,40.91554512269441,,,,,False,False,,
OECD,JPN,JPN,2014,2018,CP04,Housing & utilities (incl. imputed rent),77934200.0,292409400.0,26.652426358386567,40.91554512269441,17.16422249079544,,,,False,False,,
OECD,JPN,JPN,2015,2018,CP01,Food & non-alcoholic beverages,43735900.0,294875200.0,14.832003505211697,40.89519905370136,,,,,False,False,,
OECD,JPN,JPN,2015,2018,CP04,Housing & utilities (incl. imputed rent),76853900.0,294875200.0,26.063195548489663,40.89519905370136,17.010925299923493,,,,False,False,,
OECD,JPN,JPN,2016,2018,CP01,Food & non-alcoholic beverages,44360300.0,292224500.0,15.180212473629007,41.01706051340665,,,,,False,False,,
OECD,JPN,JPN,2016,2018,CP04,Housing & utilities (incl. imputed rent),75501600.0,292224500.0,25.83684803977764,41.01706051340665,17.102364791453144,,,,False,False,,
OECD,JPN,JPN,2017,2018,CP01,Food & non-alcoholic beverages,45117900.0,296189000.0,15.23280743039073,40.97316240643643,,,,,False,False,,
OECD,JPN,JPN,2017,2018,CP04,Housing & utilities (incl. imputed rent),76240100.0,296189000.0,25.740354976045698,40.97316240643643,16.82321085523095,,,,False,False,,
OECD,JPN,JPN,2018,2018,CP01,Food & non-alcoholic beverages,45725600.0,299384400.0,15.273207288021688,40.94197960882398,,,,,False,False,,
OECD,JPN,JPN,2018,2018,CP04,Housing & utilities (incl. imputed rent),76848300.0,299384400.0,25.668772320802287,40.94197960882398,16.66793593787786,,,,False,False,,
OECD,JPN,JPN,2019,2018,CP01,Food & non-alcoholic beverages,45957400.0,299056700.0,15.367453730346115,41.41806553740478,,,,,False,False,,
OECD,JPN,JPN,2019,2018,CP04,Housing & utilities (incl. imputed rent),77906100.0,299056700.0,26.05061180705866,41.41806553740478,17.05683236657129,,,,False,False,,
OECD,JPN,JPN,2020,2018,CP01,Food & non-alcoholic beverages,48602800.0,283111500.0,17.16737045298407,45.17103685297136,,,,,False,False,,
OECD,JPN,JPN,2020,2018,CP04,Housing & utilities (incl. imputed rent),79281600.0,283111500.0,28.00366639998728,45.17103685297136,18.56056712637953,,,,False,False,,
OECD,JPN,JPN,2021,2018,CP01,Food & non-alcoholic beverages,49069700.0,291478400.0,16.83476374235621,44.93465038918836,,,,,False,False,,
OECD,JPN,JPN,2021,2018,CP04,Housing & utilities (incl. imputed rent),81905100.0,291478400.0,28.09988664683215,44.93465038918836,18.568477115285383,,,,False,False,,
OECD,JPN,JPN,2022,2018,CP01,Food & non-alcoholic beverages,49689800.0,308457300.0,16.10913406815141,43.91314454221054,,,,,False,False,,
OECD,JPN,JPN,2022,2018,CP04,Housing & utilities (incl. imputed rent),85763500.0,308457300.0,27.804010474059133,43.91314454221054,18.053584726313822,,,,False,False,,
OECD,JPN,JPN,2023,2018,CP01,Food & non-alcoholic beverages,51348700.0,322339500.0,15.930005475593278,42.97124615506322,,,,,False,False,,
OECD,JPN,JPN,2023,2018,CP04,Housing & utilities (incl. imputed rent),87164600.0,322339500.0,27.041240679469936,42.97124615506322,17.7541381059411,,,,False,False,,
OECD,JPN,JPN,2024,2018,CP01,Food & non-alcoholic beverages,54069500.0,331016300.0,16.33439199217682,43.02600808479824,,,,,False,False,,
OECD,JPN,JPN,2024,2018,CP04,Housing & utilities (incl. imputed rent),88353600.0,331016300.0,26.691616092621423,43.02600808479824,17.592366297369647,,,,False,False,,
OECD,JPN,JPN,2025,2018,CP01,Food & non-alcoholic beverages,,,,,,,,,False,False,,
OECD,JPN,JPN,2025,2018,CP04,Housing & utilities (incl. imputed rent),,,,,,,,,False,False,,
OECD,KOR,KOR,1970,2018,CP01,Food & non-alcoholic beverages,816200.0,2049100.0,39.832121419159634,49.34849446098287,,,,,False,False,,
OECD,KOR,KOR,1970,2018,CP04,Housing & utilities (incl. imputed rent),195000.0,2049100.0,9.51637304182324,49.34849446098287,,,,,False,False,,
OECD,KOR,KOR,1971,2018,CP01,Food & non-alcoholic beverages,1013800.0,2567600.0,39.48434335566288,48.83159370618476,,,,,False,False,,
OECD,KOR,KOR,1971,2018,CP04,Housing & utilities (incl. imputed rent),240000.0,2567600.0,9.347250350521888,48.83159370618476,,,,,False,False,,
OECD,KOR,KOR,1972,2018,CP01,Food & non-alcoholic beverages,1233400.0,3104500.0,39.72942502818489,48.54243839587695,,,,,False,False,,
OECD,KOR,KOR,1972,2018,CP04,Housing & utilities (incl. imputed rent),273600.0,3104500.0,8.81301336769206,48.54243839587695,,,,,False,False,,
OECD,KOR,KOR,1973,2018,CP01,Food & non-alcoholic beverages,1484300.0,3859400.0,38.459346012333526,46.76892781261336,,,,,False,False,,
OECD,KOR,KOR,1973,2018,CP04,Housing & utilities (incl. imputed rent),320700.0,3859400.0,8.309581800279837,46.76892781261336,,,,,False,False,,
OECD,KOR,KOR,1974,2018,CP01,Food & non-alcoholic beverages,2122500.0,5480700.0,38.72680497016805,46.9045924790629,,,,,False,False,,
OECD,KOR,KOR,1974,2018,CP04,Housing & utilities (incl. imputed rent),448200.0,5480700.0,8.177787508894848,46.9045924790629,,,,,False,False,,
OECD,KOR,KOR,1975,2018,CP01,Food & non-alcoholic beverages,2766400.0,7332700.0,37.72689459544233,45.640759883808144,,,,,False,False,,
OECD,KOR,KOR,1975,2018,CP04,Housing & utilities (incl. imputed rent),580300.0,7332700.0,7.913865288365813,45.640759883808144,,,,,False,False,,
OECD,KOR,KOR,1976,2018,CP01,Food & non-alcoholic beverages,3644200.0,9420500.0,38.68372167082427,46.266121755745445,,,,,False,False,,
OECD,KOR,KOR,1976,2018,CP04,Housing & utilities (incl. imputed rent),714300.0,9420500.0,7.582400084921183,46.266121755745445,,,,,False,False,,
OECD,KOR,KOR,1977,2018,CP01,Food & non-alcoholic beverages,4313700.0,11512400.0,37.47003231298426,45.75848650151141,,,,,False,False,,
OECD,KOR,KOR,1977,2018,CP04,Housing & utilities (incl. imputed rent),954200.0,11512400.0,8.288454188527153,45.75848650151141,,,,,False,False,,
OECD,KOR,KOR,1978,2018,CP01,Food & non-alcoholic beverages,5487200.0,15189200.0,36.12566823795855,44.632370368419664,,,,,False,False,,
OECD,KOR,KOR,1978,2018,CP04,Housing & utilities (incl. imputed rent),1292100.0,15189200.0,8.506702130461118,44.632370368419664,,,,,False,False,,
OECD,KOR,KOR,1979,2018,CP01,Food & non-alcoholic beverages,7007100.0,19575200.0,35.79580285258899,44.1012096938984,,,,,False,False,,
OECD,KOR,KOR,1979,2018,CP04,Housing & utilities (incl. imputed rent),1625800.0,19575200.0,8.305406841309413,44.1012096938984,,,,,False,False,,
OECD,KOR,KOR,1980,2018,CP01,Food & non-alcoholic beverages,8649700.0,25080700.0,34.48747443253179,43.83689450453935,,,,,False,False,,
OECD,KOR,KOR,1980,2018,CP04,Housing & utilities (incl. imputed rent),2344900.0,25080700.0,9.34942007200756,43.83689450453935,,,,,False,False,,
OECD,KOR,KOR,1981,2018,CP01,Food & non-alcoholic beverages,10886600.0,31300500.0,34.780914042906666,44.70407820961327,,,,,False,False,,
OECD,KOR,KOR,1981,2018,CP04,Housing & utilities (incl. imputed rent),3106000.0,31300500.0,9.923164166706602,44.70407820961327,,,,,False,False,,
OECD,KOR,KOR,1982,2018,CP01,Food & non-alcoholic beverages,11354700.0,35314400.0,32.15317264345423,42.74743447432209,,,,,False,False,,
OECD,KOR,KOR,1982,2018,CP04,Housing & utilities (incl. imputed rent),3741300.0,35314400.0,10.59426183086786,42.74743447432209,,,,,False,False,,
OECD,KOR,KOR,1983,2018,CP01,Food & non-alcoholic beverages,12008800.0,39903900.0,30.09430155949669,40.50406100656828,,,,,False,False,,
OECD,KOR,KOR,1983,2018,CP04,Housing & utilities (incl. imputed rent),4153900.0,39903900.0,10.40975944707159,40.50406100656828,,,,,False,False,,
OECD,KOR,KOR,1984,2018,CP01,Food & non-alcoholic beverages,12599300.0,44576500.0,28.264444269962876,38.867340414792544,,,,,False,False,,
OECD,KOR,KOR,1984,2018,CP04,Housing & utilities (incl. imputed rent),4726400.0,44576500.0,10.602896144829677,38.867340414792544,,,,,False,False,,
OECD,KOR,KOR,1985,2018,CP01,Food & non-alcoholic beverages,13564200.0,49524300.0,27.38897874376821,37.96964318526461,,,,,False,False,,
OECD,KOR,KOR,1985,2018,CP04,Housing & utilities (incl. imputed rent),5240000.0,49524300.0,10.580664441496396,37.96964318526461,,,,,False,False,,
OECD,KOR,KOR,1986,2018,CP01,Food & non-alcoholic beverages,14409000.0,55549800.0,25.93888726872104,36.7734897335364,,,,,False,False,,
OECD,KOR,KOR,1986,2018,CP04,Housing & utilities (incl. imputed rent),6018600.0,55549800.0,10.834602464815354,36.7734897335364,,,,,False,False,,
OECD,KOR,KOR,1987,2018,CP01,Food & non-alcoholic beverages,15699800.0,63086800.0,24.88603004114965,35.767228643709934,,,,,False,False,,
OECD,KOR,KOR,1987,2018,CP04,Housing & utilities (incl. imputed rent),6864600.0,63086800.0,10.881198602560282,35.767228643709934,,,,,False,False,,
OECD,KOR,KOR,1988,2018,CP01,Food & non-alcoholic beverages,17521700.0,72822600.0,24.060799806653428,35.08443807279608,,,,,False,False,,
OECD,KOR,KOR,1988,2018,CP04,Housing & utilities (incl. imputed rent),8027700.0,72822600.0,11.023638266142653,35.08443807279608,,,,,False,False,,
OECD,KOR,KOR,1989,2018,CP01,Food & non-alcoholic beverages,19821100.0,85006100.0,23.317267819603536,34.49693610223266,,,,,False,False,,
OECD,KOR,KOR,1989,2018,CP04,Housing & utilities (incl. imputed rent),9503400.0,85006100.0,11.17966828262913,34.49693610223266,,,,,False,False,,
OECD,KOR,KOR,1990,2018,CP01,Food & non-alcoholic beverages,22905700.0,101585700.0,22.548153923239195,35.098247095801874,,,,,False,False,,
OECD,KOR,KOR,1990,2018,CP04,Housing & utilities (incl. imputed rent),12749100.0,101585700.0,12.550093172562674,35.098247095801874,,,,,False,False,,
OECD,KOR,KOR,1991,2018,CP01,Food & non-alcoholic beverages,26130600.0,122920000.0,21.258216726326065,34.794175073218355,,,,,False,False,,
OECD,KOR,KOR,1991,2018,CP04,Housing & utilities (incl. imputed rent),16638400.0,122920000.0,13.535958346892288,34.794175073218355,,,,,False,False,,
OECD,KOR,KOR,1992,2018,CP01,Food & non-alcoholic beverages,27178200.0,142340800.0,19.0937524588874,33.889580499758324,,,,,False,False,,
OECD,KOR,KOR,1992,2018,CP04,Housing & utilities (incl. imputed rent),21060500.0,142340800.0,14.795828040870925,33.889580499758324,,,,,False,False,,
OECD,KOR,KOR,1993,2018,CP01,Food & non-alcoholic beverages,28759200.0,162557600.0,17.69169820420577,34.092899993602266,,,,,False,False,,
OECD,KOR,KOR,1993,2018,CP04,Housing & utilities (incl. imputed rent),26661400.0,162557600.0,16.401201789396495,34.092899993602266,,,,,False,False,,
OECD,KOR,KOR,1994,2018,CP01,Food & non-alcoholic beverages,32809900.0,194600900.0,16.860096741587526,34.23797115018481,,,,,False,False,,
OECD,KOR,KOR,1994,2018,CP04,Housing & utilities (incl. imputed rent),33817500.0,194600900.0,17.37787440859729,34.23797115018481,,,,,False,False,,
OECD,KOR,KOR,1995,2018,CP01,Food & non-alcoholic beverages,34695100.0,229176800.0,15.139010580477605,32.569527107455905,,,,,False,False,,
OECD,KOR,KOR,1995,2018,CP04,Housing & utilities (incl. imputed rent),39946700.0,229176800.0,17.4305165269783,32.569527107455905,,,,,False,False,,
OECD,KOR,KOR,1996,2018,CP01,Food & non-alcoholic beverages,36672900.0,263175600.0,13.934764469046524,31.95900379822445,,,,,False,False,,
OECD,KOR,KOR,1996,2018,CP04,Housing & utilities (incl. imputed rent),47435400.0,263175600.0,18.02423932917793,31.95900379822445,,,,,False,False,,
OECD,KOR,KOR,1997,2018,CP01,Food & non-alcoholic beverages,38906000.0,291492200.0,13.347183904063298,32.8122673608419,,,,,False,False,,
OECD,KOR,KOR,1997,2018,CP04,Housing & utilities (incl. imputed rent),56739200.0,291492200.0,19.465083456778604,32.8122673608419,,,,,False,False,,
OECD,KOR,KOR,1998,2018,CP01,Food & non-alcoholic beverages,38712100.0,276419700.0,14.004826718211474,36.006297669811524,,,,,False,False,,
OECD,KOR,KOR,1998,2018,CP04,Housing & utilities (incl. imputed rent),60816400.0,276419700.0,22.001470951600048,36.006297669811524,,,,,False,False,,
OECD,KOR,KOR,1999,2018,CP01,Food & non-alcoholic beverages,44961200.0,316465300.0,14.207308036615704,34.10377061876926,,,,,False,False,,
OECD,KOR,KOR,1999,2018,CP04,Housing & utilities (incl. imputed rent),62965400.0,316465300.0,19.89646258215356,34.10377061876926,,,,,False,False,,
OECD,KOR,KOR,2000,2018,CP01,Food & non-alcoholic beverages,48270500.0,359275700.0,13.435503709268398,33.226934078759015,,,,,False,False,,
OECD,KOR,KOR,2000,2018,CP04,Housing & utilities (incl. imputed rent),71105800.0,359275700.0,19.791430369490616,33.226934078759015,,,,,False,False,,
OECD,KOR,KOR,2001,2018,CP01,Food & non-alcoholic beverages,50110400.0,394807500.0,12.692362733737328,32.04840333580289,,,,,False,False,,
OECD,KOR,KOR,2001,2018,CP04,Housing & utilities (incl. imputed rent),76419100.0,394807500.0,19.35604060206556,32.04840333580289,,,,,False,False,,
OECD,KOR,KOR,2002,2018,CP01,Food & non-alcoholic beverages,52995500.0,441583500.0,12.001240988397438,30.477769210126738,,,,,False,False,,
OECD,KOR,KOR,2002,2018,CP04,Housing & utilities (incl. imputed rent),81589300.0,441583500.0,18.4765282217293,30.477769210126738,,,,,False,False,,
OECD,KOR,KOR,2003,2018,CP01,Food & non-alcoholic beverages,54041400.0,455461100.0,11.865206490740922,31.079646538420075,,,,,False,False,,
OECD,KOR,KOR,2003,2018,CP04,Housing & utilities (incl. imputed rent),87514300.0,455461100.0,19.214440047679155,31.079646538420075,,,,,False,False,,
OECD,KOR,KOR,2004,2018,CP01,Food & non-alcoholic beverages,56658400.0,470930700.0,12.031154477718273,31.613568620605964,,,,,False,False,,
OECD,KOR,KOR,2004,2018,CP04,Housing & utilities (incl. imputed rent),92219600.0,470930700.0,19.582414142887693,31.613568620605964,,,,,False,False,,
OECD,KOR,KOR,2005,2018,CP01,Food & non-alcoholic beverages,58669000.0,502596300.0,11.67318581533529,31.10683465039436,,,,,False,False,,
OECD,KOR,KOR,2005,2018,CP04,Housing & utilities (incl. imputed rent),97672800.0,502596300.0,19.433648835059078,31.10683465039436,,,,,False,False,,
OECD,KOR,KOR,2006,2018,CP01,Food & non-alcoholic beverages,60271100.0,533665800.0,11.293790983045945,30.37556463239728,,,,,False,False,,
OECD,KOR,KOR,2006,2018,CP04,Housing & utilities (incl. imputed rent),101832900.0,533665800.0,19.081773649351337,30.37556463239728,,,,,False,False,,
OECD,KOR,KOR,2007,2018,CP01,Food & non-alcoholic beverages,63527500.0,572182000.0,11.102673624825668,29.62620285154025,,,,,False,False,,
OECD,KOR,KOR,2007,2018,CP04,Housing & utilities (incl. imputed rent),105988300.0,572182000.0,18.523529226714576,29.62620285154025,,,,,False,False,,
OECD,KOR,KOR,2008,2018,CP01,Food & non-alcoholic beverages,69355000.0,611679900.0,11.338446792186566,29.7125342846806,,,,,False,False,,
OECD,KOR,KOR,2008,2018,CP04,Housing & utilities (incl. imputed rent),112390600.0,611679900.0,18.37408749249403,29.7125342846806,,,,,False,False,,
OECD,KOR,KOR,2009,2018,CP01,Food & non-alcoholic beverages,72439200.0,631703400.0,11.467280372402618,29.7484547336614,,,,,False,False,,
OECD,KOR,KOR,2009,2018,CP04,Housing & utilities (incl. imputed rent),115482800.0,631703400.0,18.28117436125878,29.7484547336614,,,,,False,False,,
OECD,KOR,KOR,2010,2018,CP01,Food & non-alcoholic beverages,79373300.0,675916200.0,11.743068149572387,29.782893204808524,,,,,False,False,,
OECD,KOR,KOR,2010,2018,CP04,Housing & utilities (incl. imputed rent),121934100.0,675916200.0,18.039825055236136,29.782893204808524,,,,,False,False,,
OECD,KOR,KOR,2011,2018,CP01,Food & non-alcoholic beverages,87173800.0,725078600.0,12.0226689906446,29.78678449481201,,,,,False,False,,
OECD,KOR,KOR,2011,2018,CP04,Housing & utilities (incl. imputed rent),128803800.0,725078600.0,17.76411550416741,29.78678449481201,,,,,False,False,,
OECD,KOR,KOR,2012,2018,CP01,Food & non-alcoholic beverages,90753700.0,752598800.0,12.058709102379646,30.14939699611533,,,,,False,False,,
OECD,KOR,KOR,2012,2018,CP04,Housing & utilities (incl. imputed rent),136150300.0,752598800.0,18.09068789373568,30.14939699611533,,,,,False,False,,
OECD,KOR,KOR,2013,2018,CP01,Food & non-alcoholic beverages,91880500.0,772423900.0,11.89508765847354,30.32567997960705,,,,,False,False,,
OECD,KOR,KOR,2013,2018,CP04,Housing & utilities (incl. imputed rent),142362300.0,772423900.0,18.430592321133517,30.32567997960705,,,,,False,False,,
OECD,KOR,KOR,2014,2018,CP01,Food & non-alcoholic beverages,93721100.0,800550900.0,11.707075714985768,29.99967897106855,,,,,False,False,,
OECD,KOR,KOR,2014,2018,CP04,Housing & utilities (incl. imputed rent),146441600.0,800550900.0,18.292603256082774,29.99967897106855,,,,,False,False,,
OECD,KOR,KOR,2015,2018,CP01,Food & non-alcoholic beverages,96584000.0,823799800.0,11.724207750475298,29.90917210710661,,,,,False,False,,
OECD,KOR,KOR,2015,2018,CP04,Housing & utilities (incl. imputed rent),149807700.0,823799800.0,18.18496435663131,29.90917210710661,,,,,False,False,,
OECD,KOR,KOR,2016,2018,CP01,Food & non-alcoholic beverages,101270200.0,854587100.0,11.85019057741452,29.858372540376514,,,,,False,False,,
OECD,KOR,KOR,2016,2018,CP04,Housing & utilities (incl. imputed rent),153895600.0,854587100.0,18.008181962962,29.858372540376514,,,,,False,False,,
OECD,KOR,KOR,2017,2018,CP01,Food & non-alcoholic beverages,105053300.0,888101700.0,11.828971839599,29.67127526047974,,,,,False,False,,
OECD,KOR,KOR,2017,2018,CP04,Housing & utilities (incl. imputed rent),158457800.0,888101700.0,17.84230342088074,29.67127526047974,,,,,False,False,,
OECD,KOR,KOR,2018,2018,CP01,Food & non-alcoholic beverages,108306800.0,930759300.0,11.636391922165052,29.299100207755107,,,,,False,False,,
OECD,KOR,KOR,2018,2018,CP04,Housing & utilities (incl. imputed rent),164397300.0,930759300.0,17.662708285590057,29.299100207755107,,,,,False,False,,
OECD,KOR,KOR,2019,2018,CP01,Food & non-alcoholic beverages,111039000.0,962851500.0,11.532307941567312,29.018337718744792,,,,,False,False,,
OECD,KOR,KOR,2019,2018,CP04,Housing & utilities (incl. imputed rent),168364500.0,962851500.0,17.486029777177478,29.018337718744792,,,,,False,False,,
OECD,KOR,KOR,2020,2018,CP01,Food & non-alcoholic beverages,121081200.0,935197700.0,12.94712337295098,31.41731422136731,,,,,False,False,,
OECD,KOR,KOR,2020,2018,CP04,Housing & utilities (incl. imputed rent),172732800.0,935197700.0,18.47019084841633,31.41731422136731,,,,,False,False,,
OECD,KOR,KOR,2021,2018,CP01,Food & non-alcoholic beverages,130993900.0,998653700.0,13.117049483719931,31.002358475215186,,,,,False,False,,
OECD,KOR,KOR,2021,2018,CP04,Housing & utilities (incl. imputed rent),178612300.0,998653700.0,17.88530899149525,31.002358475215186,,,,,False,False,,
OECD,KOR,KOR,2022,2018,CP01,Food & non-alcoholic beverages,135149600.0,1085269200.0,12.453094587038866,29.78994520437879,,,,,False,False,,
OECD,KOR,KOR,2022,2018,CP04,Housing & utilities (incl. imputed rent),188151500.0,1085269200.0,17.33685061733992,29.78994520437879,,,,,False,False,,
OECD,KOR,KOR,2023,2018,CP01,Food & non-alcoholic beverages,142657600.0,1137291700.0,12.54362447206816,29.720325928695345,,,,,False,False,,
OECD,KOR,KOR,2023,2018,CP04,Housing & utilities (incl. imputed rent),195349200.0,1137291700.0,17.17670145662718,29.720325928695345,,,,,False,False,,
OECD,KOR,KOR,2024,2018,CP01,Food & non-alcoholic beverages,148743600.0,1167757900.0,12.73753746388699,29.97694128209281,,,,p,False,False,,
OECD,KOR,KOR,2024,2018,CP04,Housing & utilities (incl. imputed rent),201314500.0,1167757900.0,17.239403818205812,29.97694128209281,,,,p,False,False,,
OECD,KOR,KOR,2025,2018,CP01,Food & non-alcoholic beverages,,,,,,,,,False,False,,
OECD,KOR,KOR,2025,2018,CP04,Housing & utilities (incl. imputed rent),,,,,,,,,False,False,,
Eurostat,LT,LTU,1995,1999,CP01,Food & non-alcoholic beverages,1945.2,5012.0,38.81085395051876,59.66879489225859,,38.8,0.0108539505187579,,False,False,,
Eurostat,LT,LTU,1995,1999,CP04,Housing & utilities (incl. imputed rent),1045.4,5012.0,20.857940941739827,59.66879489225859,11.243016759776536,20.9,-0.0420590582601718,,False,False,,
Eurostat,LT,LTU,1996,1999,CP01,Food & non-alcoholic beverages,2452.0,6377.4,38.44827045504437,57.36507040486719,,38.4,0.0482704550443742,,False,False,,
Eurostat,LT,LTU,1996,1999,CP04,Housing & utilities (incl. imputed rent),1206.4,6377.4,18.916799949822817,57.36507040486719,10.330228619813717,18.9,0.0167999498228184,,False,False,,
Eurostat,LT,LTU,1997,1999,CP01,Food & non-alcoholic beverages,2547.3,7316.1,34.81773075819084,53.39866868960238,,34.8,0.0177307581908436,,False,False,,
Eurostat,LT,LTU,1997,1999,CP04,Housing & utilities (incl. imputed rent),1359.4,7316.1,18.580937931411544,53.39866868960238,9.797569743442544,18.6,-0.0190620685884574,,False,False,,
Eurostat,LT,LTU,1998,1999,CP01,Food & non-alcoholic beverages,2623.0,8216.2,31.92473406197512,48.99953749908717,,31.9,0.0247340619751206,,False,False,,
Eurostat,LT,LTU,1998,1999,CP04,Housing & utilities (incl. imputed rent),1402.9,8216.2,17.074803437112045,48.99953749908717,9.141695674399356,17.1,-0.025196562887956,,False,False,,
Eurostat,LT,LTU,1999,1999,CP01,Food & non-alcoholic beverages,2649.8,8531.4,31.059380640926467,47.63344820310852,,31.1,-0.0406193590735348,,False,False,,
Eurostat,LT,LTU,1999,1999,CP04,Housing & utilities (incl. imputed rent),1414.0,8531.4,16.57406756218206,47.63344820310852,8.935227512483298,16.6,-0.0259324378179428,,False,False,,
Eurostat,LT,LTU,2000,1999,CP01,Food & non-alcoholic beverages,2424.1,8736.7,27.74617418476084,44.44240960545744,,27.7,0.0461741847608365,,False,False,,
Eurostat,LT,LTU,2000,1999,CP04,Housing & utilities (incl. imputed rent),1458.7,8736.7,16.6962354206966,44.44240960545744,8.655441986104593,16.7,-0.0037645793034002,,False,False,,
Eurostat,LT,LTU,2001,1999,CP01,Food & non-alcoholic beverages,2607.6,9349.5,27.890261511310765,43.33493769720306,,27.9,-0.0097384886892335,,False,False,,
Eurostat,LT,LTU,2001,1999,CP04,Housing & utilities (incl. imputed rent),1444.0,9349.5,15.444676185892297,43.33493769720306,7.714851061554093,15.4,0.0446761858922943,,False,False,,
Eurostat,LT,LTU,2002,1999,CP01,Food & non-alcoholic beverages,2705.7,9896.4,27.34024493755305,43.14801341902106,,27.3,0.040244937553048,,False,False,,
Eurostat,LT,LTU,2002,1999,CP04,Housing & utilities (incl. imputed rent),1564.4,9896.4,15.80776848146801,43.14801341902106,7.544157471403744,15.8,0.007768481468009,,False,False,,
Eurostat,LT,LTU,2003,1999,CP01,Food & non-alcoholic beverages,2958.6,10802.1,27.389118782458965,42.24271206524657,,27.4,-0.0108812175410335,,False,False,,
Eurostat,LT,LTU,2003,1999,CP04,Housing & utilities (incl. imputed rent),1604.5,10802.1,14.853593282787603,42.24271206524657,7.075476064839243,14.9,-0.0464067172123954,,False,False,,
Eurostat,LT,LTU,2004,1999,CP01,Food & non-alcoholic beverages,3233.1,11915.8,27.13288239144665,41.78317863676799,,27.1,0.0328823914466482,,False,False,,
Eurostat,LT,LTU,2004,1999,CP04,Housing & utilities (incl. imputed rent),1745.7,11915.8,14.65029624532134,41.78317863676799,6.913509793719264,14.7,-0.04970375467866,,False,False,,
Eurostat,LT,LTU,2005,1999,CP01,Food & non-alcoholic beverages,3463.2,13623.8,25.42022049648409,40.05270188934071,,25.4,0.020220496484093,,False,False,,
Eurostat,LT,LTU,2005,1999,CP04,Housing & utilities (incl. imputed rent),1993.5,13623.8,14.63248139285662,40.05270188934071,6.833629383872342,14.6,0.0324813928566189,,False,False,,
Eurostat,LT,LTU,2006,1999,CP01,Food & non-alcoholic beverages,3714.6,15453.0,24.03805086390992,38.71610690480812,,24.0,0.0380508639099197,,False,False,,
Eurostat,LT,LTU,2006,1999,CP04,Housing & utilities (incl. imputed rent),2268.2,15453.0,14.678056040898207,38.71610690480812,7.070471753057658,14.7,-0.021943959101792,,False,False,,
Eurostat,LT,LTU,2007,1999,CP01,Food & non-alcoholic beverages,4322.0,18145.5,23.818577608773523,38.00501501749745,,23.8,0.0185776087735227,,False,False,,
Eurostat,LT,LTU,2007,1999,CP04,Housing & utilities (incl. imputed rent),2574.2,18145.5,14.186437408723926,38.00501501749745,7.15439089581439,14.2,-0.0135625912760737,,False,False,,
Eurostat,LT,LTU,2008,1999,CP01,Food & non-alcoholic beverages,5174.5,20738.5,24.951177761168843,39.78735202642428,,25.0,-0.0488222388311569,,False,False,,
Eurostat,LT,LTU,2008,1999,CP04,Housing & utilities (incl. imputed rent),3076.8,20738.5,14.836174265255444,39.78735202642428,6.835113436362321,14.8,0.0361742652554433,,False,False,,
Eurostat,LT,LTU,2009,1999,CP01,Food & non-alcoholic beverages,4573.9,17966.8,25.45751051940245,41.67909700113543,,25.5,-0.0424894805975455,,False,False,,
Eurostat,LT,LTU,2009,1999,CP04,Housing & utilities (incl. imputed rent),2914.5,17966.8,16.221586481732974,41.67909700113543,6.849856401807779,16.2,0.0215864817329745,,False,False,,
Eurostat,LT,LTU,2010,1999,CP01,Food & non-alcoholic beverages,4221.1,17648.6,23.917477873599044,40.3607084981245,,23.9,0.017477873599045,,False,False,,
Eurostat,LT,LTU,2010,1999,CP04,Housing & utilities (incl. imputed rent),2902.0,17648.6,16.44323062452546,40.3607084981245,6.695715240868965,16.4,0.0432306245254601,,False,False,,
Eurostat,LT,LTU,2011,1999,CP01,Food & non-alcoholic beverages,4650.6,19314.6,24.07815849150384,40.84008988019426,,24.1,-0.0218415084961627,,False,False,,
Eurostat,LT,LTU,2011,1999,CP04,Housing & utilities (incl. imputed rent),3237.5,19314.6,16.76193138869042,40.84008988019426,6.439170368529506,16.8,-0.0380686113095798,,False,False,,
Eurostat,LT,LTU,2012,1999,CP01,Food & non-alcoholic beverages,4927.7,20529.0,24.003604656826926,40.94597885917482,,24.0,0.0036046568269263,,False,False,,
Eurostat,LT,LTU,2012,1999,CP04,Housing & utilities (incl. imputed rent),3478.1,20529.0,16.9423742023479,40.94597885917482,6.664718203516975,16.9,0.0423742023479007,,False,False,,
Eurostat,LT,LTU,2013,1999,CP01,Food & non-alcoholic beverages,5082.0,21377.8,23.77232456099318,40.71232774186305,,23.8,-0.0276754390068205,,False,False,,
Eurostat,LT,LTU,2013,1999,CP04,Housing & utilities (incl. imputed rent),3621.4,21377.8,16.940003180869876,40.71232774186305,6.9890259989334735,16.9,0.0400031808698777,,False,False,,
Eurostat,LT,LTU,2014,1999,CP01,Food & non-alcoholic beverages,5116.3,22241.0,23.003911694618047,39.80171754867137,,23.0,0.003911694618047,,False,False,,
Eurostat,LT,LTU,2014,1999,CP04,Housing & utilities (incl. imputed rent),3736.0,22241.0,16.797805854053323,39.80171754867137,7.164695832021942,16.8,-0.0021941459466781,,False,False,,
Eurostat,LT,LTU,2015,1999,CP01,Food & non-alcoholic beverages,5189.2,22937.6,22.62311662946429,38.53759765625001,,22.6,0.0231166294642868,,False,False,,
Eurostat,LT,LTU,2015,1999,CP04,Housing & utilities (incl. imputed rent),3650.4,22937.6,15.914481026785715,38.53759765625001,7.122802734375,15.9,0.0144810267857149,,False,False,,
Eurostat,LT,LTU,2016,1999,CP01,Food & non-alcoholic beverages,5345.0,24056.8,22.21825014133218,38.28314655315753,,22.2,0.0182501413321816,,False,False,,
Eurostat,LT,LTU,2016,1999,CP04,Housing & utilities (incl. imputed rent),3864.7,24056.8,16.064896411825348,38.28314655315753,7.230803764424196,16.1,-0.0351035881746533,,False,False,,
Eurostat,LT,LTU,2017,1999,CP01,Food & non-alcoholic beverages,5561.3,25725.4,21.61793402629308,37.09718799318961,,21.6,0.0179340262930765,,False,False,,
Eurostat,LT,LTU,2017,1999,CP04,Housing & utilities (incl. imputed rent),3982.1,25725.4,15.479253966896527,37.09718799318961,7.374423721302681,15.5,-0.0207460331034727,,False,False,,
Eurostat,LT,LTU,2018,1999,CP01,Food & non-alcoholic beverages,5661.1,27319.2,20.722056282760843,36.14161468857068,,20.7,0.0220562827608432,,False,False,,
Eurostat,LT,LTU,2018,1999,CP04,Housing & utilities (incl. imputed rent),4212.5,27319.2,15.419558405809832,36.14161468857068,7.380157544876862,15.4,0.0195584058098319,,False,False,,
Eurostat,LT,LTU,2019,1999,CP01,Food & non-alcoholic beverages,5772.8,28656.4,20.144889099817146,35.39139598833071,,20.1,0.0448890998171407,,False,False,,
Eurostat,LT,LTU,2019,1999,CP04,Housing & utilities (incl. imputed rent),4369.1,28656.4,15.246506888513562,35.39139598833071,7.55433341243143,15.2,0.0465068885135622,,False,False,,
Eurostat,LT,LTU,2020,1999,CP01,Food & non-alcoholic beverages,6119.3,28068.4,21.801385187613118,37.85930085077881,,21.8,0.0013851876131134,,False,False,,
Eurostat,LT,LTU,2020,1999,CP04,Housing & utilities (incl. imputed rent),4507.2,28068.4,16.057915663165694,37.85930085077881,8.51063829787234,16.1,-0.0420843368343071,,False,False,,
Eurostat,LT,LTU,2021,1999,CP01,Food & non-alcoholic beverages,6451.2,31730.1,20.331483354921662,36.36263358766597,,20.3,0.031483354921665,,False,False,,
Eurostat,LT,LTU,2021,1999,CP04,Housing & utilities (incl. imputed rent),5086.7,31730.1,16.031150232744302,36.36263358766597,8.288344505690182,16.0,0.0311502327443022,,False,False,,
Eurostat,LT,LTU,2022,1999,CP01,Food & non-alcoholic beverages,7357.9,38343.5,19.1894323679372,36.029835565350055,,19.2,-0.010567632062802,,False,False,,
Eurostat,LT,LTU,2022,1999,CP04,Housing & utilities (incl. imputed rent),6457.2,38343.5,16.840403197412858,36.029835565350055,8.231382111700809,16.8,0.0404031974128571,,False,False,,
Eurostat,LT,LTU,2023,1999,CP01,Food & non-alcoholic beverages,7884.4,41665.1,18.923271515008963,35.47093370710739,,18.9,0.0232715150089646,,False,False,,
Eurostat,LT,LTU,2023,1999,CP04,Housing & utilities (incl. imputed rent),6894.6,41665.1,16.547662192098425,35.47093370710739,8.500639624049864,16.5,0.047662192098425,,False,False,,
Eurostat,LT,LTU,2024,1999,CP01,Food & non-alcoholic beverages,,,,,,,,,False,False,,
Eurostat,LT,LTU,2024,1999,CP04,Housing & utilities (incl. imputed rent),,,,,,,,,False,False,,
Eurostat,LT,LTU,2025,1999,CP01,Food & non-alcoholic beverages,,,,,,,,,False,False,,
Eurostat,LT,LTU,2025,1999,CP04,Housing & utilities (incl. imputed rent),,,,,,,,,False,False,,
Eurostat,LU,LUX,1995,2018,CP01,Food & non-alcoholic beverages,760.1,7291.2,10.424895764757515,32.03999341672153,,10.4,0.0248957647575167,,False,True,,
Eurostat,LU,LUX,1995,2018,CP04,Housing & utilities (incl. imputed rent),1576.0,7291.2,21.61509765196401,32.03999341672153,13.277649769585253,21.6,0.0150976519640124,,False,True,,
Eurostat,LU,LUX,1996,2018,CP01,Food & non-alcoholic beverages,783.6,7603.9,10.305238101500546,31.49304961927432,,10.3,0.0052381015005451,,False,True,,
Eurostat,LU,LUX,1996,2018,CP04,Housing & utilities (incl. imputed rent),1611.1,7603.9,21.18781151777377,31.49304961927432,12.985441681242522,21.2,-0.0121884822262252,,False,True,,
Eurostat,LU,LUX,1997,2018,CP01,Food & non-alcoholic beverages,807.9,8034.9,10.054885561736922,30.666218621264736,,10.1,-0.0451144382630772,,False,True,,
Eurostat,LU,LUX,1997,2018,CP04,Housing & utilities (incl. imputed rent),1656.1,8034.9,20.61133305952781,30.666218621264736,12.733201408853876,20.6,0.0113330595278071,,False,True,,
Eurostat,LU,LUX,1998,2018,CP01,Food & non-alcoholic beverages,827.8,8454.6,9.7911196271852,30.370449222908235,,9.8,-0.0088803728148008,,False,True,,
Eurostat,LU,LUX,1998,2018,CP04,Housing & utilities (incl. imputed rent),1739.9,8454.6,20.57932959572304,30.370449222908235,12.974002318264612,20.6,-0.0206704042769629,,False,True,,
Eurostat,LU,LUX,1999,2018,CP01,Food & non-alcoholic beverages,848.8,9210.2,9.215869362228831,29.20457753360405,,9.2,0.0158693622288321,,False,True,,
Eurostat,LU,LUX,1999,2018,CP04,Housing & utilities (incl. imputed rent),1841.0,9210.2,19.98870817137521,29.20457753360405,12.70439295563614,20.0,-0.0112918286247847,,False,True,,
Eurostat,LU,LUX,2000,2018,CP01,Food & non-alcoholic beverages,881.8,10229.2,8.62041997419153,28.852696203026625,,8.6,0.0204199741915296,,False,True,,
Eurostat,LU,LUX,2000,2018,CP04,Housing & utilities (incl. imputed rent),2069.6,10229.2,20.232276228835097,28.852696203026625,12.83189301216126,20.2,0.0322762288350979,,False,True,,
Eurostat,LU,LUX,2001,2018,CP01,Food & non-alcoholic beverages,927.4,10557.5,8.784276580629884,30.104664930144448,,8.8,-0.0157234193701167,,False,True,,
Eurostat,LU,LUX,2001,2018,CP04,Housing & utilities (incl. imputed rent),2250.9,10557.5,21.320388349514563,30.104664930144448,13.77883021548662,21.3,0.0203883495145618,,False,True,,
Eurostat,LU,LUX,2002,2018,CP01,Food & non-alcoholic beverages,976.8,11308.9,8.63744484432615,30.0825013927084,,8.6,0.037444844326151,,False,True,,
Eurostat,LU,LUX,2002,2018,CP04,Housing & utilities (incl. imputed rent),2425.2,11308.9,21.445056548382247,30.0825013927084,14.07829231843946,21.4,0.0450565483822487,,False,True,,
Eurostat,LU,LUX,2003,2018,CP01,Food & non-alcoholic beverages,1030.9,11758.0,8.767647559108694,30.04422520836877,,8.8,-0.0323524408913069,,False,True,,
Eurostat,LU,LUX,2003,2018,CP04,Housing & utilities (incl. imputed rent),2501.7,11758.0,21.27657764926008,30.04422520836877,13.928389181833644,21.3,-0.0234223507399242,,False,True,,
Eurostat,LU,LUX,2004,2018,CP01,Food & non-alcoholic beverages,1046.0,12415.5,8.424952680117595,29.30772018847409,,8.4,0.0249526801175949,,False,True,,
Eurostat,LU,LUX,2004,2018,CP04,Housing & utilities (incl. imputed rent),2592.7,12415.5,20.88276750835649,29.30772018847409,13.571744996174138,20.9,-0.017232491643508,,False,True,,
Eurostat,LU,LUX,2005,2018,CP01,Food & non-alcoholic beverages,1089.7,12690.4,8.586805774443675,29.95807854756352,,8.6,-0.0131942255563242,,False,True,,
Eurostat,LU,LUX,2005,2018,CP04,Housing & utilities (incl. imputed rent),2712.1,12690.4,21.37127277311984,29.95807854756352,13.646535964193408,21.4,-0.0287272268801572,,False,True,,
Eurostat,LU,LUX,2006,2018,CP01,Food & non-alcoholic beverages,1133.2,13189.1,8.59194334715788,30.21206905702436,,8.6,-0.0080566528421197,,False,True,,
Eurostat,LU,LUX,2006,2018,CP04,Housing & utilities (incl. imputed rent),2851.5,13189.1,21.62012570986648,30.21206905702436,13.53996861044347,21.6,0.0201257098664804,,False,True,,
Eurostat,LU,LUX,2007,2018,CP01,Food & non-alcoholic beverages,1198.0,13735.5,8.721924939026609,30.39423391940592,,8.7,0.0219249390266096,,False,True,,
Eurostat,LU,LUX,2007,2018,CP04,Housing & utilities (incl. imputed rent),2976.8,13735.5,21.67230898037931,30.39423391940592,13.576498853336243,21.7,-0.0276910196206898,,False,True,,
Eurostat,LU,LUX,2008,2018,CP01,Food & non-alcoholic beverages,1262.4,14479.9,8.718292253399541,30.43253061139925,,8.7,0.0182922533995419,,False,True,,
Eurostat,LU,LUX,2008,2018,CP04,Housing & utilities (incl. imputed rent),3144.2,14479.9,21.71423835799971,30.43253061139925,13.51943038280651,21.7,0.0142383579997122,,False,True,,
Eurostat,LU,LUX,2009,2018,CP01,Food & non-alcoholic beverages,1293.8,14490.9,8.928361937491806,30.91043344443754,,8.9,0.0283619374918053,,False,True,,
Eurostat,LU,LUX,2009,2018,CP04,Housing & utilities (incl. imputed rent),3185.4,14490.9,21.98207150694574,30.91043344443754,14.008791724461558,22.0,-0.01792849305426,,False,True,,
Eurostat,LU,LUX,2010,2018,CP01,Food & non-alcoholic beverages,1325.0,15189.9,8.722901401589214,30.95938748773856,,8.7,0.0229014015892143,,False,True,,
Eurostat,LU,LUX,2010,2018,CP04,Housing & utilities (incl. imputed rent),3377.7,15189.9,22.23648608614935,30.95938748773856,13.697917695310698,22.2,0.036486086149349,,False,True,,
Eurostat,LU,LUX,2011,2018,CP01,Food & non-alcoholic beverages,1384.3,16143.2,8.575127607909213,30.522449080727487,,8.6,-0.0248723920907867,,False,True,,
Eurostat,LU,LUX,2011,2018,CP04,Housing & utilities (incl. imputed rent),3543.0,16143.2,21.94732147281828,30.522449080727487,13.244585955696516,21.9,0.0473214728182789,,False,True,,
Eurostat,LU,LUX,2012,2018,CP01,Food & non-alcoholic beverages,1425.9,16878.9,8.447825391465082,30.803547624548997,,8.4,0.0478253914650821,,False,True,,
Eurostat,LU,LUX,2012,2018,CP04,Housing & utilities (incl. imputed rent),3773.4,16878.9,22.35572223308391,30.803547624548997,13.304776970063212,22.4,-0.0442777669160889,,False,True,,
Eurostat,LU,LUX,2013,2018,CP01,Food & non-alcoholic beverages,1473.2,17153.5,8.588334742180896,31.78768181420701,,8.6,-0.0116652578191036,,False,True,,
Eurostat,LU,LUX,2013,2018,CP04,Housing & utilities (incl. imputed rent),3979.5,17153.5,23.19934707202612,31.78768181420701,13.312735010347742,23.2,-0.0006529279738813,,False,True,,
Eurostat,LU,LUX,2014,2018,CP01,Food & non-alcoholic beverages,1515.8,17949.8,8.444662336070596,31.96470155656331,,8.4,0.044662336070596,,False,True,,
Eurostat,LU,LUX,2014,2018,CP04,Housing & utilities (incl. imputed rent),4221.8,17949.8,23.52003922049271,31.96470155656331,13.101538735807642,23.5,0.0200392204927091,,False,True,,
Eurostat,LU,LUX,2015,2018,CP01,Food & non-alcoholic beverages,1640.7,18148.2,9.040566006546104,32.81868174254196,,9.0,0.0405660065461042,,False,True,,
Eurostat,LU,LUX,2015,2018,CP04,Housing & utilities (incl. imputed rent),4315.3,18148.2,23.77811573599585,32.81868174254196,13.206819409087403,23.8,-0.0218842640041465,,False,True,,
Eurostat,LU,LUX,2016,2018,CP01,Food & non-alcoholic beverages,1722.1,18899.3,9.111977692295484,32.658881545877364,,9.1,0.011977692295483,,False,True,,
Eurostat,LU,LUX,2016,2018,CP04,Housing & utilities (incl. imputed rent),4450.2,18899.3,23.54690385358188,32.658881545877364,13.053922632055157,23.5,0.046903853581881,,False,True,,
Eurostat,LU,LUX,2017,2018,CP01,Food & non-alcoholic beverages,1761.8,19777.3,8.908192726004055,32.124203000409565,,8.9,0.0081927260040544,,False,True,,
Eurostat,LU,LUX,2017,2018,CP04,Housing & utilities (incl. imputed rent),4591.5,19777.3,23.21601027440551,32.124203000409565,12.956773674869671,23.2,0.0160102744055095,,False,True,,
Eurostat,LU,LUX,2018,2018,CP01,Food & non-alcoholic beverages,1826.3,20910.8,8.733764370564492,31.335960364978867,,8.7,0.0337643705644925,,False,True,,
Eurostat,LU,LUX,2018,2018,CP04,Housing & utilities (incl. imputed rent),4726.3,20910.8,22.60219599441437,31.335960364978867,12.587275474874229,22.6,0.0021959944143681,,False,True,,
Eurostat,LU,LUX,2019,2018,CP01,Food & non-alcoholic beverages,1864.8,21666.6,8.60679571321758,30.796248603841857,,8.6,0.0067957132175795,,False,True,,
Eurostat,LU,LUX,2019,2018,CP04,Housing & utilities (incl. imputed rent),4807.7,21666.6,22.18945289062428,30.796248603841857,12.440807510176956,22.2,-0.0105471093757216,,False,True,,
Eurostat,LU,LUX,2020,2018,CP01,Food & non-alcoholic beverages,2100.7,20369.5,10.31296791772012,34.499619529198064,,10.3,0.01296791772012,,False,True,,
Eurostat,LU,LUX,2020,2018,CP04,Housing & utilities (incl. imputed rent),4926.7,20369.5,24.186651611477945,34.499619529198064,13.590907975158938,24.2,-0.0133483885220542,,False,True,,
Eurostat,LU,LUX,2021,2018,CP01,Food & non-alcoholic beverages,2215.0,22976.1,9.640452470175532,31.771710603627245,,9.6,0.0404524701755324,,False,True,,
Eurostat,LU,LUX,2021,2018,CP04,Housing & utilities (incl. imputed rent),5084.9,22976.1,22.13125813345172,31.771710603627245,12.396794930384184,22.1,0.0312581334517148,,False,True,,
Eurostat,LU,LUX,2022,2018,CP01,Food & non-alcoholic beverages,2426.0,25347.4,9.571001365031522,30.859180823279704,,9.6,-0.0289986349684774,,False,True,,
Eurostat,LU,LUX,2022,2018,CP04,Housing & utilities (incl. imputed rent),5396.0,25347.4,21.288179458248184,30.859180823279704,11.496248135903484,21.3,-0.0118205417518169,,False,True,,
Eurostat,LU,LUX,2023,2018,CP01,Food & non-alcoholic beverages,2616.9,27240.7,9.60658132867364,29.965089002852352,,9.6,0.00658132867364,,False,True,,
Eurostat,LU,LUX,2023,2018,CP04,Housing & utilities (incl. imputed rent),5545.8,27240.7,20.35850767417871,29.965089002852352,11.06946590946635,20.4,-0.041492325821288,,False,True,,
Eurostat,LU,LUX,2024,2018,CP01,Food & non-alcoholic beverages,2712.5,29077.6,9.32848653258866,29.248287341458724,,9.3,0.0284865325886602,,False,True,,
Eurostat,LU,LUX,2024,2018,CP04,Housing & utilities (incl. imputed rent),5792.2,29077.6,19.919800808870058,29.248287341458724,10.657344485101936,19.9,0.0198008088700589,,False,True,,
Eurostat,LU,LUX,2025,2018,CP01,Food & non-alcoholic beverages,,,,,,,,,False,True,,
Eurostat,LU,LUX,2025,2018,CP04,Housing & utilities (incl. imputed rent),,,,,,,,,False,True,,
Eurostat,LV,LVA,1995,2018,CP01,Food & non-alcoholic beverages,922.9,2594.5,35.57140104066294,50.9346694931586,,35.6,-0.0285989593370601,,False,False,,
Eurostat,LV,LVA,1995,2018,CP04,Housing & utilities (incl. imputed rent),398.6,2594.5,15.363268452495666,50.9346694931586,5.184043168240509,15.4,-0.0367315475043348,,False,False,6.24,Older (COICOP 1999) and current (COICOP 2018) figures for this country differ by up to 6.2 points (gap measured up to 2022).
Eurostat,LV,LVA,1996,2018,CP01,Food & non-alcoholic beverages,1057.0,2997.9,35.258013943093495,51.81627138997298,,35.3,-0.0419860569065022,,False,False,,
Eurostat,LV,LVA,1996,2018,CP04,Housing & utilities (incl. imputed rent),496.4,2997.9,16.55825744687948,51.81627138997298,4.7833483438406885,16.6,-0.0417425531205211,,False,False,6.24,Older (COICOP 1999) and current (COICOP 2018) figures for this country differ by up to 6.2 points (gap measured up to 2022).
Eurostat,LV,LVA,1997,2018,CP01,Food & non-alcoholic beverages,1083.5,3443.4,31.46599291398037,48.20235813440204,,31.5,-0.0340070860196313,,False,False,,
Eurostat,LV,LVA,1997,2018,CP04,Housing & utilities (incl. imputed rent),576.3,3443.4,16.736365220421675,48.20235813440204,4.76563861299878,16.7,0.0363652204216755,,False,False,6.24,Older (COICOP 1999) and current (COICOP 2018) figures for this country differ by up to 6.2 points (gap measured up to 2022).
Eurostat,LV,LVA,1998,2018,CP01,Food & non-alcoholic beverages,1073.5,3655.9,29.363494625126503,47.08006236494434,,29.4,-0.0365053748734922,,False,False,,
Eurostat,LV,LVA,1998,2018,CP04,Housing & utilities (incl. imputed rent),647.7,3655.9,17.71656773981783,47.08006236494434,5.489756284362263,17.7,0.0165677398178303,,False,False,6.24,Older (COICOP 1999) and current (COICOP 2018) figures for this country differ by up to 6.2 points (gap measured up to 2022).
Eurostat,LV,LVA,1999,2018,CP01,Food & non-alcoholic beverages,1026.3,3862.9,26.56812239509177,44.7642962541096,,26.6,-0.0318776049082316,,False,False,,
Eurostat,LV,LVA,1999,2018,CP04,Housing & utilities (incl. imputed rent),702.9,3862.9,18.19617385901784,44.7642962541096,5.713324186492014,18.2,-0.0038261409821629,,False,False,6.24,Older (COICOP 1999) and current (COICOP 2018) figures for this country differ by up to 6.2 points (gap measured up to 2022).
Eurostat,LV,LVA,2000,2018,CP01,Food & non-alcoholic beverages,1054.2,4079.0,25.844569747487128,42.38048541309144,,25.8,0.0445697474871273,,False,False,,
Eurostat,LV,LVA,2000,2018,CP04,Housing & utilities (incl. imputed rent),674.5,4079.0,16.535915665604314,42.38048541309144,5.768570728119638,16.5,0.035915665604314,,False,False,6.24,Older (COICOP 1999) and current (COICOP 2018) figures for this country differ by up to 6.2 points (gap measured up to 2022).
Eurostat,LV,LVA,2001,2018,CP01,Food & non-alcoholic beverages,1126.4,4417.0,25.501471587050037,41.8813674439665,,25.5,0.0014715870500339,,False,False,,
Eurostat,LV,LVA,2001,2018,CP04,Housing & utilities (incl. imputed rent),723.5,4417.0,16.37989585691646,41.8813674439665,5.929363821598369,16.4,-0.0201041430835395,,False,False,6.24,Older (COICOP 1999) and current (COICOP 2018) figures for this country differ by up to 6.2 points (gap measured up to 2022).
Eurostat,LV,LVA,2002,2018,CP01,Food & non-alcoholic beverages,1285.6,4883.7,26.324303294633168,41.97227511927433,,26.3,0.0243032946331673,,False,False,,
Eurostat,LV,LVA,2002,2018,CP04,Housing & utilities (incl. imputed rent),764.2,4883.7,15.647971824641155,41.97227511927433,6.085549890451912,15.6,0.0479718246411557,,False,False,6.24,Older (COICOP 1999) and current (COICOP 2018) figures for this country differ by up to 6.2 points (gap measured up to 2022).
Eurostat,LV,LVA,2003,2018,CP01,Food & non-alcoholic beverages,1350.4,5458.6,24.73894405158832,39.81423808302495,,24.7,0.0389440515883201,,False,False,,
Eurostat,LV,LVA,2003,2018,CP04,Housing & utilities (incl. imputed rent),822.9,5458.6,15.07529403143663,39.81423808302495,6.151760524676657,15.1,-0.024705968563369,,False,False,6.24,Older (COICOP 1999) and current (COICOP 2018) figures for this country differ by up to 6.2 points (gap measured up to 2022).
Eurostat,LV,LVA,2004,2018,CP01,Food & non-alcoholic beverages,1526.3,6389.5,23.887628139917048,38.47875420611941,,23.9,-0.0123718600829505,,False,False,,
Eurostat,LV,LVA,2004,2018,CP04,Housing & utilities (incl. imputed rent),932.3,6389.5,14.591126066202362,38.47875420611941,6.557633617653963,14.6,-0.0088739337976377,,False,False,6.24,Older (COICOP 1999) and current (COICOP 2018) figures for this country differ by up to 6.2 points (gap measured up to 2022).
Eurostat,LV,LVA,2005,2018,CP01,Food & non-alcoholic beverages,1719.4,7633.7,22.52380890000917,36.7541297142932,,22.5,0.0238089000091719,,False,False,,
Eurostat,LV,LVA,2005,2018,CP04,Housing & utilities (incl. imputed rent),1086.3,7633.7,14.230320814284031,36.7541297142932,6.904908497845081,14.2,0.0303208142840318,,False,False,6.24,Older (COICOP 1999) and current (COICOP 2018) figures for this country differ by up to 6.2 points (gap measured up to 2022).
Eurostat,LV,LVA,2006,2018,CP01,Food & non-alcoholic beverages,1989.1,9874.3,20.144212754321824,34.25255461146613,,20.1,0.0442127543218227,,False,False,,
Eurostat,LV,LVA,2006,2018,CP04,Housing & utilities (incl. imputed rent),1393.1,9874.3,14.108341857144303,34.25255461146613,7.333178048064168,14.1,0.0083418571443054,,False,False,6.24,Older (COICOP 1999) and current (COICOP 2018) figures for this country differ by up to 6.2 points (gap measured up to 2022).
Eurostat,LV,LVA,2007,2018,CP01,Food & non-alcoholic beverages,2449.3,12231.1,20.02518170892234,34.698432683895966,,20.0,0.0251817089223393,,False,False,,
Eurostat,LV,LVA,2007,2018,CP04,Housing & utilities (incl. imputed rent),1794.7,12231.1,14.673250974973634,34.698432683895966,7.952678009336854,14.7,-0.0267490250263655,,False,False,6.24,Older (COICOP 1999) and current (COICOP 2018) figures for this country differ by up to 6.2 points (gap measured up to 2022).
Eurostat,LV,LVA,2008,2018,CP01,Food & non-alcoholic beverages,2638.2,12763.4,20.67004089819327,37.837880188664464,,20.7,-0.0299591018067282,,False,False,,
Eurostat,LV,LVA,2008,2018,CP04,Housing & utilities (incl. imputed rent),2191.2,12763.4,17.16783929047119,37.837880188664464,9.087703903348638,17.2,-0.0321607095288101,,False,False,6.24,Older (COICOP 1999) and current (COICOP 2018) figures for this country differ by up to 6.2 points (gap measured up to 2022).
Eurostat,LV,LVA,2009,2018,CP01,Food & non-alcoholic beverages,2234.9,10679.8,20.92642184310568,40.00355811906591,,20.9,0.0264218431056804,,False,False,,
Eurostat,LV,LVA,2009,2018,CP04,Housing & utilities (incl. imputed rent),2037.4,10679.8,19.07713627596023,40.00355811906591,9.81759958051649,19.1,-0.0228637240397731,,False,False,6.24,Older (COICOP 1999) and current (COICOP 2018) figures for this country differ by up to 6.2 points (gap measured up to 2022).
Eurostat,LV,LVA,2010,2018,CP01,Food & non-alcoholic beverages,2274.5,10875.0,20.914942528735637,39.38206896551724,,20.9,0.0149425287356343,,False,False,,
Eurostat,LV,LVA,2010,2018,CP04,Housing & utilities (incl. imputed rent),2008.3,10875.0,18.46712643678161,39.38206896551724,9.415172413793105,18.5,-0.0328735632183914,,False,False,6.24,Older (COICOP 1999) and current (COICOP 2018) figures for this country differ by up to 6.2 points (gap measured up to 2022).
Eurostat,LV,LVA,2011,2018,CP01,Food & non-alcoholic beverages,2391.7,11393.0,20.992714824892477,39.37242166242429,,21.0,-0.0072851751075262,,False,False,,
Eurostat,LV,LVA,2011,2018,CP04,Housing & utilities (incl. imputed rent),2094.0,11393.0,18.379706837531817,39.37242166242429,9.502325989642763,18.4,-0.0202931624681816,,False,False,6.24,Older (COICOP 1999) and current (COICOP 2018) figures for this country differ by up to 6.2 points (gap measured up to 2022).
Eurostat,LV,LVA,2012,2018,CP01,Food & non-alcoholic beverages,2605.6,12354.7,21.08994957384639,39.50885088266004,,21.1,-0.0100504261536116,,False,False,,
Eurostat,LV,LVA,2012,2018,CP04,Housing & utilities (incl. imputed rent),2275.6,12354.7,18.41890130881365,39.50885088266004,9.303342047965552,18.4,0.0189013088136498,,False,False,6.24,Older (COICOP 1999) and current (COICOP 2018) figures for this country differ by up to 6.2 points (gap measured up to 2022).
Eurostat,LV,LVA,2013,2018,CP01,Food & non-alcoholic beverages,2845.5,13293.8,21.40471497991545,38.58640870180084,,21.4,0.0047149799154517,,False,False,,
Eurostat,LV,LVA,2013,2018,CP04,Housing & utilities (incl. imputed rent),2284.1,13293.8,17.18169372188539,38.58640870180084,9.261460229580708,17.2,-0.0183062781146077,,False,False,6.24,Older (COICOP 1999) and current (COICOP 2018) figures for this country differ by up to 6.2 points (gap measured up to 2022).
Eurostat,LV,LVA,2014,2018,CP01,Food & non-alcoholic beverages,2809.8,13610.3,20.64465882456669,38.08733091849555,,20.6,0.0446588245666887,,False,False,,
Eurostat,LV,LVA,2014,2018,CP04,Housing & utilities (incl. imputed rent),2374.0,13610.3,17.442672093928863,38.08733091849555,9.455338971220328,17.4,0.0426720939288642,,False,False,6.24,Older (COICOP 1999) and current (COICOP 2018) figures for this country differ by up to 6.2 points (gap measured up to 2022).
Eurostat,LV,LVA,2015,2018,CP01,Food & non-alcoholic beverages,2684.6,13970.7,19.21593048308245,36.123458380754,,19.2,0.0159304830824495,,False,False,,
Eurostat,LV,LVA,2015,2018,CP04,Housing & utilities (incl. imputed rent),2362.1,13970.7,16.907527897671553,36.123458380754,9.1641793181444,16.9,0.0075278976715544,,False,False,6.24,Older (COICOP 1999) and current (COICOP 2018) figures for this country differ by up to 6.2 points (gap measured up to 2022).
Eurostat,LV,LVA,2016,2018,CP01,Food & non-alcoholic beverages,2733.6,14554.8,18.7814329293429,35.56215131777833,,18.8,-0.0185670706571023,,False,False,,
Eurostat,LV,LVA,2016,2018,CP04,Housing & utilities (incl. imputed rent),2442.4,14554.8,16.78071838843543,35.56215131777833,9.213455354934457,16.8,-0.019281611564569,,False,False,6.24,Older (COICOP 1999) and current (COICOP 2018) figures for this country differ by up to 6.2 points (gap measured up to 2022).
Eurostat,LV,LVA,2017,2018,CP01,Food & non-alcoholic beverages,2867.2,15356.4,18.671042692297675,34.67739834857128,,18.7,-0.0289573077023241,,False,False,,
Eurostat,LV,LVA,2017,2018,CP04,Housing & utilities (incl. imputed rent),2458.0,15356.4,16.006355656273605,34.67739834857128,8.663488838529865,16.0,0.0063556562736053,,False,False,6.24,Older (COICOP 1999) and current (COICOP 2018) figures for this country differ by up to 6.2 points (gap measured up to 2022).
Eurostat,LV,LVA,2018,2018,CP01,Food & non-alcoholic beverages,3096.3,16356.3,18.93032042699144,34.93883090919096,,18.9,0.0303204269914374,,False,False,,
Eurostat,LV,LVA,2018,2018,CP04,Housing & utilities (incl. imputed rent),2618.4,16356.3,16.00851048219952,34.93883090919096,8.541051460293588,16.0,0.0085104821995187,,False,False,6.24,Older (COICOP 1999) and current (COICOP 2018) figures for this country differ by up to 6.2 points (gap measured up to 2022).
Eurostat,LV,LVA,2019,2018,CP01,Food & non-alcoholic beverages,3199.9,16874.9,18.96248274063846,34.963762748223694,,19.0,-0.0375172593615396,,False,False,,
Eurostat,LV,LVA,2019,2018,CP04,Housing & utilities (incl. imputed rent),2700.2,16874.9,16.00128000758523,34.963762748223694,8.847459836799032,16.0,0.0012800075852297,,False,False,6.24,Older (COICOP 1999) and current (COICOP 2018) figures for this country differ by up to 6.2 points (gap measured up to 2022).
Eurostat,LV,LVA,2020,2018,CP01,Food & non-alcoholic beverages,3381.8,16078.5,21.033056566221976,38.26040986410425,,21.0,0.0330565662219761,,False,False,,
Eurostat,LV,LVA,2020,2018,CP04,Housing & utilities (incl. imputed rent),2769.9,16078.5,17.227353297882267,38.26040986410425,9.742202319868149,17.2,0.0273532978822679,,False,False,6.24,Older (COICOP 1999) and current (COICOP 2018) figures for this country differ by up to 6.2 points (gap measured up to 2022).
Eurostat,LV,LVA,2021,2018,CP01,Food & non-alcoholic beverages,3707.5,17607.3,21.056607202694337,38.35568201825379,,21.1,-0.043392797305664,,False,False,,
Eurostat,LV,LVA,2021,2018,CP04,Housing & utilities (incl. imputed rent),3045.9,17607.3,17.299074815559457,38.35568201825379,9.09736302556326,17.3,-0.0009251844405433,,False,False,6.24,Older (COICOP 1999) and current (COICOP 2018) figures for this country differ by up to 6.2 points (gap measured up to 2022).
Eurostat,LV,LVA,2022,2018,CP01,Food & non-alcoholic beverages,4281.6,21142.2,20.25144024746715,37.30974070815714,,20.3,-0.0485597525328493,,False,False,,
Eurostat,LV,LVA,2022,2018,CP04,Housing & utilities (incl. imputed rent),3606.5,21142.2,17.058300460689992,37.30974070815714,8.372354816433484,17.1,-0.0416995393100094,,False,False,6.24,Older (COICOP 1999) and current (COICOP 2018) figures for this country differ by up to 6.2 points (gap measured up to 2022).
Eurostat,LV,LVA,2023,2018,CP01,Food & non-alcoholic beverages,4631.0,22575.1,20.5137518770681,36.96417734583679,,20.5,0.0137518770680991,,False,False,,
Eurostat,LV,LVA,2023,2018,CP04,Housing & utilities (incl. imputed rent),3713.7,22575.1,16.450425468768685,36.96417734583679,8.696306993103022,16.5,-0.0495745312313147,,False,False,6.24,Older (COICOP 1999) and current (COICOP 2018) figures for this country differ by up to 6.2 points (gap measured up to 2022).
Eurostat,LV,LVA,2024,2018,CP01,Food & non-alcoholic beverages,4702.1,23442.2,20.05827098139253,35.87120662736433,,20.1,-0.0417290186074694,,False,False,,
Eurostat,LV,LVA,2024,2018,CP04,Housing & utilities (incl. imputed rent),3706.9,23442.2,15.812935645971796,35.87120662736433,8.978252894352918,15.8,0.0129356459717957,,False,False,6.24,Older (COICOP 1999) and current (COICOP 2018) figures for this country differ by up to 6.2 points (gap measured up to 2022).
Eurostat,LV,LVA,2025,2018,CP01,Food & non-alcoholic beverages,,,,,,,,,False,False,,
Eurostat,LV,LVA,2025,2018,CP04,Housing & utilities (incl. imputed rent),,,,,,,,,False,False,6.24,Older (COICOP 1999) and current (COICOP 2018) figures for this country differ by up to 6.2 points (gap measured up to 2022).
OECD,MEX,MEX,1993,1999,CP01,Food & non-alcoholic beverages,272181.116,1175776.504,23.149052143331485,41.50329117309866,,,,,False,False,,
OECD,MEX,MEX,1993,1999,CP04,Housing & utilities (incl. imputed rent),215804.83,1175776.504,18.35423902976717,41.50329117309866,10.719978973146754,,,,False,False,,
OECD,MEX,MEX,1994,1999,CP01,Food & non-alcoholic beverages,297018.535,1316089.885,22.568256042785404,41.346573604279314,,,,,False,False,,
OECD,MEX,MEX,1994,1999,CP04,Housing & utilities (incl. imputed rent),247139.538,1316089.885,18.77831756149391,41.346573604279314,11.156561544426731,,,,False,False,,
OECD,MEX,MEX,1995,1999,CP01,Food & non-alcoholic beverages,390179.025,1699745.989,22.95513726904285,42.36214479456554,,,,,False,False,,
OECD,MEX,MEX,1995,1999,CP04,Housing & utilities (incl. imputed rent),329869.832,1699745.989,19.407007525522683,42.36214479456554,11.80765174907555,,,,False,False,,
OECD,MEX,MEX,1996,1999,CP01,Food & non-alcoholic beverages,553736.429,2289742.135,24.18335324907667,43.15160606502095,,,,,False,False,,
OECD,MEX,MEX,1996,1999,CP04,Housing & utilities (incl. imputed rent),434324.077,2289742.135,18.968252815944272,43.15160606502095,11.347579669708091,,,,False,False,,
OECD,MEX,MEX,1997,1999,CP01,Food & non-alcoholic beverages,670030.315,2885562.045,23.2200973172975,42.18818271849012,,,,,False,False,,
OECD,MEX,MEX,1997,1999,CP04,Housing & utilities (incl. imputed rent),547335.873,2885562.045,18.968085401192614,42.18818271849012,11.019853534287808,,,,False,False,,
OECD,MEX,MEX,1998,1999,CP01,Food & non-alcoholic beverages,776233.473,3498105.416,22.190110951190384,41.34960348490539,,,,,False,False,,
OECD,MEX,MEX,1998,1999,CP04,Housing & utilities (incl. imputed rent),670219.246,3498105.416,19.159492533715,41.34960348490539,11.2630032587903,,,,False,False,,
OECD,MEX,MEX,1999,1999,CP01,Food & non-alcoholic beverages,937054.701,4117263.506,22.759162721415574,41.46107225132265,,,,,False,False,,
OECD,MEX,MEX,1999,1999,CP04,Housing & utilities (incl. imputed rent),770006.896,4117263.506,18.70190952990707,41.46107225132265,10.94950945799387,,,,False,False,,
OECD,MEX,MEX,2000,1999,CP01,Food & non-alcoholic beverages,1094657.073,4868292.594,22.485441288987573,41.114407717951565,,,,,False,False,,
OECD,MEX,MEX,2000,1999,CP04,Housing & utilities (incl. imputed rent),906912.593,4868292.594,18.628966428963984,41.114407717951565,10.599104573869417,,,,False,False,,
OECD,MEX,MEX,2001,1999,CP01,Food & non-alcoholic beverages,1160891.855,5174320.812,22.435637394336343,41.335043355638,,,,,False,False,,
OECD,MEX,MEX,2001,1999,CP04,Housing & utilities (incl. imputed rent),977915.896,5174320.812,18.89940596130165,41.335043355638,10.72528022833386,,,,False,False,,
OECD,MEX,MEX,2002,1999,CP01,Food & non-alcoholic beverages,1233443.69,5486116.165,22.48300351110046,41.68686623134965,,,,,False,False,,
OECD,MEX,MEX,2002,1999,CP04,Housing & utilities (incl. imputed rent),1053546.217,5486116.165,19.2038627202492,41.68686623134965,11.01748125306056,,,,False,False,,
OECD,MEX,MEX,2003,1999,CP01,Food & non-alcoholic beverages,1362944.99,5878570.12,23.18497461420091,43.16805738807791,,,,,False,False,,
OECD,MEX,MEX,2003,1999,CP04,Housing & utilities (incl. imputed rent),1174719.533,5878570.12,19.983082773876998,43.16805738807791,11.539471200523844,,,,False,False,,
OECD,MEX,MEX,2004,1999,CP01,Food & non-alcoholic beverages,1517810.882,6519900.174,23.279664434935874,43.2817995167053,,,,,False,False,,
OECD,MEX,MEX,2004,1999,CP04,Housing & utilities (incl. imputed rent),1304119.24,6519900.174,20.002135081769428,43.2817995167053,11.114234630304637,,,,False,False,,
OECD,MEX,MEX,2005,1999,CP01,Food & non-alcoholic beverages,1669591.24,7176720.212,23.263986761087907,43.23653091298747,,,,,False,False,,
OECD,MEX,MEX,2005,1999,CP04,Housing & utilities (incl. imputed rent),1433373.613,7176720.212,19.97254415189956,43.23653091298747,10.748888589945771,,,,False,False,,
OECD,MEX,MEX,2006,1999,CP01,Food & non-alcoholic beverages,1719176.038,7760205.353,22.153744131724395,41.55254124497393,,,,,False,False,,
OECD,MEX,MEX,2006,1999,CP04,Housing & utilities (incl. imputed rent),1505386.492,7760205.353,19.39879711324954,41.55254124497393,10.748651743829695,,,,False,False,,
OECD,MEX,MEX,2007,1999,CP01,Food & non-alcoholic beverages,1895983.803,8415486.938,22.529698126423497,41.80921104056974,,,,,False,False,,
OECD,MEX,MEX,2007,1999,CP04,Housing & utilities (incl. imputed rent),1622464.891,8415486.938,19.27951291414624,41.80921104056974,10.598534518217322,,,,False,False,,
OECD,MEX,MEX,2008,1999,CP01,Food & non-alcoholic beverages,2071271.434,9157046.292,22.61942735628141,42.5623629139561,,,,,False,False,,
OECD,MEX,MEX,2008,1999,CP04,Housing & utilities (incl. imputed rent),1826183.841,9157046.292,19.94293555767469,42.5623629139561,10.560738486654362,,,,False,False,,
OECD,MEX,MEX,2009,1999,CP01,Food & non-alcoholic beverages,2084890.839,8888838.092,23.4551559767571,43.29044906851477,,,,,False,False,,
OECD,MEX,MEX,2009,1999,CP04,Housing & utilities (incl. imputed rent),1763127.088,8888838.092,19.835293091757663,43.29044906851477,11.44503484561838,,,,False,False,,
OECD,MEX,MEX,2010,1999,CP01,Food & non-alcoholic beverages,2284492.242,9923575.073,23.02085916814024,42.25078212395159,,,,,False,False,,
OECD,MEX,MEX,2010,1999,CP04,Housing & utilities (incl. imputed rent),1908295.841,9923575.073,19.22992295581135,42.25078212395159,10.974680818036674,,,,False,False,,
OECD,MEX,MEX,2011,1999,CP01,Food & non-alcoholic beverages,2513998.371,10733403.262,23.422192473662413,41.91038659588936,,,,,False,False,,
OECD,MEX,MEX,2011,1999,CP04,Housing & utilities (incl. imputed rent),1984412.431,10733403.262,18.488194122226957,41.91038659588936,10.753329599440889,,,,False,False,,
OECD,MEX,MEX,2012,1999,CP01,Food & non-alcoholic beverages,2733052.912,11499695.742,23.76630628598417,41.15439186547479,,,,,False,False,,
OECD,MEX,MEX,2012,1999,CP04,Housing & utilities (incl. imputed rent),1999576.937,11499695.742,17.388085579490628,41.15439186547479,10.45002005236531,,,,False,False,,
OECD,MEX,MEX,2013,1999,CP01,Food & non-alcoholic beverages,2860740.075,12048970.623,23.74260975903784,40.73893767846064,,,,,False,False,,
OECD,MEX,MEX,2013,1999,CP04,Housing & utilities (incl. imputed rent),2047882.558,12048970.623,16.9963279194228,40.73893767846064,10.55481760883699,,,,False,False,,
OECD,MEX,MEX,2014,1999,CP01,Food & non-alcoholic beverages,3059564.967,12923728.357,23.67401172853358,40.72277352649096,,,,,False,False,,
OECD,MEX,MEX,2014,1999,CP04,Housing & utilities (incl. imputed rent),2203335.663,12923728.357,17.048761797957372,40.72277352649096,10.306703686467774,,,,False,False,,
OECD,MEX,MEX,2015,1999,CP01,Food & non-alcoholic beverages,3283007.923,13435465.498,24.43538650364372,40.43990477895089,,,,,False,False,,
OECD,MEX,MEX,2015,1999,CP04,Housing & utilities (incl. imputed rent),2150281.531,13435465.498,16.004518275307174,40.43990477895089,10.300730043227862,,,,False,False,,
OECD,MEX,MEX,2016,1999,CP01,Food & non-alcoholic beverages,3539068.349,14503542.418,24.40140654608454,40.67289737215426,,,,,False,False,,
OECD,MEX,MEX,2016,1999,CP04,Housing & utilities (incl. imputed rent),2359942.574,14503542.418,16.27149082606972,40.67289737215426,9.924817872173993,,,,False,False,,
OECD,MEX,MEX,2017,1999,CP01,Food & non-alcoholic beverages,3845407.31,15587468.116,24.669864800254647,41.56231273602433,,,,,False,False,,
OECD,MEX,MEX,2017,1999,CP04,Housing & utilities (incl. imputed rent),2633104.936,15587468.116,16.892447935769685,41.56231273602433,9.552884868271445,,,,False,False,,
OECD,MEX,MEX,2018,1999,CP01,Food & non-alcoholic beverages,4018241.767,16523085.671,24.31895498824712,41.20317412593775,,,,,False,False,,
OECD,MEX,MEX,2018,1999,CP04,Housing & utilities (incl. imputed rent),2789793.993,16523085.671,16.884219137690625,41.20317412593775,9.36314278582548,,,,False,False,,
OECD,MEX,MEX,2019,1999,CP01,Food & non-alcoholic beverages,4227552.041,17147523.408,24.654009447379902,41.35125632015117,,,,,False,False,,
OECD,MEX,MEX,2019,1999,CP04,Housing & utilities (incl. imputed rent),2863164.316,17147523.408,16.697246872771263,41.35125632015117,9.476250000288088,,,,False,False,,
OECD,MEX,MEX,2020,1999,CP01,Food & non-alcoholic beverages,4498849.317,16096947.264,27.94846279369658,46.07133584630472,,,,,False,False,,
OECD,MEX,MEX,2020,1999,CP04,Housing & utilities (incl. imputed rent),2917229.318,16096947.264,18.122873052608146,46.07133584630472,10.558337914177066,,,,False,False,,
OECD,MEX,MEX,2021,1999,CP01,Food & non-alcoholic beverages,4902570.254,18534845.331,26.450559292233887,44.78544936717929,,,,,False,False,,
OECD,MEX,MEX,2021,1999,CP04,Housing & utilities (incl. imputed rent),3398343.517,18534845.331,18.3348900749454,44.78544936717929,9.607522060201216,,,,False,False,,
OECD,MEX,MEX,2022,1999,CP01,Food & non-alcoholic beverages,5418849.609,21267939.575,25.478959021351272,43.059699260970845,,,,,False,False,,
OECD,MEX,MEX,2022,1999,CP04,Housing & utilities (incl. imputed rent),3739061.211,21267939.575,17.58074023961957,43.059699260970845,8.86377359382732,,,,False,False,,
OECD,MEX,MEX,2023,1999,CP01,Food & non-alcoholic beverages,5775107.69,22632557.953,25.516813883754995,41.71877445142446,,,,p,False,False,,
OECD,MEX,MEX,2023,1999,CP04,Housing & utilities (incl. imputed rent),3666918.115,22632557.953,16.201960567669467,41.71877445142446,8.66618813513306,,,p,False,False,,
OECD,MEX,MEX,2024,1999,CP01,Food & non-alcoholic beverages,6068222.091,24054904.49,25.22654826387964,40.6479859983015,,,,p,False,False,,
OECD,MEX,MEX,2024,1999,CP04,Housing & utilities (incl. imputed rent),3709612.118,24054904.49,15.421437734421866,40.6479859983015,8.56977473286987,,,p,False,False,,
OECD,MEX,MEX,2025,1999,CP01,Food & non-alcoholic beverages,,,,,,,,,False,False,,
OECD,MEX,MEX,2025,1999,CP04,Housing & utilities (incl. imputed rent),,,,,,,,,False,False,,
Eurostat,MK,MKD,1995,1999,CP01,Food & non-alcoholic beverages,,,,,,,,,False,False,,
Eurostat,MK,MKD,1995,1999,CP04,Housing & utilities (incl. imputed rent),,,,,,,,,False,False,,
Eurostat,MK,MKD,1996,1999,CP01,Food & non-alcoholic beverages,,,,,,,,,False,False,,
Eurostat,MK,MKD,1996,1999,CP04,Housing & utilities (incl. imputed rent),,,,,,,,,False,False,,
Eurostat,MK,MKD,1997,1999,CP01,Food & non-alcoholic beverages,,,,,,,,,False,False,,
Eurostat,MK,MKD,1997,1999,CP04,Housing & utilities (incl. imputed rent),,,,,,,,,False,False,,
Eurostat,MK,MKD,1998,1999,CP01,Food & non-alcoholic beverages,,,,,,,,,False,False,,
Eurostat,MK,MKD,1998,1999,CP04,Housing & utilities (incl. imputed rent),,,,,,,,,False,False,,
Eurostat,MK,MKD,1999,1999,CP01,Food & non-alcoholic beverages,,,,,,,,,False,False,,
Eurostat,MK,MKD,1999,1999,CP04,Housing & utilities (incl. imputed rent),,,,,,,,,False,False,,
Eurostat,MK,MKD,2000,1999,CP01,Food & non-alcoholic beverages,51296.0,188387.7,27.228953907288,53.14784351632298,,27.2,0.0289539072880025,,False,False,,
Eurostat,MK,MKD,2000,1999,CP04,Housing & utilities (incl. imputed rent),48828.0,188387.7,25.918889609034984,53.14784351632298,19.42616211143297,25.9,0.0188896090349857,,False,False,,
Eurostat,MK,MKD,2001,1999,CP01,Food & non-alcoholic beverages,47826.0,178641.4,26.772069632235308,55.08661486083293,,26.8,-0.0279303677646929,,False,False,,
Eurostat,MK,MKD,2001,1999,CP04,Housing & utilities (incl. imputed rent),50581.5,178641.4,28.314545228597627,55.08661486083293,21.609436558378967,28.3,0.0145452285976261,,False,False,,
Eurostat,MK,MKD,2002,1999,CP01,Food & non-alcoholic beverages,56306.7,197954.3,28.44429244527651,55.02729670434034,,28.4,0.0442924452765112,,False,False,,
Eurostat,MK,MKD,2002,1999,CP04,Housing & utilities (incl. imputed rent),52622.2,197954.3,26.583004259063834,55.02729670434034,19.790022242507487,26.6,-0.0169957409361671,,False,False,,
Eurostat,MK,MKD,2003,1999,CP01,Food & non-alcoholic beverages,62612.6,212760.1,29.42873217299672,55.36945132099487,,29.4,0.0287321729967189,,False,False,,
Eurostat,MK,MKD,2003,1999,CP04,Housing & utilities (incl. imputed rent),55191.5,212760.1,25.94071914799814,55.36945132099487,18.61932759008856,25.9,0.0407191479981428,,False,False,,
Eurostat,MK,MKD,2004,1999,CP01,Food & non-alcoholic beverages,68286.0,225795.4,30.242423007731777,56.24795722144916,,30.2,0.0424230077317773,,False,False,,
Eurostat,MK,MKD,2004,1999,CP04,Housing & utilities (incl. imputed rent),58719.3,225795.4,26.00553421371737,56.24795722144916,18.86088024822472,26.0,0.0055342137173752,,False,False,,
Eurostat,MK,MKD,2005,1999,CP01,Food & non-alcoholic beverages,75466.0,248072.4,30.42095775265608,55.42644002315453,,30.4,0.0209577526560806,,False,False,,
Eurostat,MK,MKD,2005,1999,CP04,Housing & utilities (incl. imputed rent),62031.7,248072.4,25.00548227049845,55.42644002315453,17.032124492688425,25.0,0.0054822704984509,,False,False,,
Eurostat,MK,MKD,2006,1999,CP01,Food & non-alcoholic beverages,79609.0,264639.9,30.082009553359107,54.57619958290492,,30.1,-0.0179904466408942,,False,False,,
Eurostat,MK,MKD,2006,1999,CP04,Housing & utilities (incl. imputed rent),64821.4,264639.9,24.494190029545805,54.57619958290492,16.912415701487188,24.5,-0.0058099704541945,,False,False,,
Eurostat,MK,MKD,2007,1999,CP01,Food & non-alcoholic beverages,85030.4,289644.4,29.35682512763927,54.12170924071032,,29.4,-0.0431748723607299,,False,False,,
Eurostat,MK,MKD,2007,1999,CP04,Housing & utilities (incl. imputed rent),71730.1,289644.4,24.764884113071066,54.12170924071032,17.309500891437914,24.8,-0.0351158869289385,,False,False,,
Eurostat,MK,MKD,2008,1999,CP01,Food & non-alcoholic beverages,98907.6,327148.0,30.23328890899532,55.12315526917481,,30.2,0.0332889089953205,,False,False,,
Eurostat,MK,MKD,2008,1999,CP04,Housing & utilities (incl. imputed rent),81426.7,327148.0,24.88986636017949,55.12315526917481,17.371953978016066,24.9,-0.0101336398205091,,False,False,,
Eurostat,MK,MKD,2009,1999,CP01,Food & non-alcoholic beverages,99078.3,321824.3,30.786457082327225,54.61818762598101,,30.8,-0.0135429176727761,,False,False,,
Eurostat,MK,MKD,2009,1999,CP04,Housing & utilities (incl. imputed rent),76696.3,321824.3,23.83173054365379,54.61818762598101,16.353643898238886,23.8,0.03173054365379,,False,False,,
Eurostat,MK,MKD,2010,1999,CP01,Food & non-alcoholic beverages,103219.0,332574.6,31.03634492832586,55.76493213853373,,31.0,0.0363449283258603,,False,False,,
Eurostat,MK,MKD,2010,1999,CP04,Housing & utilities (incl. imputed rent),82241.0,332574.6,24.72858721020788,55.76493213853373,17.23721534957871,24.7,0.0285872102078776,,False,False,,
Eurostat,MK,MKD,2011,1999,CP01,Food & non-alcoholic beverages,109470.0,348783.2,31.38625942992667,55.13840689574497,,31.4,-0.0137405700733275,,False,False,,
Eurostat,MK,MKD,2011,1999,CP04,Housing & utilities (incl. imputed rent),82843.5,348783.2,23.752147465818307,55.13840689574497,16.479864855876087,23.8,-0.0478525341816933,,False,False,,
Eurostat,MK,MKD,2012,1999,CP01,Food & non-alcoholic beverages,108282.5,346614.3,31.240055589166403,56.8861988671558,,31.2,0.0400555891664033,,False,False,,
Eurostat,MK,MKD,2012,1999,CP04,Housing & utilities (incl. imputed rent),88893.2,346614.3,25.646143277989395,56.8861988671558,17.25635670542156,25.6,0.0461432779893939,,False,False,,
Eurostat,MK,MKD,2013,1999,CP01,Food & non-alcoholic beverages,116724.3,364906.2,31.98748061830684,56.43277642309175,,32.0,-0.0125193816931599,,False,False,,
Eurostat,MK,MKD,2013,1999,CP04,Housing & utilities (incl. imputed rent),89202.4,364906.2,24.445295804784895,56.43277642309175,16.543429516955317,24.4,0.0452958047848994,,False,False,,
Eurostat,MK,MKD,2014,1999,CP01,Food & non-alcoholic beverages,116001.3,373270.2,31.077032133826915,55.51370026324094,,31.1,-0.0229678661730865,,False,False,,
Eurostat,MK,MKD,2014,1999,CP04,Housing & utilities (incl. imputed rent),91214.8,373270.2,24.436668129414027,55.51370026324094,15.8724162818248,24.4,0.0366681294140285,,False,False,,
Eurostat,MK,MKD,2015,1999,CP01,Food & non-alcoholic beverages,122289.9,388756.0,31.45672349751515,55.135869285618746,,31.5,-0.0432765024848507,,False,False,,
Eurostat,MK,MKD,2015,1999,CP04,Housing & utilities (incl. imputed rent),92054.1,388756.0,23.679145788103597,55.135869285618746,15.608942370021298,23.7,-0.0208542118964061,,False,False,,
Eurostat,MK,MKD,2016,1999,CP01,Food & non-alcoholic beverages,127525.3,401315.8,31.77679523208406,54.39132972088315,,31.8,-0.0232047679159421,,False,False,,
Eurostat,MK,MKD,2016,1999,CP04,Housing & utilities (incl. imputed rent),90755.7,401315.8,22.61453448879909,54.39132972088315,14.78743174328048,22.6,0.014534488799093,,False,False,,
Eurostat,MK,MKD,2017,1999,CP01,Food & non-alcoholic beverages,130296.0,415539.8,31.35584124553172,52.85188085473401,,31.4,-0.0441587544682811,,False,False,,
Eurostat,MK,MKD,2017,1999,CP04,Housing & utilities (incl. imputed rent),89324.6,415539.8,21.496039609202292,52.85188085473401,13.865170075164883,21.5,-0.0039603907977046,,False,False,,
Eurostat,MK,MKD,2018,1999,CP01,Food & non-alcoholic beverages,135878.8,440200.0,30.867514766015447,53.05620172648796,,30.9,-0.032485233984552,,False,False,,
Eurostat,MK,MKD,2018,1999,CP04,Housing & utilities (incl. imputed rent),97674.6,440200.0,22.18868696047252,53.05620172648796,14.693752839618355,22.2,-0.0113130395274829,,False,False,,
Eurostat,MK,MKD,2019,1999,CP01,Food & non-alcoholic beverages,140203.3,460331.0,30.45706241812956,52.098294488096606,,30.5,-0.04293758187044,,False,False,,
Eurostat,MK,MKD,2019,1999,CP04,Housing & utilities (incl. imputed rent),99621.3,460331.0,21.64123206996705,52.098294488096606,14.506909158844396,21.6,0.0412320699670445,,False,False,,
Eurostat,MK,MKD,2020,1999,CP01,Food & non-alcoholic beverages,144514.1,443471.5,32.587009537253245,55.17274503547579,,32.6,-0.0129904627467567,,False,False,,
Eurostat,MK,MKD,2020,1999,CP04,Housing & utilities (incl. imputed rent),100161.3,443471.5,22.585735498222547,55.17274503547579,15.42561359636414,22.6,-0.014264501777454,,False,False,,
Eurostat,MK,MKD,2021,1999,CP01,Food & non-alcoholic beverages,152027.0,498007.7,30.527038035757275,53.4213426820509,,30.5,0.0270380357572754,,False,False,,
Eurostat,MK,MKD,2021,1999,CP04,Housing & utilities (incl. imputed rent),114015.4,498007.7,22.89430464629362,53.4213426820509,15.536546924876864,22.9,-0.005695353706379,,False,False,,
Eurostat,MK,MKD,2022,1999,CP01,Food & non-alcoholic beverages,175318.4,572329.7,30.632413449800005,54.78165819456861,,30.6,0.0324134498000034,,False,False,,
Eurostat,MK,MKD,2022,1999,CP04,Housing & utilities (incl. imputed rent),138213.3,572329.7,24.14924474476862,54.78165819456861,16.383371332992155,24.1,0.0492447447686181,,False,False,,
Eurostat,MK,MKD,2023,1999,CP01,Food & non-alcoholic beverages,192102.6,619435.8,31.01251170823513,53.96144362337469,,31.0,0.0125117082351344,p,False,False,,
Eurostat,MK,MKD,2023,1999,CP04,Housing & utilities (incl. imputed rent),142153.9,619435.8,22.948931915139543,53.96144362337469,16.67736995504619,22.9,0.0489319151395477,p,False,False,,
Eurostat,MK,MKD,2024,1999,CP01,Food & non-alcoholic beverages,,,,,,,,,False,False,,
Eurostat,MK,MKD,2024,1999,CP04,Housing & utilities (incl. imputed rent),,,,,,,,,False,False,,
Eurostat,MK,MKD,2025,1999,CP01,Food & non-alcoholic beverages,,,,,,,,,False,False,,
Eurostat,MK,MKD,2025,1999,CP04,Housing & utilities (incl. imputed rent),,,,,,,,,False,False,,
Eurostat,MT,MLT,1995,2018,CP01,Food & non-alcoholic beverages,376.0,2293.1,16.397017138371638,27.940342767432732,,16.4,-0.0029828616283609,,False,False,,
Eurostat,MT,MLT,1995,2018,CP04,Housing & utilities (incl. imputed rent),264.7,2293.1,11.543325629061096,27.940342767432732,8.534298547817365,11.5,0.0433256290610959,,False,False,,
Eurostat,MT,MLT,1996,2018,CP01,Food & non-alcoholic beverages,398.6,2440.8,16.330711242215667,27.61389708292363,,16.3,0.0307112422156663,,False,False,,
Eurostat,MT,MLT,1996,2018,CP04,Housing & utilities (incl. imputed rent),275.4,2440.8,11.283185840707963,27.61389708292363,8.308751229105212,11.3,-0.0168141592920374,,False,False,,
Eurostat,MT,MLT,1997,2018,CP01,Food & non-alcoholic beverages,419.3,2587.2,16.206709956709958,27.36162646876933,,16.2,0.0067099567099582,,False,False,,
Eurostat,MT,MLT,1997,2018,CP04,Housing & utilities (incl. imputed rent),288.6,2587.2,11.154916512059373,27.36162646876933,8.143939393939394,11.2,-0.0450834879406283,,False,False,,
Eurostat,MT,MLT,1998,2018,CP01,Food & non-alcoholic beverages,419.7,2720.1,15.429579794860482,26.557847137972868,,15.4,0.0295797948604814,,False,False,,
Eurostat,MT,MLT,1998,2018,CP04,Housing & utilities (incl. imputed rent),302.7,2720.1,11.128267343112386,26.557847137972868,8.010734899452226,11.1,0.0282673431123861,,False,False,,
Eurostat,MT,MLT,1999,2018,CP01,Food & non-alcoholic beverages,442.5,2909.2,15.21036711123333,25.962463907603468,,15.2,0.0103671112333305,,False,False,,
Eurostat,MT,MLT,1999,2018,CP04,Housing & utilities (incl. imputed rent),312.8,2909.2,10.752096796370138,25.962463907603468,7.727210229616391,10.8,-0.047903203629863,,False,False,,
Eurostat,MT,MLT,2000,2018,CP01,Food & non-alcoholic beverages,452.1,3087.1,14.644812283372746,25.321499141589197,,14.6,0.044812283372746,,False,False,,
Eurostat,MT,MLT,2000,2018,CP04,Housing & utilities (incl. imputed rent),329.6,3087.1,10.67668685821645,25.321499141589197,7.524861520520877,10.7,-0.0233131417835501,,False,False,,
Eurostat,MT,MLT,2001,2018,CP01,Food & non-alcoholic beverages,483.3,3195.4,15.12486699630719,25.90598986042436,,15.1,0.0248669963071908,,False,False,,
Eurostat,MT,MLT,2001,2018,CP04,Housing & utilities (incl. imputed rent),344.5,3195.4,10.781122864117169,25.90598986042436,7.604681729986856,10.8,-0.0188771358828319,,False,False,,
Eurostat,MT,MLT,2002,2018,CP01,Food & non-alcoholic beverages,509.0,3213.7,15.838441671593491,26.875563991660705,,15.8,0.0384416715934907,,False,False,,
Eurostat,MT,MLT,2002,2018,CP04,Housing & utilities (incl. imputed rent),354.7,3213.7,11.037122320067212,26.875563991660705,7.7854186762921245,11.0,0.0371223200672119,,False,False,,
Eurostat,MT,MLT,2003,2018,CP01,Food & non-alcoholic beverages,535.2,3408.8,15.700539779394507,26.69854494250176,,15.7,0.0005397793945096,,False,False,,
Eurostat,MT,MLT,2003,2018,CP04,Housing & utilities (incl. imputed rent),374.9,3408.8,10.998005163107251,26.69854494250176,7.715325041070171,11.0,-0.0019948368927487,,False,False,,
Eurostat,MT,MLT,2004,2018,CP01,Food & non-alcoholic beverages,543.6,3522.2,15.4335358582704,25.8418034183181,,15.4,0.0335358582703992,,False,False,,
Eurostat,MT,MLT,2004,2018,CP04,Housing & utilities (incl. imputed rent),366.6,3522.2,10.4082675600477,25.8418034183181,7.478280620067003,10.4,0.0082675600476989,,False,False,,
Eurostat,MT,MLT,2005,2018,CP01,Food & non-alcoholic beverages,560.2,3724.0,15.042964554242753,25.40816326530612,,15.0,0.0429645542427525,,False,False,,
Eurostat,MT,MLT,2005,2018,CP04,Housing & utilities (incl. imputed rent),386.0,3724.0,10.365198711063371,25.40816326530612,7.23952738990333,10.4,-0.0348012889366273,,False,False,,
Eurostat,MT,MLT,2006,2018,CP01,Food & non-alcoholic beverages,593.8,3848.2,15.430590925627566,26.194064757548983,,15.4,0.0305909256275658,,False,False,,
Eurostat,MT,MLT,2006,2018,CP04,Housing & utilities (incl. imputed rent),414.2,3848.2,10.763473831921418,26.194064757548983,7.387869653344421,10.8,-0.0365261680785824,,False,False,,
Eurostat,MT,MLT,2007,2018,CP01,Food & non-alcoholic beverages,635.6,4083.0,15.566985060004898,26.17438158216997,,15.6,-0.0330149399951018,,False,False,,
Eurostat,MT,MLT,2007,2018,CP04,Housing & utilities (incl. imputed rent),433.1,4083.0,10.607396522165075,26.17438158216997,7.308351702179769,10.6,0.0073965221650755,,False,False,,
Eurostat,MT,MLT,2008,2018,CP01,Food & non-alcoholic beverages,672.1,4261.7,15.770701832602011,27.21449186944177,,15.8,-0.0292981673979877,,False,False,,
Eurostat,MT,MLT,2008,2018,CP04,Housing & utilities (incl. imputed rent),487.7,4261.7,11.443790036839758,27.21449186944177,7.367951756341366,11.4,0.0437900368397574,,False,False,,
Eurostat,MT,MLT,2009,2018,CP01,Food & non-alcoholic beverages,668.2,4188.6,15.9528243327126,29.437043403523848,,16.0,-0.0471756672873997,,False,False,,
Eurostat,MT,MLT,2009,2018,CP04,Housing & utilities (incl. imputed rent),564.8,4188.6,13.484219070811248,29.437043403523848,9.143866685766126,13.5,-0.015780929188752,,False,False,,
Eurostat,MT,MLT,2010,2018,CP01,Food & non-alcoholic beverages,687.3,4514.0,15.225963668586616,28.77935312361541,,15.2,0.025963668586618,,False,False,,
Eurostat,MT,MLT,2010,2018,CP04,Housing & utilities (incl. imputed rent),611.8,4514.0,13.553389455028796,28.77935312361541,8.761630482941959,13.6,-0.0466105449712035,,False,False,,
Eurostat,MT,MLT,2011,2018,CP01,Food & non-alcoholic beverages,731.4,4853.7,15.068916496693245,28.091971073613948,,15.1,-0.0310835033067551,,False,False,,
Eurostat,MT,MLT,2011,2018,CP04,Housing & utilities (incl. imputed rent),632.1,4853.7,13.0230545769207,28.091971073613948,8.331788120402992,13.0,0.0230545769206997,,False,False,,
Eurostat,MT,MLT,2012,2018,CP01,Food & non-alcoholic beverages,748.9,5065.5,14.784325338071266,27.975520679103735,,14.8,-0.0156746619287346,,False,False,,
Eurostat,MT,MLT,2012,2018,CP04,Housing & utilities (incl. imputed rent),668.2,5065.5,13.191195341032474,27.975520679103735,8.319020827164149,13.2,-0.0088046589675254,,False,False,,
Eurostat,MT,MLT,2013,2018,CP01,Food & non-alcoholic beverages,782.8,5306.9,14.7506076994102,27.60745444609848,,14.8,-0.0493923005897993,,False,False,,
Eurostat,MT,MLT,2013,2018,CP04,Housing & utilities (incl. imputed rent),682.3,5306.9,12.856846746688277,27.60745444609848,7.927415251841942,12.9,-0.0431532533117255,,False,False,,
Eurostat,MT,MLT,2014,2018,CP01,Food & non-alcoholic beverages,813.7,5551.3,14.657827896168463,27.2638841352476,,14.7,-0.0421721038315343,,False,False,,
Eurostat,MT,MLT,2014,2018,CP04,Housing & utilities (incl. imputed rent),699.8,5551.3,12.606056239079134,27.2638841352476,7.7855637418262384,12.6,0.0060562390791343,,False,False,,
Eurostat,MT,MLT,2015,2018,CP01,Food & non-alcoholic beverages,828.3,5847.9,14.164058892935929,27.17214726654013,,14.2,-0.0359411070640725,,False,False,,
Eurostat,MT,MLT,2015,2018,CP04,Housing & utilities (incl. imputed rent),760.7,5847.9,13.0080883736042,27.17214726654013,7.915662032524497,13.0,0.0080883736042007,,False,False,,
Eurostat,MT,MLT,2016,2018,CP01,Food & non-alcoholic beverages,831.3,6046.7,13.747994774008962,27.63656209171945,,13.7,0.0479947740089627,,False,False,,
Eurostat,MT,MLT,2016,2018,CP04,Housing & utilities (incl. imputed rent),839.8,6046.7,13.888567317710487,27.63656209171945,8.43600641672317,13.9,-0.0114326822895129,,False,False,,
Eurostat,MT,MLT,2017,2018,CP01,Food & non-alcoholic beverages,869.8,6602.9,13.17299974253737,27.83322479516576,,13.2,-0.02700025746263,,False,False,,
Eurostat,MT,MLT,2017,2018,CP04,Housing & utilities (incl. imputed rent),968.0,6602.9,14.660225052628393,27.83322479516576,8.556846234230415,14.7,-0.0397749473716064,,False,False,,
Eurostat,MT,MLT,2018,2018,CP01,Food & non-alcoholic beverages,896.3,7237.9,12.383426131889085,26.2907749485348,,12.4,-0.0165738681109157,,False,False,,
Eurostat,MT,MLT,2018,2018,CP04,Housing & utilities (incl. imputed rent),1006.6,7237.9,13.907348816645712,26.2907749485348,7.43033200237638,13.9,0.0073488166457114,,False,False,,
Eurostat,MT,MLT,2019,2018,CP01,Food & non-alcoholic beverages,919.4,7792.3,11.798827047213274,26.356788111340684,,11.8,-0.0011729527867263,,False,False,,
Eurostat,MT,MLT,2019,2018,CP04,Housing & utilities (incl. imputed rent),1134.4,7792.3,14.557961064127408,26.356788111340684,7.23663103319944,14.6,-0.0420389358725916,,False,False,,
Eurostat,MT,MLT,2020,2018,CP01,Food & non-alcoholic beverages,950.5,6136.6,15.489033015024606,33.611446077632564,,15.5,-0.0109669849753935,,False,False,,
Eurostat,MT,MLT,2020,2018,CP04,Housing & utilities (incl. imputed rent),1112.1,6136.6,18.122413062607954,33.611446077632564,9.725255027213766,18.1,0.0224130626079528,,False,False,,
Eurostat,MT,MLT,2021,2018,CP01,Food & non-alcoholic beverages,991.4,7023.2,14.11607244560884,32.10502335117895,,14.1,0.0160724456088399,,False,False,,
Eurostat,MT,MLT,2021,2018,CP04,Housing & utilities (incl. imputed rent),1263.4,7023.2,17.98895090557011,32.10502335117895,8.644207768538559,18.0,-0.0110490944298895,,False,False,,
Eurostat,MT,MLT,2022,2018,CP01,Food & non-alcoholic beverages,1142.4,8755.4,13.047947552367685,28.74797267971766,,13.0,0.0479475523676828,,False,False,,
Eurostat,MT,MLT,2022,2018,CP04,Housing & utilities (incl. imputed rent),1374.6,8755.4,15.700025127349978,28.74797267971766,7.137309546108687,15.7,2.51273499785043e-05,,False,False,,
Eurostat,MT,MLT,2023,2018,CP01,Food & non-alcoholic beverages,1298.9,10772.6,12.057442028850977,26.90808161446633,,12.1,-0.0425579711490247,,False,False,,
Eurostat,MT,MLT,2023,2018,CP04,Housing & utilities (incl. imputed rent),1599.8,10772.6,14.850639585615358,26.90808161446633,6.708686853684348,14.9,-0.0493604143846422,,False,False,,
Eurostat,MT,MLT,2024,2018,CP01,Food & non-alcoholic beverages,1396.1,12053.8,11.58223962567821,26.564237004098292,,11.6,-0.0177603743217904,,False,False,,
Eurostat,MT,MLT,2024,2018,CP04,Housing & utilities (incl. imputed rent),1805.9,12053.8,14.981997378420084,26.564237004098292,6.745590602133768,15.0,-0.0180026215799156,,False,False,,
Eurostat,MT,MLT,2025,2018,CP01,Food & non-alcoholic beverages,1494.7,12915.1,11.57327469396288,26.60761434290094,,11.6,-0.0267253060371199,,False,False,,
Eurostat,MT,MLT,2025,2018,CP04,Housing & utilities (incl. imputed rent),1941.7,12915.1,15.034339648938063,26.60761434290094,6.414197334902555,15.0,0.0343396489380634,,False,False,,
Eurostat,ME,MNE,1995,2018,CP01,Food & non-alcoholic beverages,,,,,,,,,False,False,6.29,Older (COICOP 1999) and current (COICOP 2018) figures for this country differ by up to 6.3 points (gap measured up to 2022).
Eurostat,ME,MNE,1995,2018,CP04,Housing & utilities (incl. imputed rent),,,,,,,,,False,False,,
Eurostat,ME,MNE,1996,2018,CP01,Food & non-alcoholic beverages,,,,,,,,,False,False,6.29,Older (COICOP 1999) and current (COICOP 2018) figures for this country differ by up to 6.3 points (gap measured up to 2022).
Eurostat,ME,MNE,1996,2018,CP04,Housing & utilities (incl. imputed rent),,,,,,,,,False,False,,
Eurostat,ME,MNE,1997,2018,CP01,Food & non-alcoholic beverages,,,,,,,,,False,False,6.29,Older (COICOP 1999) and current (COICOP 2018) figures for this country differ by up to 6.3 points (gap measured up to 2022).
Eurostat,ME,MNE,1997,2018,CP04,Housing & utilities (incl. imputed rent),,,,,,,,,False,False,,
Eurostat,ME,MNE,1998,2018,CP01,Food & non-alcoholic beverages,,,,,,,,,False,False,6.29,Older (COICOP 1999) and current (COICOP 2018) figures for this country differ by up to 6.3 points (gap measured up to 2022).
Eurostat,ME,MNE,1998,2018,CP04,Housing & utilities (incl. imputed rent),,,,,,,,,False,False,,
Eurostat,ME,MNE,1999,2018,CP01,Food & non-alcoholic beverages,,,,,,,,,False,False,6.29,Older (COICOP 1999) and current (COICOP 2018) figures for this country differ by up to 6.3 points (gap measured up to 2022).
Eurostat,ME,MNE,1999,2018,CP04,Housing & utilities (incl. imputed rent),,,,,,,,,False,False,,
Eurostat,ME,MNE,2000,2018,CP01,Food & non-alcoholic beverages,,,,,,,,,False,False,6.29,Older (COICOP 1999) and current (COICOP 2018) figures for this country differ by up to 6.3 points (gap measured up to 2022).
Eurostat,ME,MNE,2000,2018,CP04,Housing & utilities (incl. imputed rent),,,,,,,,,False,False,,
Eurostat,ME,MNE,2001,2018,CP01,Food & non-alcoholic beverages,,,,,,,,,False,False,6.29,Older (COICOP 1999) and current (COICOP 2018) figures for this country differ by up to 6.3 points (gap measured up to 2022).
Eurostat,ME,MNE,2001,2018,CP04,Housing & utilities (incl. imputed rent),,,,,,,,,False,False,,
Eurostat,ME,MNE,2002,2018,CP01,Food & non-alcoholic beverages,,,,,,,,,False,False,6.29,Older (COICOP 1999) and current (COICOP 2018) figures for this country differ by up to 6.3 points (gap measured up to 2022).
Eurostat,ME,MNE,2002,2018,CP04,Housing & utilities (incl. imputed rent),,,,,,,,,False,False,,
Eurostat,ME,MNE,2003,2018,CP01,Food & non-alcoholic beverages,,,,,,,,,False,False,6.29,Older (COICOP 1999) and current (COICOP 2018) figures for this country differ by up to 6.3 points (gap measured up to 2022).
Eurostat,ME,MNE,2003,2018,CP04,Housing & utilities (incl. imputed rent),,,,,,,,,False,False,,
Eurostat,ME,MNE,2004,2018,CP01,Food & non-alcoholic beverages,,,,,,,,,False,False,6.29,Older (COICOP 1999) and current (COICOP 2018) figures for this country differ by up to 6.3 points (gap measured up to 2022).
Eurostat,ME,MNE,2004,2018,CP04,Housing & utilities (incl. imputed rent),,,,,,,,,False,False,,
Eurostat,ME,MNE,2005,2018,CP01,Food & non-alcoholic beverages,,,,,,,,,False,False,6.29,Older (COICOP 1999) and current (COICOP 2018) figures for this country differ by up to 6.3 points (gap measured up to 2022).
Eurostat,ME,MNE,2005,2018,CP04,Housing & utilities (incl. imputed rent),,,,,,,,,False,False,,
Eurostat,ME,MNE,2006,2018,CP01,Food & non-alcoholic beverages,518.8,2278.4,22.77036516853932,36.30179073033708,,22.8,-0.0296348314606795,,False,False,6.29,Older (COICOP 1999) and current (COICOP 2018) figures for this country differ by up to 6.3 points (gap measured up to 2022).
Eurostat,ME,MNE,2006,2018,CP04,Housing & utilities (incl. imputed rent),308.3,2278.4,13.531425561797752,36.30179073033708,8.097787921348313,13.5,0.0314255617977519,,False,False,,
Eurostat,ME,MNE,2007,2018,CP01,Food & non-alcoholic beverages,601.1,2792.4,21.526285632430884,33.37630711932388,,21.5,0.0262856324308842,,False,False,6.29,Older (COICOP 1999) and current (COICOP 2018) figures for this country differ by up to 6.3 points (gap measured up to 2022).
Eurostat,ME,MNE,2007,2018,CP04,Housing & utilities (incl. imputed rent),330.9,2792.4,11.850021486892992,33.37630711932388,6.574989256553502,11.8,0.0500214868929926,,False,False,,
Eurostat,ME,MNE,2008,2018,CP01,Food & non-alcoholic beverages,820.4,3284.3,24.979447675303717,36.07465822245227,,25.0,-0.0205523246962862,,False,False,6.29,Older (COICOP 1999) and current (COICOP 2018) figures for this country differ by up to 6.3 points (gap measured up to 2022).
Eurostat,ME,MNE,2008,2018,CP04,Housing & utilities (incl. imputed rent),364.4,3284.3,11.095210547148554,36.07465822245227,5.718113448832324,11.1,-0.0047894528514458,,False,False,,
Eurostat,ME,MNE,2009,2018,CP01,Food & non-alcoholic beverages,790.6,2924.8,27.030908096280086,40.40276258205689,,27.0,0.0309080962800862,,False,False,6.29,Older (COICOP 1999) and current (COICOP 2018) figures for this country differ by up to 6.3 points (gap measured up to 2022).
Eurostat,ME,MNE,2009,2018,CP04,Housing & utilities (incl. imputed rent),391.1,2924.8,13.371854485776804,40.40276258205689,6.5884846827133465,13.4,-0.0281455142231958,,False,False,,
Eurostat,ME,MNE,2010,2018,CP01,Food & non-alcoholic beverages,797.2,3029.0,26.31891713436778,39.76229778804886,,26.3,0.0189171343677791,,False,False,6.29,Older (COICOP 1999) and current (COICOP 2018) figures for this country differ by up to 6.3 points (gap measured up to 2022).
Eurostat,ME,MNE,2010,2018,CP04,Housing & utilities (incl. imputed rent),407.2,3029.0,13.443380653681084,39.76229778804886,6.05480356553318,13.4,0.0433806536810834,,False,False,,
Eurostat,ME,MNE,2011,2018,CP01,Food & non-alcoholic beverages,804.0,3193.2,25.178504321683583,38.51935362645622,,25.2,-0.0214956783164161,,False,False,6.29,Older (COICOP 1999) and current (COICOP 2018) figures for this country differ by up to 6.3 points (gap measured up to 2022).
Eurostat,ME,MNE,2011,2018,CP04,Housing & utilities (incl. imputed rent),426.0,3193.2,13.340849304772645,38.51935362645622,6.363522485281223,13.3,0.0408493047726423,,False,False,,
Eurostat,ME,MNE,2012,2018,CP01,Food & non-alcoholic beverages,762.9,3202.0,23.825733916302312,37.68582136164897,,23.8,0.0257339163023111,,False,False,6.29,Older (COICOP 1999) and current (COICOP 2018) figures for this country differ by up to 6.3 points (gap measured up to 2022).
Eurostat,ME,MNE,2012,2018,CP04,Housing & utilities (incl. imputed rent),443.8,3202.0,13.860087445346656,37.68582136164897,6.542785758900688,13.9,-0.0399125546533429,,False,False,,
Eurostat,ME,MNE,2013,2018,CP01,Food & non-alcoholic beverages,786.7,3300.5,23.83578245720345,37.82457203454023,,23.8,0.035782457203453,,False,False,6.29,Older (COICOP 1999) and current (COICOP 2018) figures for this country differ by up to 6.3 points (gap measured up to 2022).
Eurostat,ME,MNE,2013,2018,CP04,Housing & utilities (incl. imputed rent),461.7,3300.5,13.988789577336766,37.82457203454023,6.583850931677018,14.0,-0.0112104226632343,,False,False,,
Eurostat,ME,MNE,2014,2018,CP01,Food & non-alcoholic beverages,780.4,3373.9,23.130501793177032,37.5589080885622,,23.1,0.0305017931770308,,False,False,6.29,Older (COICOP 1999) and current (COICOP 2018) figures for this country differ by up to 6.3 points (gap measured up to 2022).
Eurostat,ME,MNE,2014,2018,CP04,Housing & utilities (incl. imputed rent),486.8,3373.9,14.428406295385162,37.5589080885622,6.879279172471027,14.4,0.028406295385162,,False,False,,
Eurostat,ME,MNE,2015,2018,CP01,Food & non-alcoholic beverages,831.0,3570.3,23.275355012183848,37.29658572108786,,23.3,-0.0246449878161527,,False,False,6.29,Older (COICOP 1999) and current (COICOP 2018) figures for this country differ by up to 6.3 points (gap measured up to 2022).
Eurostat,ME,MNE,2015,2018,CP04,Housing & utilities (incl. imputed rent),500.6,3570.3,14.021230708904014,37.29658572108786,6.934991457300506,14.0,0.0212307089040137,,False,False,,
Eurostat,ME,MNE,2016,2018,CP01,Food & non-alcoholic beverages,855.6,3757.2,22.77227722772277,36.2370914510806,,22.8,-0.0277227722772259,,False,False,6.29,Older (COICOP 1999) and current (COICOP 2018) figures for this country differ by up to 6.3 points (gap measured up to 2022).
Eurostat,ME,MNE,2016,2018,CP04,Housing & utilities (incl. imputed rent),505.9,3757.2,13.464814223357822,36.2370914510806,6.765676567656766,13.5,-0.0351857766421783,,False,False,,
Eurostat,ME,MNE,2017,2018,CP01,Food & non-alcoholic beverages,921.9,4036.4,22.83965910217025,35.648102269348925,,22.8,0.0396591021702477,,False,False,6.29,Older (COICOP 1999) and current (COICOP 2018) figures for this country differ by up to 6.3 points (gap measured up to 2022).
Eurostat,ME,MNE,2017,2018,CP04,Housing & utilities (incl. imputed rent),517.0,4036.4,12.808443167178671,35.648102269348925,6.354672480428104,12.8,0.0084431671786724,,False,False,,
Eurostat,ME,MNE,2018,2018,CP01,Food & non-alcoholic beverages,910.0,4267.9,21.32196162046909,33.693385505752246,,21.3,0.0219616204690851,,False,False,6.29,Older (COICOP 1999) and current (COICOP 2018) figures for this country differ by up to 6.3 points (gap measured up to 2022).
Eurostat,ME,MNE,2018,2018,CP04,Housing & utilities (incl. imputed rent),528.0,4267.9,12.37142388528316,33.693385505752246,6.106047470653016,12.4,-0.0285761147168397,,False,False,,
Eurostat,ME,MNE,2019,2018,CP01,Food & non-alcoholic beverages,914.5,4489.4,20.37020537265559,32.38740143449014,,20.4,-0.0297946273444082,,False,False,6.29,Older (COICOP 1999) and current (COICOP 2018) figures for this country differ by up to 6.3 points (gap measured up to 2022).
Eurostat,ME,MNE,2019,2018,CP04,Housing & utilities (incl. imputed rent),539.5,4489.4,12.017196061834545,32.38740143449014,5.96293491335145,12.0,0.0171960618345448,,False,False,,
Eurostat,ME,MNE,2020,2018,CP01,Food & non-alcoholic beverages,978.8,3439.2,28.460107001628288,44.74005582693649,,28.5,-0.0398929983717124,,False,False,6.29,Older (COICOP 1999) and current (COICOP 2018) figures for this country differ by up to 6.3 points (gap measured up to 2022).
Eurostat,ME,MNE,2020,2018,CP04,Housing & utilities (incl. imputed rent),559.9,3439.2,16.27994882530821,44.74005582693649,8.22865782740172,16.3,-0.0200511746917904,,False,False,,
Eurostat,ME,MNE,2021,2018,CP01,Food & non-alcoholic beverages,1001.2,4297.7,23.29618167857226,36.83830886288015,,23.3,-0.0038183214277403,,False,False,6.29,Older (COICOP 1999) and current (COICOP 2018) figures for this country differ by up to 6.3 points (gap measured up to 2022).
Eurostat,ME,MNE,2021,2018,CP04,Housing & utilities (incl. imputed rent),582.0,4297.7,13.542127184307889,36.83830886288015,6.51976638667194,13.5,0.0421271843078869,,False,False,,
Eurostat,ME,MNE,2022,2018,CP01,Food & non-alcoholic beverages,1308.8,5500.6,23.79376795258699,34.77075228156928,,23.8,-0.006232047413011,,False,False,6.29,Older (COICOP 1999) and current (COICOP 2018) figures for this country differ by up to 6.3 points (gap measured up to 2022).
Eurostat,ME,MNE,2022,2018,CP04,Housing & utilities (incl. imputed rent),603.8,5500.6,10.97698432898229,34.77075228156928,5.479402247027596,11.0,-0.0230156710177098,,False,False,,
Eurostat,ME,MNE,2023,2018,CP01,Food & non-alcoholic beverages,1487.2,6642.4,22.38949777188968,33.28917258822112,,22.4,-0.0105022281103188,,False,False,6.29,Older (COICOP 1999) and current (COICOP 2018) figures for this country differ by up to 6.3 points (gap measured up to 2022).
Eurostat,ME,MNE,2023,2018,CP04,Housing & utilities (incl. imputed rent),724.0,6642.4,10.899674816331448,33.28917258822112,5.922558111525954,10.9,-0.0003251836685524,,False,False,,
Eurostat,ME,MNE,2024,2018,CP01,Food & non-alcoholic beverages,1666.7,7302.6,22.82337797496782,33.71812779010215,,22.8,0.0233779749678184,,False,False,6.29,Older (COICOP 1999) and current (COICOP 2018) figures for this country differ by up to 6.3 points (gap measured up to 2022).
Eurostat,ME,MNE,2024,2018,CP04,Housing & utilities (incl. imputed rent),795.6,7302.6,10.894749815134336,33.71812779010215,5.921178758250486,10.9,-0.0052501848656643,,False,False,,
Eurostat,ME,MNE,2025,2018,CP01,Food & non-alcoholic beverages,,,,,,,,,False,False,6.29,Older (COICOP 1999) and current (COICOP 2018) figures for this country differ by up to 6.3 points (gap measured up to 2022).
Eurostat,ME,MNE,2025,2018,CP04,Housing & utilities (incl. imputed rent),,,,,,,,,False,False,,
Eurostat,NL,NLD,1995,2018,CP01,Food & non-alcoholic beverages,18700.0,157276.0,11.8899259899794,31.82812380782828,,11.9,-0.0100740100206007,,False,False,,
Eurostat,NL,NLD,1995,2018,CP04,Housing & utilities (incl. imputed rent),31358.0,157276.0,19.93819781784888,31.82812380782828,8.745135939367737,19.9,0.0381978178488786,,False,False,,
Eurostat,NL,NLD,1996,2018,CP01,Food & non-alcoholic beverages,19504.0,167130.0,11.669957518099682,31.98468258242087,,11.7,-0.0300424819003168,,False,False,,
Eurostat,NL,NLD,1996,2018,CP04,Housing & utilities (incl. imputed rent),33952.0,167130.0,20.314725064321188,31.98468258242087,8.873332136660085,20.3,0.0147250643211869,,False,False,,
Eurostat,NL,NLD,1997,2018,CP01,Food & non-alcoholic beverages,20506.0,178416.0,11.4933638238723,31.293718052192627,,11.5,-0.0066361761277011,,False,False,,
Eurostat,NL,NLD,1997,2018,CP04,Housing & utilities (incl. imputed rent),35327.0,178416.0,19.80035422832033,31.293718052192627,8.985180701282395,19.8,0.0003542283203294,,False,False,,
Eurostat,NL,NLD,1998,2018,CP01,Food & non-alcoholic beverages,21339.0,191555.0,11.139881496176034,30.511341390201245,,11.1,0.0398814961760347,,False,False,,
Eurostat,NL,NLD,1998,2018,CP04,Housing & utilities (incl. imputed rent),37107.0,191555.0,19.37145989402521,30.511341390201245,9.003158361828195,19.4,-0.028540105974784,,False,False,,
Eurostat,NL,NLD,1999,2018,CP01,Food & non-alcoholic beverages,22206.0,206542.0,10.75132418587987,29.589623417997306,,10.8,-0.0486758141201306,,False,False,,
Eurostat,NL,NLD,1999,2018,CP04,Housing & utilities (incl. imputed rent),38909.0,206542.0,18.83829923211744,29.589623417997306,8.95750016945706,18.8,0.0382992321174384,,False,False,,
Eurostat,NL,NLD,2000,2018,CP01,Food & non-alcoholic beverages,23036.0,219527.0,10.49347005151986,29.345820787420223,,10.5,-0.0065299484801411,,False,False,,
Eurostat,NL,NLD,2000,2018,CP04,Housing & utilities (incl. imputed rent),41386.0,219527.0,18.85235073590037,29.345820787420223,8.992515726994856,18.9,-0.0476492640996326,,False,False,,
Eurostat,NL,NLD,2001,2018,CP01,Food & non-alcoholic beverages,24631.0,231596.0,10.635330489300332,29.9953367070243,,10.6,0.0353304893003336,,False,False,,
Eurostat,NL,NLD,2001,2018,CP04,Housing & utilities (incl. imputed rent),44837.0,231596.0,19.360006217723967,29.9953367070243,8.93193319401026,19.4,-0.0399937822760314,,False,False,,
Eurostat,NL,NLD,2002,2018,CP01,Food & non-alcoholic beverages,25467.0,242591.0,10.497916245862378,29.75048538486589,,10.5,-0.0020837541376224,,False,False,,
Eurostat,NL,NLD,2002,2018,CP04,Housing & utilities (incl. imputed rent),46705.0,242591.0,19.25256913900351,29.75048538486589,9.00816600780738,19.3,-0.0474308609964921,,False,False,,
Eurostat,NL,NLD,2003,2018,CP01,Food & non-alcoholic beverages,25885.0,248436.0,10.419182405126472,30.312837108953616,,10.4,0.0191824051264717,,False,False,,
Eurostat,NL,NLD,2003,2018,CP04,Housing & utilities (incl. imputed rent),49423.0,248436.0,19.893654703827146,30.312837108953616,9.33318842679805,19.9,-0.0063452961728565,,False,False,,
Eurostat,NL,NLD,2004,2018,CP01,Food & non-alcoholic beverages,25976.0,254255.0,10.21651491612751,30.65544433737783,,10.2,0.0165149161275106,,False,False,,
Eurostat,NL,NLD,2004,2018,CP04,Housing & utilities (incl. imputed rent),51967.0,254255.0,20.43892942125032,30.65544433737783,9.71740968712513,20.4,0.038929421250323,,False,False,,
Eurostat,NL,NLD,2005,2018,CP01,Food & non-alcoholic beverages,25871.0,261271.0,9.90197917105228,30.99119305242449,,9.9,0.0019791710522785,,False,False,,
Eurostat,NL,NLD,2005,2018,CP04,Housing & utilities (incl. imputed rent),55100.0,261271.0,21.089213881372217,30.99119305242449,10.04742202540657,21.1,-0.0107861186277844,,False,False,,
Eurostat,NL,NLD,2006,2018,CP01,Food & non-alcoholic beverages,27002.0,268035.0,10.074057492491653,31.48357490626224,,10.1,-0.025942507508347,,False,False,,
Eurostat,NL,NLD,2006,2018,CP04,Housing & utilities (incl. imputed rent),57385.0,268035.0,21.40951741377059,31.48357490626224,10.284850859029603,21.4,0.0095174137705917,,False,False,,
Eurostat,NL,NLD,2007,2018,CP01,Food & non-alcoholic beverages,28046.0,279073.0,10.049700257638683,31.097239790305764,,10.0,0.0497002576386833,,False,False,,
Eurostat,NL,NLD,2007,2018,CP04,Housing & utilities (incl. imputed rent),58738.0,279073.0,21.04753953266708,31.097239790305764,10.325972057490334,21.0,0.0475395326670806,,False,False,,
Eurostat,NL,NLD,2008,2018,CP01,Food & non-alcoholic beverages,29604.0,287334.0,10.302992336444696,31.94540151878998,,10.3,0.002992336444695,,False,False,,
Eurostat,NL,NLD,2008,2018,CP04,Housing & utilities (incl. imputed rent),62186.0,287334.0,21.64240918234529,31.94540151878998,10.45542817766084,21.6,0.0424091823452847,,False,False,,
Eurostat,NL,NLD,2009,2018,CP01,Food & non-alcoholic beverages,29875.0,277899.0,10.750308565342085,33.67122587702727,,10.8,-0.049691434657916,,False,False,,
Eurostat,NL,NLD,2009,2018,CP04,Housing & utilities (incl. imputed rent),63697.0,277899.0,22.92091731168518,33.67122587702727,11.19579415543057,22.9,0.0209173116851815,,False,False,,
Eurostat,NL,NLD,2010,2018,CP01,Food & non-alcoholic beverages,30475.0,283377.0,10.754224937097929,34.11780066836758,,10.8,-0.0457750629020718,,False,False,,
Eurostat,NL,NLD,2010,2018,CP04,Housing & utilities (incl. imputed rent),66207.0,283377.0,23.36357573126965,34.11780066836758,11.518930611870406,23.4,-0.0364242687303466,,False,False,,
Eurostat,NL,NLD,2011,2018,CP01,Food & non-alcoholic beverages,31575.0,292498.0,10.794945606465683,33.64091378402587,,10.8,-0.0050543935343156,,False,False,,
Eurostat,NL,NLD,2011,2018,CP04,Housing & utilities (incl. imputed rent),66824.0,292498.0,22.845968177560188,33.64091378402587,11.325889407790822,22.8,0.0459681775601872,,False,False,,
Eurostat,NL,NLD,2012,2018,CP01,Food & non-alcoholic beverages,32790.0,292795.0,11.198961730903877,34.93365665397292,,11.2,-0.0010382690961243,,False,False,,
Eurostat,NL,NLD,2012,2018,CP04,Housing & utilities (incl. imputed rent),69494.0,292795.0,23.734694923069043,34.93365665397292,11.71707167130586,23.7,0.0346949230690434,,False,False,,
Eurostat,NL,NLD,2013,2018,CP01,Food & non-alcoholic beverages,33377.0,297330.0,11.22557427773854,35.507348737093466,,11.2,0.0255742777385403,,False,False,,
Eurostat,NL,NLD,2013,2018,CP04,Housing & utilities (incl. imputed rent),72197.0,297330.0,24.281774459354928,35.507348737093466,12.069754145225843,24.3,-0.0182255406450728,,False,False,,
Eurostat,NL,NLD,2014,2018,CP01,Food & non-alcoholic beverages,33660.0,302380.0,11.131688603743632,35.33699318738012,,11.1,0.0316886037436336,,False,False,,
Eurostat,NL,NLD,2014,2018,CP04,Housing & utilities (incl. imputed rent),73192.0,302380.0,24.205304583636483,35.33699318738012,12.485944837621537,24.2,0.0053045836364837,,False,False,,
Eurostat,NL,NLD,2015,2018,CP01,Food & non-alcoholic beverages,34744.0,310085.0,11.204669687343792,35.498976087201896,,11.2,0.0046696873437941,,False,False,,
Eurostat,NL,NLD,2015,2018,CP04,Housing & utilities (incl. imputed rent),75333.0,310085.0,24.294306399858105,35.498976087201896,12.639437573568538,24.3,-0.0056936001418961,,False,False,,
Eurostat,NL,NLD,2016,2018,CP01,Food & non-alcoholic beverages,35411.0,317458.0,11.154546428188926,35.1980419457062,,11.2,-0.0454535718110733,,False,False,,
Eurostat,NL,NLD,2016,2018,CP04,Housing & utilities (incl. imputed rent),76328.0,317458.0,24.04349551751728,35.1980419457062,12.623717153135216,24.0,0.0434955175172788,,False,False,,
Eurostat,NL,NLD,2017,2018,CP01,Food & non-alcoholic beverages,36867.0,331686.0,11.1150304806353,34.49467267234674,,11.1,0.0150304806352998,,False,False,,
Eurostat,NL,NLD,2017,2018,CP04,Housing & utilities (incl. imputed rent),77547.0,331686.0,23.37964219171144,34.49467267234674,12.302599446464429,23.4,-0.0203578082885584,,False,False,,
Eurostat,NL,NLD,2018,2018,CP01,Food & non-alcoholic beverages,37799.0,347740.0,10.869902800943231,34.180709725657096,,10.9,-0.0300971990567671,,False,False,,
Eurostat,NL,NLD,2018,2018,CP04,Housing & utilities (incl. imputed rent),81061.0,347740.0,23.310806924713862,34.180709725657096,12.26606085006039,23.3,0.0108069247138651,,False,False,,
Eurostat,NL,NLD,2019,2018,CP01,Food & non-alcoholic beverages,39602.0,360976.0,10.970812463986524,34.304773724568946,,11.0,-0.0291875360134756,,False,False,,
Eurostat,NL,NLD,2019,2018,CP04,Housing & utilities (incl. imputed rent),84230.0,360976.0,23.33396126058242,34.304773724568946,12.352621780949423,23.3,0.0339612605824193,,False,False,,
Eurostat,NL,NLD,2020,2018,CP01,Food & non-alcoholic beverages,44028.0,347458.0,12.671459572092166,38.00085190152479,,12.7,-0.0285404279078331,,False,False,,
Eurostat,NL,NLD,2020,2018,CP04,Housing & utilities (incl. imputed rent),88009.0,347458.0,25.329392329432626,38.00085190152479,13.397302695577595,25.3,0.0293923294326212,,False,False,,
Eurostat,NL,NLD,2021,2018,CP01,Food & non-alcoholic beverages,45062.0,376093.0,11.98161093133879,36.38089515093341,,12.0,-0.0183890686612091,,False,False,,
Eurostat,NL,NLD,2021,2018,CP04,Housing & utilities (incl. imputed rent),91764.0,376093.0,24.399284219594623,36.38089515093341,12.721321588011476,24.4,-0.0007157804053754,,False,False,,
Eurostat,NL,NLD,2022,2018,CP01,Food & non-alcoholic beverages,49307.0,427768.0,11.526575152886611,34.43128050719081,,11.5,0.0265751528866111,,False,False,,
Eurostat,NL,NLD,2022,2018,CP04,Housing & utilities (incl. imputed rent),97979.0,427768.0,22.9047053543042,34.43128050719081,11.5899272502852,22.9,0.0047053543042032,,False,False,,
Eurostat,NL,NLD,2023,2018,CP01,Food & non-alcoholic beverages,53143.0,461936.0,11.50440753697482,33.51676422707908,,11.5,0.0044075369748188,,False,False,,
Eurostat,NL,NLD,2023,2018,CP04,Housing & utilities (incl. imputed rent),101683.0,461936.0,22.01235669010425,33.51676422707908,11.16561601607149,22.0,0.0123566901042551,,False,False,,
Eurostat,NL,NLD,2024,2018,CP01,Food & non-alcoholic beverages,54975.0,477184.0,11.520713184012877,33.56755465396996,,11.5,0.0207131840128749,,False,False,,
Eurostat,NL,NLD,2024,2018,CP04,Housing & utilities (incl. imputed rent),105204.0,477184.0,22.046841469957084,33.56755465396996,11.392251207081545,22.0,0.0468414699570836,,False,False,,
Eurostat,NL,NLD,2025,2018,CP01,Food & non-alcoholic beverages,58742.0,494572.0,11.877340407463423,34.12789239989324,,11.9,-0.0226595925365771,p,False,False,,
Eurostat,NL,NLD,2025,2018,CP04,Housing & utilities (incl. imputed rent),110045.0,494572.0,22.250551992429816,34.12789239989324,11.63248222705693,22.3,-0.0494480075701844,p,False,False,,
Eurostat,NO,NOR,1975,1999,CP01,Food & non-alcoholic beverages,17516.0,81881.0,21.39202012676934,41.52855973913362,,21.4,-0.0079798732306599,,False,False,,
Eurostat,NO,NOR,1975,1999,CP04,Housing & utilities (incl. imputed rent),16488.0,81881.0,20.136539612364285,41.52855973913362,13.675944358276034,20.1,0.0365396123642831,,False,False,,
Eurostat,NO,NOR,1976,1999,CP01,Food & non-alcoholic beverages,19386.0,94118.0,20.5975477591959,40.54378546080452,,20.6,-0.0024522408041001,,False,False,,
Eurostat,NO,NOR,1976,1999,CP04,Housing & utilities (incl. imputed rent),18773.0,94118.0,19.94623770160862,40.54378546080452,13.40763722136042,19.9,0.0462377016086215,,False,False,,
Eurostat,NO,NOR,1977,1999,CP01,Food & non-alcoholic beverages,21735.0,108525.0,20.027643400138217,39.93365583966828,,20.0,0.027643400138217,,False,False,,
Eurostat,NO,NOR,1977,1999,CP04,Housing & utilities (incl. imputed rent),21603.0,108525.0,19.906012439530063,39.93365583966828,13.279889426399446,19.9,0.006012439530064,,False,False,,
Eurostat,NO,NOR,1978,1999,CP01,Food & non-alcoholic beverages,23565.0,114470.0,20.58617978509653,41.43268978771731,,20.6,-0.0138202149034718,,False,False,,
Eurostat,NO,NOR,1978,1999,CP04,Housing & utilities (incl. imputed rent),23863.0,114470.0,20.84651000262077,41.43268978771731,13.758189918756006,20.8,0.0465100026207743,,False,False,,
Eurostat,NO,NOR,1979,1999,CP01,Food & non-alcoholic beverages,25180.0,125615.0,20.04537674640768,41.11849699478565,,20.0,0.0453767464076761,,False,False,,
Eurostat,NO,NOR,1979,1999,CP04,Housing & utilities (incl. imputed rent),26471.0,125615.0,21.07312024837798,41.11849699478565,13.67909883373801,21.1,-0.0268797516220224,,False,False,,
Eurostat,NO,NOR,1980,1999,CP01,Food & non-alcoholic beverages,28167.0,140737.0,20.013926685946124,40.91390323795448,,20.0,0.0139266859461244,,False,False,,
Eurostat,NO,NOR,1980,1999,CP04,Housing & utilities (incl. imputed rent),29414.0,140737.0,20.89997655200836,40.91390323795448,13.33267015781209,20.9,-2.3447991640779264e-05,,False,False,,
Eurostat,NO,NOR,1981,1999,CP01,Food & non-alcoholic beverages,31099.0,159727.0,19.470095851045848,40.45715502075416,,19.5,-0.0299041489541522,,False,False,,
Eurostat,NO,NOR,1981,1999,CP04,Housing & utilities (incl. imputed rent),33522.0,159727.0,20.987059169708317,40.45715502075416,13.265759702492378,21.0,-0.0129408302916864,,False,False,,
Eurostat,NO,NOR,1982,1999,CP01,Food & non-alcoholic beverages,33874.0,178630.0,18.963220063819065,40.78430274869842,,19.0,-0.0367799361809346,,False,False,,
Eurostat,NO,NOR,1982,1999,CP04,Housing & utilities (incl. imputed rent),38979.0,178630.0,21.82108268487936,40.78430274869842,13.795555057940994,21.8,0.0210826848793566,,False,False,,
Eurostat,NO,NOR,1983,1999,CP01,Food & non-alcoholic beverages,36332.0,197002.0,18.44245236088974,40.69958680622532,,18.4,0.0424523608897402,,False,False,,
Eurostat,NO,NOR,1983,1999,CP04,Housing & utilities (incl. imputed rent),43847.0,197002.0,22.25713444533558,40.69958680622532,14.080567709972488,22.3,-0.0428655546644201,,False,False,,
Eurostat,NO,NOR,1984,1999,CP01,Food & non-alcoholic beverages,39054.0,215409.0,18.130161692408397,40.62132965660673,,18.1,0.0301616924083916,,False,False,,
Eurostat,NO,NOR,1984,1999,CP04,Housing & utilities (incl. imputed rent),48448.0,215409.0,22.49116796419834,40.62132965660673,14.197178390875036,22.5,-0.0088320358016602,,False,False,,
Eurostat,NO,NOR,1985,1999,CP01,Food & non-alcoholic beverages,43883.0,249665.0,17.576752848817414,38.66501111489396,,17.6,-0.0232471511825878,,False,False,,
Eurostat,NO,NOR,1985,1999,CP04,Housing & utilities (incl. imputed rent),52650.0,249665.0,21.088258266076544,38.66501111489396,13.178859671960428,21.1,-0.0117417339234577,,False,False,,
Eurostat,NO,NOR,1986,1999,CP01,Food & non-alcoholic beverages,47916.0,280229.0,17.098872707678364,37.29235732204732,,17.1,-0.0011272923216374,,False,False,,
Eurostat,NO,NOR,1986,1999,CP04,Housing & utilities (incl. imputed rent),56588.0,280229.0,20.193484614368963,37.29235732204732,12.626815925546603,20.2,-0.0065153856310367,,False,False,,
Eurostat,NO,NOR,1987,1999,CP01,Food & non-alcoholic beverages,51623.0,299854.0,17.21604514196909,37.71035237148746,,17.2,0.0160451419690907,,False,False,,
Eurostat,NO,NOR,1987,1999,CP04,Housing & utilities (incl. imputed rent),61453.0,299854.0,20.49430722951837,37.71035237148746,12.87426547586492,20.5,-0.0056927704816338,,False,False,,
Eurostat,NO,NOR,1988,1999,CP01,Food & non-alcoholic beverages,52797.0,311601.0,16.943783877458674,38.66194267669231,,16.9,0.0437838774586758,,False,False,,
Eurostat,NO,NOR,1988,1999,CP04,Housing & utilities (incl. imputed rent),67674.0,311601.0,21.718158799233635,38.66194267669231,13.74417925488044,21.7,0.0181587992336353,,False,False,,
Eurostat,NO,NOR,1989,1999,CP01,Food & non-alcoholic beverages,54441.0,324291.0,16.78769993616844,39.5524390131086,,16.8,-0.0123000638315602,,False,False,,
Eurostat,NO,NOR,1989,1999,CP04,Housing & utilities (incl. imputed rent),73824.0,324291.0,22.76473907694016,39.5524390131086,14.59676648442294,22.8,-0.0352609230598446,,False,False,,
Eurostat,NO,NOR,1990,1999,CP01,Food & non-alcoholic beverages,57643.0,343192.0,16.796137439101145,40.39896034872608,,16.8,-0.003862560898856,,False,False,,
Eurostat,NO,NOR,1990,1999,CP04,Housing & utilities (incl. imputed rent),81003.0,343192.0,23.602822909624933,40.39896034872608,15.100876477307162,23.6,0.0028229096249319,,False,False,,
Eurostat,NO,NOR,1991,1999,CP01,Food & non-alcoholic beverages,61499.0,365871.0,16.8089299233883,40.266651360725504,,16.8,0.0089299233882975,,False,False,,
Eurostat,NO,NOR,1991,1999,CP04,Housing & utilities (incl. imputed rent),85825.0,365871.0,23.4577214373372,40.266651360725504,13.742548603196209,23.5,-0.0422785626627977,,False,False,,
Eurostat,NO,NOR,1992,1999,CP01,Food & non-alcoholic beverages,64486.0,382623.0,16.853665357283802,40.0723427499131,,16.9,-0.0463346427161965,,False,False,,
Eurostat,NO,NOR,1992,1999,CP04,Housing & utilities (incl. imputed rent),88840.0,382623.0,23.218677392629296,40.0723427499131,13.740418113913696,23.2,0.0186773926292964,,False,False,,
Eurostat,NO,NOR,1993,1999,CP01,Food & non-alcoholic beverages,65779.0,402424.0,16.345695087768124,39.25014412659284,,16.3,0.0456950877681237,,False,False,,
Eurostat,NO,NOR,1993,1999,CP04,Housing & utilities (incl. imputed rent),92173.0,402424.0,22.904449038824723,39.25014412659284,13.581694928731885,22.9,0.004449038824724,,False,False,,
Eurostat,NO,NOR,1994,1999,CP01,Food & non-alcoholic beverages,68272.0,420750.0,16.226262626262628,38.42020202020202,,16.2,0.0262626262626284,,False,False,,
Eurostat,NO,NOR,1994,1999,CP04,Housing & utilities (incl. imputed rent),93381.0,420750.0,22.193939393939395,38.42020202020202,13.103505644682114,22.2,-0.0060606060606041,,False,False,,
Eurostat,NO,NOR,1995,1999,CP01,Food & non-alcoholic beverages,71135.0,446598.0,15.928194931459611,37.738861347341455,,15.9,0.0281949314596126,,False,False,,
Eurostat,NO,NOR,1995,1999,CP04,Housing & utilities (incl. imputed rent),97406.0,446598.0,21.810666415881844,37.738861347341455,12.811745686277142,21.8,0.0106664158818432,,False,False,,
Eurostat,NO,NOR,1996,1999,CP01,Food & non-alcoholic beverages,73022.0,480859.0,15.18574051853038,36.473685633418526,,15.2,-0.0142594814696188,,False,False,,
Eurostat,NO,NOR,1996,1999,CP04,Housing & utilities (incl. imputed rent),102365.0,480859.0,21.28794511488815,36.473685633418526,12.222085892122225,21.3,-0.0120548851118513,,False,False,,
Eurostat,NO,NOR,1997,1999,CP01,Food & non-alcoholic beverages,76521.0,507401.0,15.08097146044253,35.91676011675184,,15.1,-0.0190285395574694,,False,False,,
Eurostat,NO,NOR,1997,1999,CP04,Housing & utilities (incl. imputed rent),105721.0,507401.0,20.835788656309308,35.91676011675184,11.97376434023583,20.8,0.0357886563093075,,False,False,,
Eurostat,NO,NOR,1998,1999,CP01,Food & non-alcoholic beverages,80746.0,533557.0,15.13352837653709,35.31244084512058,,15.1,0.0335283765370899,,False,False,,
Eurostat,NO,NOR,1998,1999,CP04,Housing & utilities (incl. imputed rent),107666.0,533557.0,20.178912468583487,35.31244084512058,11.780372106447858,20.2,-0.0210875314165122,,False,False,,
Eurostat,NO,NOR,1999,1999,CP01,Food & non-alcoholic beverages,84709.0,564792.0,14.99826484794402,34.68940778197992,,15.0,-0.0017351520559785,,False,False,,
Eurostat,NO,NOR,1999,1999,CP04,Housing & utilities (incl. imputed rent),111214.0,564792.0,19.69114293403589,34.68940778197992,11.680937407045429,19.7,-0.0088570659641042,,False,False,,
Eurostat,NO,NOR,2000,1999,CP01,Food & non-alcoholic beverages,88763.0,605056.0,14.670212343981383,34.34458959170721,,14.7,-0.0297876560186143,,False,False,,
Eurostat,NO,NOR,2000,1999,CP04,Housing & utilities (incl. imputed rent),119041.0,605056.0,19.67437724772583,34.34458959170721,11.924516077850646,19.7,-0.0256227522741703,,False,False,,
Eurostat,NO,NOR,2001,1999,CP01,Food & non-alcoholic beverages,90541.0,632130.0,14.323161375033616,35.10069131349564,,14.3,0.0231613750336148,,False,False,,
Eurostat,NO,NOR,2001,1999,CP04,Housing & utilities (incl. imputed rent),131341.0,632130.0,20.777529938462024,35.10069131349564,11.87398161770522,20.8,-0.0224700615379767,,False,False,,
Eurostat,NO,NOR,2002,1999,CP01,Food & non-alcoholic beverages,92695.0,660054.0,14.043547952137253,35.22666327300494,,14.0,0.043547952137251,,False,False,,
Eurostat,NO,NOR,2002,1999,CP04,Housing & utilities (incl. imputed rent),139820.0,660054.0,21.18311532086769,35.22666327300494,12.040530017241014,21.2,-0.0168846791323105,,False,False,,
Eurostat,NO,NOR,2003,1999,CP01,Food & non-alcoholic beverages,97001.0,695776.0,13.941412178632204,35.794853516074134,,13.9,0.0414121786322034,,False,False,,
Eurostat,NO,NOR,2003,1999,CP04,Housing & utilities (incl. imputed rent),152051.0,695776.0,21.85344133744193,35.794853516074134,12.424257232212668,21.9,-0.0465586625580662,,False,False,,
Eurostat,NO,NOR,2004,1999,CP01,Food & non-alcoholic beverages,99702.0,737164.0,13.52507718770857,34.627301387479584,,13.5,0.02507718770857,,False,False,,
Eurostat,NO,NOR,2004,1999,CP04,Housing & utilities (incl. imputed rent),155558.0,737164.0,21.102224199771012,34.627301387479584,12.32914249746325,21.1,0.0022241997710139,,False,False,,
Eurostat,NO,NOR,2005,1999,CP01,Food & non-alcoholic beverages,100588.0,774411.0,12.988968390170076,34.002099660257926,,13.0,-0.0110316098299225,,False,False,,
Eurostat,NO,NOR,2005,1999,CP04,Housing & utilities (incl. imputed rent),162728.0,774411.0,21.013131270087847,34.002099660257926,12.41911594747492,21.0,0.0131312700878467,,False,False,,
Eurostat,NO,NOR,2006,1999,CP01,Food & non-alcoholic beverages,101628.0,825288.0,12.314246662983104,33.59021335582245,,12.3,0.014246662983103,,False,False,,
Eurostat,NO,NOR,2006,1999,CP04,Housing & utilities (incl. imputed rent),175588.0,825288.0,21.275966692839347,33.59021335582245,12.356413761014338,21.3,-0.0240333071606535,,False,False,,
Eurostat,NO,NOR,2007,1999,CP01,Food & non-alcoholic beverages,106719.0,882688.0,12.090228937064964,32.50469021896752,,12.1,-0.0097710629350356,,False,False,,
Eurostat,NO,NOR,2007,1999,CP04,Housing & utilities (incl. imputed rent),180196.0,882688.0,20.41446128190255,32.50469021896752,12.135545062354987,20.4,0.0144612819025518,,False,False,,
Eurostat,NO,NOR,2008,1999,CP01,Food & non-alcoholic beverages,113514.0,925006.0,12.27170418354043,33.30205425694536,,12.3,-0.0282958164595701,,False,False,,
Eurostat,NO,NOR,2008,1999,CP04,Housing & utilities (incl. imputed rent),194532.0,925006.0,21.03035007340493,33.30205425694536,12.1972181802064,21.0,0.0303500734049286,,False,False,,
Eurostat,NO,NOR,2009,1999,CP01,Food & non-alcoholic beverages,120252.0,946785.0,12.701088420285492,34.23881873920689,,12.7,0.0010884202854928,,False,False,,
Eurostat,NO,NOR,2009,1999,CP04,Housing & utilities (incl. imputed rent),203916.0,946785.0,21.5377303189214,34.23881873920689,12.251989628057055,21.5,0.0377303189214011,,False,False,,
Eurostat,NO,NOR,2010,1999,CP01,Food & non-alcoholic beverages,123004.0,1004048.0,12.250808726276034,34.61487896992973,,12.3,-0.0491912737239665,,False,False,,
Eurostat,NO,NOR,2010,1999,CP04,Housing & utilities (incl. imputed rent),224546.0,1004048.0,22.36407024365369,34.61487896992973,12.10101509091199,22.4,-0.0359297563463094,,False,False,,
Eurostat,NO,NOR,2011,1999,CP01,Food & non-alcoholic beverages,126978.0,1032656.0,12.296253544258688,34.09363815249221,,12.3,-0.0037464557413127,,False,False,,
Eurostat,NO,NOR,2011,1999,CP04,Housing & utilities (incl. imputed rent),225092.0,1032656.0,21.797384608233525,34.09363815249221,12.15312746936056,21.8,-0.0026153917664757,,False,False,,
Eurostat,NO,NOR,2012,1999,CP01,Food & non-alcoholic beverages,133829.0,1076319.0,12.433953130995553,33.601841089862766,,12.4,0.0339531309955507,,False,False,,
Eurostat,NO,NOR,2012,1999,CP04,Housing & utilities (incl. imputed rent),227834.0,1076319.0,21.16788795886721,33.601841089862766,12.059714638504012,21.2,-0.0321120411327875,,False,False,,
Eurostat,NO,NOR,2013,1999,CP01,Food & non-alcoholic beverages,138749.0,1120254.0,12.38549471816213,34.34488964109925,,12.4,-0.0145052818378701,,False,False,,
Eurostat,NO,NOR,2013,1999,CP04,Housing & utilities (incl. imputed rent),246001.0,1120254.0,21.95939492293712,34.34488964109925,12.612139746878832,22.0,-0.0406050770628816,,False,False,,
Eurostat,NO,NOR,2014,1999,CP01,Food & non-alcoholic beverages,144690.0,1161767.0,12.454304520613858,34.310236045609834,,12.5,-0.0456954793861417,,False,False,,
Eurostat,NO,NOR,2014,1999,CP04,Housing & utilities (incl. imputed rent),253915.0,1161767.0,21.85593152499597,34.310236045609834,12.938911158605816,21.9,-0.0440684750040247,,False,False,,
Eurostat,NO,NOR,2015,1999,CP01,Food & non-alcoholic beverages,148215.0,1215007.0,12.198695151550568,34.57371027492023,,12.2,-0.0013048484494309,,False,False,,
Eurostat,NO,NOR,2015,1999,CP04,Housing & utilities (incl. imputed rent),271858.0,1215007.0,22.37501512336966,34.57371027492023,13.264038808006868,22.4,-0.0249848766303379,,False,False,,
Eurostat,NO,NOR,2016,1999,CP01,Food & non-alcoholic beverages,154319.0,1269729.0,12.153695788628912,34.613291497634535,,12.2,-0.0463042113710869,,False,False,,
Eurostat,NO,NOR,2016,1999,CP04,Housing & utilities (incl. imputed rent),285176.0,1269729.0,22.459595709005622,34.613291497634535,13.134928791891817,22.5,-0.0404042909943775,,False,False,,
Eurostat,NO,NOR,2017,1999,CP01,Food & non-alcoholic beverages,154418.0,1321223.0,11.68750468316098,34.09636374783061,,11.7,-0.0124953168390185,,False,False,,
Eurostat,NO,NOR,2017,1999,CP04,Housing & utilities (incl. imputed rent),296071.0,1321223.0,22.408859064669628,34.09636374783061,13.053663159057932,22.4,0.0088590646696289,,False,False,,
Eurostat,NO,NOR,2018,1999,CP01,Food & non-alcoholic beverages,159369.0,1374125.0,11.597853179295916,34.44337305558082,,11.6,-0.002146820704084,,False,False,,
Eurostat,NO,NOR,2018,1999,CP04,Housing & utilities (incl. imputed rent),313926.0,1374125.0,22.845519876284907,34.44337305558082,12.961120713181115,22.8,0.0455198762849065,,False,False,,
Eurostat,NO,NOR,2019,1999,CP01,Food & non-alcoholic beverages,162197.0,1420600.0,11.41749964803604,34.374067295508944,,11.4,0.0174996480360398,,False,False,,
Eurostat,NO,NOR,2019,1999,CP04,Housing & utilities (incl. imputed rent),326121.0,1420600.0,22.956567647472895,34.374067295508944,13.075813036745036,23.0,-0.0434323525271018,,False,False,,
Eurostat,NO,NOR,2020,1999,CP01,Food & non-alcoholic beverages,188030.0,1402872.0,13.403218540251713,36.420927924999575,,13.4,0.0032185402517121,,False,False,,
Eurostat,NO,NOR,2020,1999,CP04,Housing & utilities (incl. imputed rent),322909.0,1402872.0,23.01770938474786,36.420927924999575,13.74316402351747,23.0,0.0177093847478602,,False,False,,
Eurostat,NO,NOR,2021,1999,CP01,Food & non-alcoholic beverages,191017.0,1520779.0,12.56047065352691,36.2023015835963,,12.6,-0.0395293464730901,,False,False,,
Eurostat,NO,NOR,2021,1999,CP04,Housing & utilities (incl. imputed rent),359540.0,1520779.0,23.64183093006939,36.2023015835963,13.077442547536494,23.6,0.0418309300693877,,False,False,,
Eurostat,NO,NOR,2022,1999,CP01,Food & non-alcoholic beverages,187389.0,1644076.0,11.397830757215605,34.320128753172,,11.4,-0.0021692427843973,,False,False,,
Eurostat,NO,NOR,2022,1999,CP04,Housing & utilities (incl. imputed rent),376860.0,1644076.0,22.92229799595639,34.320128753172,,22.9,0.0222979959563929,,False,False,,
Eurostat,NO,NOR,2023,1999,CP01,Food & non-alcoholic beverages,200602.0,1714176.0,11.70253229540024,34.823670381571084,,11.7,0.0025322954002398,,False,False,,
Eurostat,NO,NOR,2023,1999,CP04,Housing & utilities (incl. imputed rent),396337.0,1714176.0,23.12113808617085,34.823670381571084,,23.1,0.021138086170847,,False,False,,
Eurostat,NO,NOR,2024,1999,CP01,Food & non-alcoholic beverages,,,,,,,,,False,False,,
Eurostat,NO,NOR,2024,1999,CP04,Housing & utilities (incl. imputed rent),,,,,,,,,False,False,,
Eurostat,NO,NOR,2025,1999,CP01,Food & non-alcoholic beverages,,,,,,,,,False,False,,
Eurostat,NO,NOR,2025,1999,CP04,Housing & utilities (incl. imputed rent),,,,,,,,,False,False,,
OECD,NZL,NZL,1987,1999,CP01,Food & non-alcoholic beverages,5044.0,37734.233,13.367172455844006,34.63168311914542,,,,,False,False,,
OECD,NZL,NZL,1987,1999,CP04,Housing & utilities (incl. imputed rent),8024.0,37734.233,21.26451066330141,34.63168311914542,,,,,False,False,,
OECD,NZL,NZL,1988,1999,CP01,Food & non-alcoholic beverages,5371.0,40648.906,13.213147728994231,36.68487412674772,,,,,False,False,,
OECD,NZL,NZL,1988,1999,CP04,Housing & utilities (incl. imputed rent),9541.0,40648.906,23.47172639775349,36.68487412674772,,,,,False,False,,
OECD,NZL,NZL,1989,1999,CP01,Food & non-alcoholic beverages,5865.0,43575.879,13.459280993505605,37.0939161089556,,,,,False,False,,
OECD,NZL,NZL,1989,1999,CP04,Housing & utilities (incl. imputed rent),10299.0,43575.879,23.63463511545,37.0939161089556,,,,,False,False,,
OECD,NZL,NZL,1990,1999,CP01,Food & non-alcoholic beverages,6341.0,45729.267,13.866393266264252,38.22934664577064,,,,,False,False,,
OECD,NZL,NZL,1990,1999,CP04,Housing & utilities (incl. imputed rent),11141.0,45729.267,24.36295337950639,38.22934664577064,,,,,False,False,,
OECD,NZL,NZL,1991,1999,CP01,Food & non-alcoholic beverages,6363.0,45709.717,13.920453718844946,39.09453213197536,,,,,False,False,,
OECD,NZL,NZL,1991,1999,CP04,Housing & utilities (incl. imputed rent),11507.0,45709.717,25.17407841313041,39.09453213197536,,,,,False,False,,
OECD,NZL,NZL,1992,1999,CP01,Food & non-alcoholic beverages,6591.0,46686.538,14.117559969856837,38.86130944213512,,,,,False,False,,
OECD,NZL,NZL,1992,1999,CP04,Housing & utilities (incl. imputed rent),11552.0,46686.538,24.74374947227828,38.86130944213512,,,,,False,False,,
OECD,NZL,NZL,1993,1999,CP01,Food & non-alcoholic beverages,6742.0,48911.609,13.78404869077196,38.17294172432561,,,,,False,False,,
OECD,NZL,NZL,1993,1999,CP04,Housing & utilities (incl. imputed rent),11929.0,48911.609,24.388893033553654,38.17294172432561,,,,,False,False,,
OECD,NZL,NZL,1994,1999,CP01,Food & non-alcoholic beverages,7223.0,53069.952,13.610338294634222,37.52217450658331,,,,,False,False,,
OECD,NZL,NZL,1994,1999,CP04,Housing & utilities (incl. imputed rent),12690.0,53069.952,23.91183621194909,37.52217450658331,,,,,False,False,,
OECD,NZL,NZL,1995,1999,CP01,Food & non-alcoholic beverages,7571.0,57208.86,13.233964109755028,37.50642820010746,,,,,False,False,,
OECD,NZL,NZL,1995,1999,CP04,Housing & utilities (incl. imputed rent),13886.0,57208.86,24.27246409035244,37.50642820010746,,,,,False,False,,
OECD,NZL,NZL,1996,1999,CP01,Food & non-alcoholic beverages,8002.0,60762.424,13.169323198824326,37.81613452419212,,,,,False,False,,
OECD,NZL,NZL,1996,1999,CP04,Housing & utilities (incl. imputed rent),14976.0,60762.424,24.6468113253678,37.81613452419212,,,,,False,False,,
OECD,NZL,NZL,1997,1999,CP01,Food & non-alcoholic beverages,8298.0,62592.171,13.257249057553858,38.75404801025355,,,,,False,False,,
OECD,NZL,NZL,1997,1999,CP04,Housing & utilities (incl. imputed rent),15959.0,62592.171,25.496798952699688,38.75404801025355,,,,,False,False,,
OECD,NZL,NZL,1998,1999,CP01,Food & non-alcoholic beverages,8653.0,65263.116,13.258637543447971,38.81058943002353,,,,,False,False,,
OECD,NZL,NZL,1998,1999,CP04,Housing & utilities (incl. imputed rent),16676.0,65263.116,25.55195188657556,38.81058943002353,,,,,False,False,,
OECD,NZL,NZL,1999,1999,CP01,Food & non-alcoholic beverages,9018.0,68465.865,13.171527154444044,38.01310331798188,,,,,False,False,,
OECD,NZL,NZL,1999,1999,CP04,Housing & utilities (incl. imputed rent),17008.0,68465.865,24.841576163537844,38.01310331798188,,,,,False,False,,
OECD,NZL,NZL,2000,1999,CP01,Food & non-alcoholic beverages,9492.0,71265.169,13.31926961402421,37.7028503222942,,,,,False,False,,
OECD,NZL,NZL,2000,1999,CP04,Housing & utilities (incl. imputed rent),17377.0,71265.169,24.383580708269985,37.7028503222942,,,,,False,False,,
OECD,NZL,NZL,2001,1999,CP01,Food & non-alcoholic beverages,10108.0,75540.653,13.380874533875156,36.72459648978676,,,,,False,False,,
OECD,NZL,NZL,2001,1999,CP04,Housing & utilities (incl. imputed rent),17634.0,75540.653,23.343721955911604,36.72459648978676,,,,,False,False,,
OECD,NZL,NZL,2002,1999,CP01,Food & non-alcoholic beverages,10988.0,81490.934,13.48370850676469,36.33901165005668,,,,,False,False,,
OECD,NZL,NZL,2002,1999,CP04,Housing & utilities (incl. imputed rent),18625.0,81490.934,22.85530314329199,36.33901165005668,,,,,False,False,,
OECD,NZL,NZL,2003,1999,CP01,Food & non-alcoholic beverages,11745.0,87317.851,13.450857832037116,36.34537455577097,,,,,False,False,,
OECD,NZL,NZL,2003,1999,CP04,Housing & utilities (incl. imputed rent),19991.0,87317.851,22.894516723733847,36.34537455577097,,,,,False,False,,
OECD,NZL,NZL,2004,1999,CP01,Food & non-alcoholic beverages,12260.0,92670.139,13.22972009354599,36.403312182363294,,,,,False,False,,
OECD,NZL,NZL,2004,1999,CP04,Housing & utilities (incl. imputed rent),21475.0,92670.139,23.17359208881731,36.403312182363294,,,,,False,False,,
OECD,NZL,NZL,2005,1999,CP01,Food & non-alcoholic beverages,13034.0,98092.751,13.287424266447578,36.5297125778438,,,,,False,False,,
OECD,NZL,NZL,2005,1999,CP04,Housing & utilities (incl. imputed rent),22799.0,98092.751,23.24228831139622,36.5297125778438,,,,,False,False,,
OECD,NZL,NZL,2006,1999,CP01,Food & non-alcoholic beverages,13866.0,103828.691,13.354690179037313,36.856864544309815,,,,,False,False,,
OECD,NZL,NZL,2006,1999,CP04,Housing & utilities (incl. imputed rent),24402.0,103828.691,23.502174365272506,36.856864544309815,,,,,False,False,,
OECD,NZL,NZL,2007,1999,CP01,Food & non-alcoholic beverages,14708.0,108903.338,13.505554806777363,37.42034059598798,,,,,False,False,,
OECD,NZL,NZL,2007,1999,CP04,Housing & utilities (incl. imputed rent),26044.0,108903.338,23.91478578921061,37.42034059598798,,,,,False,False,,
OECD,NZL,NZL,2008,1999,CP01,Food & non-alcoholic beverages,15497.0,112116.308,13.822253226533288,38.55906493103573,,,,,False,False,,
OECD,NZL,NZL,2008,1999,CP04,Housing & utilities (incl. imputed rent),27734.0,112116.308,24.736811704502436,38.55906493103573,,,,,False,False,,
OECD,NZL,NZL,2009,1999,CP01,Food & non-alcoholic beverages,16558.0,115556.52,14.32891887017712,39.34611391897229,,,,,False,False,,
OECD,NZL,NZL,2009,1999,CP04,Housing & utilities (incl. imputed rent),28909.0,115556.52,25.01719504879517,39.34611391897229,,,,,False,False,,
OECD,NZL,NZL,2010,1999,CP01,Food & non-alcoholic beverages,17094.0,119914.567,14.255148834419758,39.49895428467836,,,,,False,False,,
OECD,NZL,NZL,2010,1999,CP04,Housing & utilities (incl. imputed rent),30271.0,119914.567,25.2438054502586,39.49895428467836,,,,,False,False,,
OECD,NZL,NZL,2011,1999,CP01,Food & non-alcoholic beverages,17940.0,126330.159,14.200884525127528,39.27090759064112,,,,,False,False,,
OECD,NZL,NZL,2011,1999,CP04,Housing & utilities (incl. imputed rent),31671.0,126330.159,25.070023065513595,39.27090759064112,,,,,False,False,,
OECD,NZL,NZL,2012,1999,CP01,Food & non-alcoholic beverages,18043.0,129694.101,13.911966589752604,39.49138750728532,,,,,False,False,,
OECD,NZL,NZL,2012,1999,CP04,Housing & utilities (incl. imputed rent),33175.0,129694.101,25.579420917532715,39.49138750728532,,,,,False,False,,
OECD,NZL,NZL,2013,1999,CP01,Food & non-alcoholic beverages,18544.0,135537.172,13.68185548389633,39.24532230907105,,,,,False,False,,
OECD,NZL,NZL,2013,1999,CP04,Housing & utilities (incl. imputed rent),34648.0,135537.172,25.563466825174725,39.24532230907105,,,,,False,False,,
OECD,NZL,NZL,2014,1999,CP01,Food & non-alcoholic beverages,19083.0,142720.953,13.370846816024272,38.8968815251675,,,,,False,False,,
OECD,NZL,NZL,2014,1999,CP04,Housing & utilities (incl. imputed rent),36431.0,142720.953,25.526034709143232,38.8968815251675,,,,,False,False,,
OECD,NZL,NZL,2015,1999,CP01,Food & non-alcoholic beverages,19855.0,151745.41,13.084415535204656,38.27002081974011,,,,,False,False,,
OECD,NZL,NZL,2015,1999,CP04,Housing & utilities (incl. imputed rent),38218.0,151745.41,25.185605284535463,38.27002081974011,,,,,False,False,,
OECD,NZL,NZL,2016,1999,CP01,Food & non-alcoholic beverages,20696.0,162149.964,12.763493428836036,37.598528236491,,,,,False,False,,
OECD,NZL,NZL,2016,1999,CP04,Housing & utilities (incl. imputed rent),40270.0,162149.964,24.835034807654967,37.598528236491,,,,,False,False,,
OECD,NZL,NZL,2017,1999,CP01,Food & non-alcoholic beverages,22004.0,172326.954,12.768751196054914,37.64239922676287,,,,,False,False,,
OECD,NZL,NZL,2017,1999,CP04,Housing & utilities (incl. imputed rent),42864.0,172326.954,24.873648030707955,37.64239922676287,,,,,False,False,,
OECD,NZL,NZL,2018,1999,CP01,Food & non-alcoholic beverages,22709.0,182403.263,12.44988692992844,37.3162184055885,,,,,False,False,,
OECD,NZL,NZL,2018,1999,CP04,Housing & utilities (incl. imputed rent),45357.0,182403.263,24.866331475660058,37.3162184055885,,,,,False,False,,
OECD,NZL,NZL,2019,1999,CP01,Food & non-alcoholic beverages,23490.0,190491.479,12.331260234480094,37.60378174185944,,,,,False,False,,
OECD,NZL,NZL,2019,1999,CP04,Housing & utilities (incl. imputed rent),48142.0,190491.479,25.27252150737934,37.60378174185944,,,,,False,False,,
OECD,NZL,NZL,2020,1999,CP01,Food & non-alcoholic beverages,24547.0,187122.545,13.118141376283656,40.07908293466188,,,,,False,False,,
OECD,NZL,NZL,2020,1999,CP04,Housing & utilities (incl. imputed rent),50450.0,187122.545,26.960941558378227,40.07908293466188,,,,,False,False,,
OECD,NZL,NZL,2021,1999,CP01,Food & non-alcoholic beverages,26303.0,204371.951,12.870161424451048,39.103702640681846,,,,,False,False,,
OECD,NZL,NZL,2021,1999,CP04,Housing & utilities (incl. imputed rent),53614.0,204371.951,26.233541216230797,39.103702640681846,,,,,False,False,,
OECD,NZL,NZL,2022,1999,CP01,Food & non-alcoholic beverages,28113.0,226152.98,12.430965977100987,37.869498779100766,,,,,False,False,,
OECD,NZL,NZL,2022,1999,CP04,Housing & utilities (incl. imputed rent),57530.0,226152.98,25.43853280199978,37.869498779100766,,,,,False,False,,
OECD,NZL,NZL,2023,1999,CP01,Food & non-alcoholic beverages,29798.0,242868.323,12.26919988244,37.73979202713892,,,,,False,False,,
OECD,NZL,NZL,2023,1999,CP04,Housing & utilities (incl. imputed rent),61860.0,242868.323,25.47059214469892,37.73979202713892,,,,,False,False,,
OECD,NZL,NZL,2024,1999,CP01,Food & non-alcoholic beverages,30480.0,250045.743,12.189769613474285,38.493356793520775,,,,p,False,False,,
OECD,NZL,NZL,2024,1999,CP04,Housing & utilities (incl. imputed rent),65771.0,250045.743,26.30358718004649,38.493356793520775,,,,p,False,False,,
OECD,NZL,NZL,2025,1999,CP01,Food & non-alcoholic beverages,,,,,,,,,False,False,,
OECD,NZL,NZL,2025,1999,CP04,Housing & utilities (incl. imputed rent),,,,,,,,,False,False,,
Eurostat,PL,POL,1995,2018,CP01,Food & non-alcoholic beverages,63468.7,207543.3,30.58094383196181,47.64302196216404,,30.6,-0.0190561680381904,,False,False,,
Eurostat,PL,POL,1995,2018,CP04,Housing & utilities (incl. imputed rent),35411.2,207543.3,17.062078130202227,47.64302196216404,6.925880045272481,17.1,-0.0379218697977741,,False,False,,
Eurostat,PL,POL,1996,2018,CP01,Food & non-alcoholic beverages,78776.5,268399.3,29.350486383533784,46.36945774448741,,29.4,-0.0495136164662142,,False,False,,
Eurostat,PL,POL,1996,2018,CP04,Housing & utilities (incl. imputed rent),45678.8,268399.3,17.018971360953625,46.36945774448741,7.045733725833116,17.0,0.0189713609536248,,False,False,,
Eurostat,PL,POL,1997,2018,CP01,Food & non-alcoholic beverages,90613.3,328642.7,27.571980147436715,46.19247590164029,,27.6,-0.0280198525632862,,False,False,,
Eurostat,PL,POL,1997,2018,CP04,Housing & utilities (incl. imputed rent),61194.9,328642.7,18.620495754203574,46.19247590164029,7.271148879923393,18.6,0.0204957542035764,,False,False,,
Eurostat,PL,POL,1998,2018,CP01,Food & non-alcoholic beverages,97443.6,379358.9,25.68638827242487,44.69071372781817,,25.7,-0.0136117275751281,,False,False,,
Eurostat,PL,POL,1998,2018,CP04,Housing & utilities (incl. imputed rent),72094.6,379358.9,19.004325455393296,44.69071372781817,7.461641205728927,19.0,0.004325455393296,,False,False,,
Eurostat,PL,POL,1999,2018,CP01,Food & non-alcoholic beverages,101203.5,425198.0,23.80149953668644,43.555167239733024,,23.8,0.0014995366864383,,False,False,,
Eurostat,PL,POL,1999,2018,CP04,Housing & utilities (incl. imputed rent),83992.2,425198.0,19.753667703046577,43.555167239733024,7.720050423567374,19.8,-0.0463322969534232,,False,False,,
Eurostat,PL,POL,2000,2018,CP01,Food & non-alcoholic beverages,113017.5,479323.5,23.57854350975907,42.859655326726106,,23.6,-0.0214564902409328,,False,False,,
Eurostat,PL,POL,2000,2018,CP04,Housing & utilities (incl. imputed rent),92418.9,479323.5,19.28111181696704,42.859655326726106,7.424296951849847,19.3,-0.0188881830329634,,False,False,,
Eurostat,PL,POL,2001,2018,CP01,Food & non-alcoholic beverages,120452.5,505384.8,23.83381929967027,44.732884724669205,,23.8,0.0338192996702702,,False,False,,
Eurostat,PL,POL,2001,2018,CP04,Housing & utilities (incl. imputed rent),105620.7,505384.8,20.89906542499893,44.732884724669205,7.511167728036143,20.9,-0.000934575001068,,False,False,,
Eurostat,PL,POL,2002,2018,CP01,Food & non-alcoholic beverages,122254.1,538590.3,22.698904900441025,44.14971825523036,,22.7,-0.0010950995589773,,False,False,,
Eurostat,PL,POL,2002,2018,CP04,Housing & utilities (incl. imputed rent),115532.0,538590.3,21.450813354789343,44.14971825523036,7.178814768851202,21.5,-0.049186645210657,,False,False,,
Eurostat,PL,POL,2003,2018,CP01,Food & non-alcoholic beverages,121700.9,548730.8,22.1786165456723,43.89815552544162,,22.2,-0.0213834543277009,,False,False,,
Eurostat,PL,POL,2003,2018,CP04,Housing & utilities (incl. imputed rent),119181.8,548730.8,21.71953897976931,43.89815552544162,7.291662870026613,21.7,0.0195389797693117,,False,False,,
Eurostat,PL,POL,2004,2018,CP01,Food & non-alcoholic beverages,133347.5,601623.5,22.16460959387391,43.63694237342789,,22.2,-0.0353904061260905,,False,False,,
Eurostat,PL,POL,2004,2018,CP04,Housing & utilities (incl. imputed rent),129182.6,601623.5,21.47233277955399,43.63694237342789,6.880432695863775,21.5,-0.0276672204460091,,False,False,,
Eurostat,PL,POL,2005,2018,CP01,Food & non-alcoholic beverages,138324.4,622904.3,22.206364605285277,44.66021506032307,,22.2,0.0063646052852739,,False,False,,
Eurostat,PL,POL,2005,2018,CP04,Housing & utilities (incl. imputed rent),139866.0,622904.3,22.453850455037795,44.66021506032307,6.9033397265037335,22.5,-0.0461495449622049,,False,False,,
Eurostat,PL,POL,2006,2018,CP01,Food & non-alcoholic beverages,146851.0,660775.8,22.224028180208776,44.655585147034735,,22.2,0.0240281802087771,,False,False,,
Eurostat,PL,POL,2006,2018,CP04,Housing & utilities (incl. imputed rent),148222.3,660775.8,22.43155696682596,44.655585147034735,6.773174804525225,22.4,0.0315569668259634,,False,False,,
Eurostat,PL,POL,2007,2018,CP01,Food & non-alcoholic beverages,156345.1,718076.1,21.772775893808472,43.73185516131229,,21.8,-0.0272241061915288,,False,False,,
Eurostat,PL,POL,2007,2018,CP04,Housing & utilities (incl. imputed rent),157682.9,718076.1,21.95907926750382,43.73185516131229,6.546478848133227,22.0,-0.0409207324961791,,False,False,,
Eurostat,PL,POL,2008,2018,CP01,Food & non-alcoholic beverages,166305.1,792932.0,20.97343782316769,42.55970247133424,,21.0,-0.0265621768323143,,False,False,,
Eurostat,PL,POL,2008,2018,CP04,Housing & utilities (incl. imputed rent),171164.4,792932.0,21.58626464816655,42.55970247133424,6.137272805234244,21.6,-0.0137353518334499,,False,False,,
Eurostat,PL,POL,2009,2018,CP01,Food & non-alcoholic beverages,172957.4,841201.6,20.560754996186407,43.95893921266912,,20.6,-0.039245003813594,,False,False,,
Eurostat,PL,POL,2009,2018,CP04,Housing & utilities (incl. imputed rent),196825.9,841201.6,23.398184216482708,43.95893921266912,6.351176697714317,23.4,-0.0018157835172907,,False,False,,
Eurostat,PL,POL,2010,2018,CP01,Food & non-alcoholic beverages,179818.3,891244.5,20.176090848246467,42.69321157101111,,20.2,-0.0239091517535321,,False,False,,
Eurostat,PL,POL,2010,2018,CP04,Housing & utilities (incl. imputed rent),200682.6,891244.5,22.51712072276463,42.69321157101111,6.19798495250181,22.5,0.0171207227646306,,False,False,,
Eurostat,PL,POL,2011,2018,CP01,Food & non-alcoholic beverages,189284.9,960367.0,19.709642251347663,41.76182646842301,,19.7,0.0096422513476639,,False,False,,
Eurostat,PL,POL,2011,2018,CP04,Housing & utilities (incl. imputed rent),211781.9,960367.0,22.052184217075347,41.76182646842301,5.899338482059463,22.1,-0.0478157829246548,,False,False,,
Eurostat,PL,POL,2012,2018,CP01,Food & non-alcoholic beverages,191247.2,998364.6,19.15604780057306,41.25910514054685,,19.2,-0.0439521994269398,,False,False,,
Eurostat,PL,POL,2012,2018,CP04,Housing & utilities (incl. imputed rent),220669.1,998364.6,22.103057339973795,41.25910514054685,5.435328936943478,22.1,0.0030573399737932,,False,False,,
Eurostat,PL,POL,2013,2018,CP01,Food & non-alcoholic beverages,190419.6,1000694.3,19.02874834002752,40.82300658652697,,19.0,0.0287483400275192,,False,False,,
Eurostat,PL,POL,2013,2018,CP04,Housing & utilities (incl. imputed rent),218093.9,1000694.3,21.794258246499453,40.82300658652697,5.896496062783609,21.8,-0.0057417535005477,,False,False,,
Eurostat,PL,POL,2014,2018,CP01,Food & non-alcoholic beverages,183855.9,1030278.8,17.84525703139771,39.557525594043085,,17.8,0.0452570313977105,,False,False,,
Eurostat,PL,POL,2014,2018,CP04,Housing & utilities (incl. imputed rent),223696.9,1030278.8,21.71226856264537,39.557525594043085,6.10208615376731,21.7,0.0122685626453709,,False,False,,
Eurostat,PL,POL,2015,2018,CP01,Food & non-alcoholic beverages,186419.7,1065476.5,17.496368995468224,39.41744374465321,,17.5,-0.0036310045317762,,False,False,,
Eurostat,PL,POL,2015,2018,CP04,Housing & utilities (incl. imputed rent),233563.9,1065476.5,21.92107474918499,39.41744374465321,5.913166550365025,21.9,0.02107474918499,,False,False,,
Eurostat,PL,POL,2016,2018,CP01,Food & non-alcoholic beverages,195393.7,1096888.9,17.8134449168006,38.787127848590686,,17.8,0.0134449168005978,,False,False,,
Eurostat,PL,POL,2016,2018,CP04,Housing & utilities (incl. imputed rent),230058.0,1096888.9,20.973682931790087,38.787127848590686,5.985036406148335,21.0,-0.0263170682099129,,False,False,,
Eurostat,PL,POL,2017,2018,CP01,Food & non-alcoholic beverages,211319.9,1185534.7,17.82485995559641,37.95018399714492,,17.8,0.0248599555964084,,False,False,,
Eurostat,PL,POL,2017,2018,CP04,Housing & utilities (incl. imputed rent),238592.7,1185534.7,20.125324041548517,37.95018399714492,5.654764892162161,20.1,0.0253240415485116,,False,False,,
Eurostat,PL,POL,2018,2018,CP01,Food & non-alcoholic beverages,218664.7,1257359.2,17.390790157657417,36.87108663936288,,17.4,-0.0092098423425817,,False,False,,
Eurostat,PL,POL,2018,2018,CP04,Housing & utilities (incl. imputed rent),244937.3,1257359.2,19.480296481705462,36.87108663936288,5.262696610483305,19.5,-0.0197035182945342,,False,False,,
Eurostat,PL,POL,2019,2018,CP01,Food & non-alcoholic beverages,230774.1,1327142.3,17.38879847323079,36.994932645881306,,17.4,-0.0112015267692093,,False,False,,
Eurostat,PL,POL,2019,2018,CP04,Housing & utilities (incl. imputed rent),260201.3,1327142.3,19.606134172650517,36.994932645881306,5.135839615691549,19.6,0.0061341726505119,,False,False,,
Eurostat,PL,POL,2020,2018,CP01,Food & non-alcoholic beverages,253001.3,1322036.0,19.137247397196443,39.99720128650051,,19.1,0.0372473971964417,,False,False,,
Eurostat,PL,POL,2020,2018,CP04,Housing & utilities (incl. imputed rent),275776.1,1322036.0,20.859953889304077,39.99720128650051,5.513132773994052,20.9,-0.0400461106959255,,False,False,,
Eurostat,PL,POL,2021,2018,CP01,Food & non-alcoholic beverages,276218.7,1482808.4,18.628077639700454,39.495999618022125,,18.6,0.0280776397004522,,False,False,,
Eurostat,PL,POL,2021,2018,CP04,Housing & utilities (incl. imputed rent),309431.3,1482808.4,20.867921978321675,39.495999618022125,5.222461647775938,20.9,-0.0320780216783234,,False,False,,
Eurostat,PL,POL,2022,2018,CP01,Food & non-alcoholic beverages,328159.4,1776720.8,18.469947557320204,38.96233443093591,,18.5,-0.0300524426797963,,False,False,,
Eurostat,PL,POL,2022,2018,CP04,Housing & utilities (incl. imputed rent),364092.5,1776720.8,20.492386873615708,38.96233443093591,4.590068400167319,20.5,-0.0076131263842924,,False,False,,
Eurostat,PL,POL,2023,2018,CP01,Food & non-alcoholic beverages,355736.8,1937181.0,18.363632515495453,39.48432800032624,,18.4,-0.0363674845045451,,False,False,,
Eurostat,PL,POL,2023,2018,CP04,Housing & utilities (incl. imputed rent),409146.1,1937181.0,21.120695484830797,39.48432800032624,4.956015984051051,21.1,0.0206954848307923,,False,False,,
Eurostat,PL,POL,2024,2018,CP01,Food & non-alcoholic beverages,373632.0,2062252.5,18.117665028894372,38.94133720288859,,18.1,0.017665028894374,,False,False,,
Eurostat,PL,POL,2024,2018,CP04,Housing & utilities (incl. imputed rent),429436.7,2062252.5,20.82367217399421,38.94133720288859,4.62356088791261,20.8,0.0236721739942105,,False,False,,
Eurostat,PL,POL,2025,2018,CP01,Food & non-alcoholic beverages,,,,,,,,,False,False,,
Eurostat,PL,POL,2025,2018,CP04,Housing & utilities (incl. imputed rent),,,,,,,,,False,False,,
Eurostat,PT,PRT,1995,2018,CP01,Food & non-alcoholic beverages,10732.6,58176.9,18.448215700733453,31.51886745426449,,18.4,0.0482157007334542,,False,True,,
Eurostat,PT,PRT,1995,2018,CP04,Housing & utilities (incl. imputed rent),7604.1,58176.9,13.07065175353104,31.51886745426449,6.9113342237211,13.1,-0.0293482464689596,,False,True,,
Eurostat,PT,PRT,1996,2018,CP01,Food & non-alcoholic beverages,11220.1,61686.8,18.188818353359228,31.28627194148505,,18.2,-0.0111816466407717,,False,True,,
Eurostat,PT,PRT,1996,2018,CP04,Housing & utilities (incl. imputed rent),8079.4,61686.8,13.097453588125822,31.28627194148505,6.920443271494063,13.1,-0.002546411874178,,False,True,,
Eurostat,PT,PRT,1997,2018,CP01,Food & non-alcoholic beverages,11528.5,65954.6,17.47944798391621,30.374833597656565,,17.5,-0.0205520160837906,,False,True,,
Eurostat,PT,PRT,1997,2018,CP04,Housing & utilities (incl. imputed rent),8505.1,65954.6,12.89538561374036,30.374833597656565,6.801496787183909,12.9,-0.0046143862596412,,False,True,,
Eurostat,PT,PRT,1998,2018,CP01,Food & non-alcoholic beverages,12514.5,71273.6,17.558394693126207,30.14847012077403,,17.6,-0.0416053068737944,,False,True,,
Eurostat,PT,PRT,1998,2018,CP04,Housing & utilities (incl. imputed rent),8973.4,71273.6,12.590075427647824,30.14847012077403,6.632469806492165,12.6,-0.0099245723521761,,False,True,,
Eurostat,PT,PRT,1999,2018,CP01,Food & non-alcoholic beverages,13136.2,76750.5,17.11545853121478,29.473423625904715,,17.1,0.0154585312147794,,False,True,,
Eurostat,PT,PRT,1999,2018,CP04,Housing & utilities (incl. imputed rent),9484.8,76750.5,12.357965094689936,29.473423625904715,6.522954247855061,12.4,-0.0420349053100643,,False,True,,
Eurostat,PT,PRT,2000,2018,CP01,Food & non-alcoholic beverages,13667.3,82745.3,16.517312765800593,28.75571180477924,,16.5,0.0173127658005931,,False,True,,
Eurostat,PT,PRT,2000,2018,CP04,Housing & utilities (incl. imputed rent),10126.7,82745.3,12.238399038978647,28.75571180477924,6.437344477571536,12.2,0.0383990389786497,,False,True,,
Eurostat,PT,PRT,2001,2018,CP01,Food & non-alcoholic beverages,14783.3,86821.7,17.027194814199675,29.61529202952718,,17.0,0.0271948141996745,,False,True,,
Eurostat,PT,PRT,2001,2018,CP04,Housing & utilities (incl. imputed rent),10929.2,86821.7,12.588097215327506,29.61529202952718,6.655133451660126,12.6,-0.0119027846724932,,False,True,,
Eurostat,PT,PRT,2002,2018,CP01,Food & non-alcoholic beverages,15237.9,90871.8,16.768568466785077,29.871093122398808,,16.8,-0.0314315332149242,,False,True,,
Eurostat,PT,PRT,2002,2018,CP04,Housing & utilities (incl. imputed rent),11906.5,90871.8,13.102524655613731,29.871093122398808,7.050592152901119,13.1,0.0025246556137314,,False,True,,
Eurostat,PT,PRT,2003,2018,CP01,Food & non-alcoholic beverages,15761.2,93596.3,16.839554555041172,30.65463057834551,,16.8,0.0395545550411711,,False,True,,
Eurostat,PT,PRT,2003,2018,CP04,Housing & utilities (incl. imputed rent),12930.4,93596.3,13.81507602330434,30.65463057834551,7.471235508241245,13.8,0.0150760233043385,,False,True,,
Eurostat,PT,PRT,2004,2018,CP01,Food & non-alcoholic beverages,16304.5,98325.5,16.582168410025883,30.621049473432628,,16.6,-0.0178315899741186,,False,True,,
Eurostat,PT,PRT,2004,2018,CP04,Housing & utilities (incl. imputed rent),13803.8,98325.5,14.038881063406745,30.621049473432628,7.603012443364133,14.0,0.0388810634067446,,False,True,,
Eurostat,PT,PRT,2005,2018,CP01,Food & non-alcoholic beverages,16400.5,103390.6,15.862660628722534,30.21696363112314,,15.9,-0.0373393712774667,,False,True,,
Eurostat,PT,PRT,2005,2018,CP04,Housing & utilities (incl. imputed rent),14841.0,103390.6,14.354303002400604,30.21696363112314,7.772853624991052,14.4,-0.0456969975993963,,False,True,,
Eurostat,PT,PRT,2006,2018,CP01,Food & non-alcoholic beverages,17149.3,108818.0,15.75961697513279,30.194636916686573,,15.8,-0.0403830248672107,,False,True,,
Eurostat,PT,PRT,2006,2018,CP04,Housing & utilities (incl. imputed rent),15707.9,108818.0,14.435019941553788,30.194636916686573,7.860372364866107,14.4,0.0350199415537861,,False,True,,
Eurostat,PT,PRT,2007,2018,CP01,Food & non-alcoholic beverages,18154.2,115518.4,15.715418496101057,30.298117009930888,,15.7,0.0154184961010557,,False,True,,
Eurostat,PT,PRT,2007,2018,CP04,Housing & utilities (incl. imputed rent),16845.7,115518.4,14.582698513829834,30.298117009930888,7.976305073477473,14.6,-0.0173014861701652,,False,True,,
Eurostat,PT,PRT,2008,2018,CP01,Food & non-alcoholic beverages,19251.6,120124.3,16.026399321369613,31.01162712290519,,16.0,0.0263993213696132,,False,True,,
Eurostat,PT,PRT,2008,2018,CP04,Housing & utilities (incl. imputed rent),18000.9,120124.3,14.985227801535578,31.01162712290519,8.27734271916673,15.0,-0.0147721984644224,,False,True,,
Eurostat,PT,PRT,2009,2018,CP01,Food & non-alcoholic beverages,18803.6,114773.3,16.38325289941127,32.74515937068987,,16.4,-0.0167471005887271,,False,True,,
Eurostat,PT,PRT,2009,2018,CP04,Housing & utilities (incl. imputed rent),18779.1,114773.3,16.361906471278598,32.74515937068987,9.292840756517414,16.4,-0.0380935287214008,,False,True,,
Eurostat,PT,PRT,2010,2018,CP01,Food & non-alcoholic beverages,19079.7,119987.8,15.901366638941624,32.47855198611859,,15.9,0.001366638941624,,False,True,,
Eurostat,PT,PRT,2010,2018,CP04,Housing & utilities (incl. imputed rent),19890.6,119987.8,16.57718534717696,32.47855198611859,9.42220792447232,16.6,-0.0228146528230404,,False,True,,
Eurostat,PT,PRT,2011,2018,CP01,Food & non-alcoholic beverages,19424.1,118010.7,16.459609171032795,33.667879268574794,,16.5,-0.0403908289672045,,False,True,,
Eurostat,PT,PRT,2011,2018,CP04,Housing & utilities (incl. imputed rent),20307.6,118010.7,17.208270097542,33.667879268574794,9.75038704117508,17.2,0.0082700975420024,,False,True,,
Eurostat,PT,PRT,2012,2018,CP01,Food & non-alcoholic beverages,19812.3,114193.0,17.349837555717073,35.92514427329171,,17.3,0.0498375557170724,,False,True,,
Eurostat,PT,PRT,2012,2018,CP04,Housing & utilities (incl. imputed rent),21211.7,114193.0,18.575306717574637,35.92514427329171,10.450728153214294,18.6,-0.0246932824253676,,False,True,,
Eurostat,PT,PRT,2013,2018,CP01,Food & non-alcoholic beverages,20397.2,114378.9,17.83300940995236,36.86335504188273,,17.8,0.0330094099523599,,False,True,,
Eurostat,PT,PRT,2013,2018,CP04,Housing & utilities (incl. imputed rent),21766.7,114378.9,19.030345631930366,36.86335504188273,10.753032246332149,19.0,0.0303456319303663,,False,True,,
Eurostat,PT,PRT,2014,2018,CP01,Food & non-alcoholic beverages,20436.9,118069.6,17.309197287023924,36.54369964834301,,17.3,0.0091972870239231,,False,True,,
Eurostat,PT,PRT,2014,2018,CP04,Housing & utilities (incl. imputed rent),22710.1,118069.6,19.234502361319084,36.54369964834301,10.84207958695549,19.2,0.0345023613190846,,False,True,,
Eurostat,PT,PRT,2015,2018,CP01,Food & non-alcoholic beverages,20991.3,121925.7,17.21646871824398,36.20221167481508,,17.2,0.0164687182439813,,False,True,,
Eurostat,PT,PRT,2015,2018,CP04,Housing & utilities (incl. imputed rent),23148.5,121925.7,18.98574295657109,36.20221167481508,10.676092079028455,19.0,-0.0142570434289091,,False,True,,
Eurostat,PT,PRT,2016,2018,CP01,Food & non-alcoholic beverages,21571.7,127139.4,16.966966966966968,35.59675442860357,,17.0,-0.0330330330330319,,False,True,,
Eurostat,PT,PRT,2016,2018,CP04,Housing & utilities (incl. imputed rent),23685.8,127139.4,18.6297874616366,35.59675442860357,10.502409166631274,18.6,0.029787461636598,,False,True,,
Eurostat,PT,PRT,2017,2018,CP01,Food & non-alcoholic beverages,22425.1,133646.1,16.779464570982615,34.70546465628252,,16.8,-0.0205354290173858,,False,True,,
Eurostat,PT,PRT,2017,2018,CP04,Housing & utilities (incl. imputed rent),23957.4,133646.1,17.926000085299908,34.70546465628252,10.167449704854835,17.9,0.0260000852999091,,False,True,,
Eurostat,PT,PRT,2018,2018,CP01,Food & non-alcoholic beverages,23077.3,140121.9,16.46944553278253,34.07133360309844,,16.5,-0.0305544672174704,,False,True,,
Eurostat,PT,PRT,2018,2018,CP04,Housing & utilities (incl. imputed rent),24664.1,140121.9,17.60188807031592,34.07133360309844,9.9596137363253,17.6,0.0018880703159176,,False,True,,
Eurostat,PT,PRT,2019,2018,CP01,Food & non-alcoholic beverages,23766.9,146690.7,16.202049618687482,33.584542169339976,,16.2,0.0020496186874829,,False,True,,
Eurostat,PT,PRT,2019,2018,CP04,Housing & utilities (incl. imputed rent),25498.5,146690.7,17.382492550652493,33.584542169339976,9.861565866138752,17.4,-0.0175074493475051,,False,True,,
Eurostat,PT,PRT,2020,2018,CP01,Food & non-alcoholic beverages,24425.0,129986.2,18.79045621766003,39.00090932729782,,18.8,-0.0095437823399713,,False,True,,
Eurostat,PT,PRT,2020,2018,CP04,Housing & utilities (incl. imputed rent),26270.8,129986.2,20.21045310963779,39.00090932729782,11.447445959648023,20.2,0.0104531096377904,,False,True,,
Eurostat,PT,PRT,2021,2018,CP01,Food & non-alcoholic beverages,25787.0,140488.7,18.355212910362184,37.27417222879847,,18.4,-0.0447870896378148,,False,True,,
Eurostat,PT,PRT,2021,2018,CP04,Housing & utilities (incl. imputed rent),26579.0,140488.7,18.918959318436286,37.27417222879847,10.767271673807215,18.9,0.0189593184362877,,False,True,,
Eurostat,PT,PRT,2022,2018,CP01,Food & non-alcoholic beverages,29818.2,167258.5,17.827614142181115,34.611215573498505,,17.8,0.0276141421811146,,False,True,,
Eurostat,PT,PRT,2022,2018,CP04,Housing & utilities (incl. imputed rent),28072.0,167258.5,16.78360143131739,34.611215573498505,9.342425048652236,16.8,-0.0163985686826109,,False,True,,
Eurostat,PT,PRT,2023,2018,CP01,Food & non-alcoholic beverages,33349.5,181615.5,18.362694814043955,34.22461188610003,,18.4,-0.0373051859560433,,False,True,,
Eurostat,PT,PRT,2023,2018,CP04,Housing & utilities (incl. imputed rent),28807.7,181615.5,15.861917072056077,34.22461188610003,9.055779930677724,15.9,-0.0380829279439254,,False,True,,
Eurostat,PT,PRT,2024,2018,CP01,Food & non-alcoholic beverages,35120.1,193233.4,18.174963541499555,34.193260585385346,,18.2,-0.0250364585004447,,False,True,,
Eurostat,PT,PRT,2024,2018,CP04,Housing & utilities (incl. imputed rent),30952.7,193233.4,16.018297043885788,34.193260585385346,9.167721522262717,16.0,0.0182970438857879,,False,True,,
Eurostat,PT,PRT,2025,2018,CP01,Food & non-alcoholic beverages,36962.2,205186.7,18.013935601089152,34.26425786856555,,18.0,0.0139356010891518,p,False,True,,
Eurostat,PT,PRT,2025,2018,CP04,Housing & utilities (incl. imputed rent),33343.5,205186.7,16.2503222674764,34.26425786856555,9.384136496176408,16.3,-0.0496777325236017,p,False,True,,
Eurostat,RO,ROU,1995,2018,CP01,Food & non-alcoholic beverages,1354.5,5274.5,,,,25.7,,,True,False,,
Eurostat,RO,ROU,1995,2018,CP04,Housing & utilities (incl. imputed rent),1379.7,5274.5,,,,26.2,,,True,False,7.57,Older (COICOP 1999) and current (COICOP 2018) figures for this country differ by up to 7.6 points (gap measured up to 2022).
Eurostat,RO,ROU,1996,2018,CP01,Food & non-alcoholic beverages,2131.3,8297.9,,,,25.7,,,True,False,,
Eurostat,RO,ROU,1996,2018,CP04,Housing & utilities (incl. imputed rent),2170.4,8297.9,,,,26.2,,,True,False,7.57,Older (COICOP 1999) and current (COICOP 2018) figures for this country differ by up to 7.6 points (gap measured up to 2022).
Eurostat,RO,ROU,1997,2018,CP01,Food & non-alcoholic beverages,4744.5,18473.7,,,,25.7,,,True,False,,
Eurostat,RO,ROU,1997,2018,CP04,Housing & utilities (incl. imputed rent),4832.2,18473.7,,,,26.2,,,True,False,7.57,Older (COICOP 1999) and current (COICOP 2018) figures for this country differ by up to 7.6 points (gap measured up to 2022).
Eurostat,RO,ROU,1998,2018,CP01,Food & non-alcoholic beverages,7294.8,28404.2,,,,25.7,,,True,False,,
Eurostat,RO,ROU,1998,2018,CP04,Housing & utilities (incl. imputed rent),7429.7,28404.2,,,,26.2,,,True,False,7.57,Older (COICOP 1999) and current (COICOP 2018) figures for this country differ by up to 7.6 points (gap measured up to 2022).
Eurostat,RO,ROU,1999,2018,CP01,Food & non-alcoholic beverages,10091.6,39295.1,,,,25.7,,,True,False,,
Eurostat,RO,ROU,1999,2018,CP04,Housing & utilities (incl. imputed rent),10278.5,39295.1,,,,26.2,,,True,False,7.57,Older (COICOP 1999) and current (COICOP 2018) figures for this country differ by up to 7.6 points (gap measured up to 2022).
Eurostat,RO,ROU,2000,2018,CP01,Food & non-alcoholic beverages,14081.3,54829.5,,,,25.7,,,True,False,,
Eurostat,RO,ROU,2000,2018,CP04,Housing & utilities (incl. imputed rent),14342.0,54829.5,,,,26.2,,,True,False,7.57,Older (COICOP 1999) and current (COICOP 2018) figures for this country differ by up to 7.6 points (gap measured up to 2022).
Eurostat,RO,ROU,2001,2018,CP01,Food & non-alcoholic beverages,20546.7,80003.9,,,,25.7,,,True,False,,
Eurostat,RO,ROU,2001,2018,CP04,Housing & utilities (incl. imputed rent),20926.9,80003.9,,,,26.2,,,True,False,7.57,Older (COICOP 1999) and current (COICOP 2018) figures for this country differ by up to 7.6 points (gap measured up to 2022).
Eurostat,RO,ROU,2002,2018,CP01,Food & non-alcoholic beverages,26490.6,103148.1,,,,25.7,,,True,False,,
Eurostat,RO,ROU,2002,2018,CP04,Housing & utilities (incl. imputed rent),26980.7,103148.1,,,,26.2,,,True,False,7.57,Older (COICOP 1999) and current (COICOP 2018) figures for this country differ by up to 7.6 points (gap measured up to 2022).
Eurostat,RO,ROU,2003,2018,CP01,Food & non-alcoholic beverages,33322.9,129751.5,,,,25.7,,,True,False,,
Eurostat,RO,ROU,2003,2018,CP04,Housing & utilities (incl. imputed rent),33939.4,129751.5,,,,26.2,,,True,False,7.57,Older (COICOP 1999) and current (COICOP 2018) figures for this country differ by up to 7.6 points (gap measured up to 2022).
Eurostat,RO,ROU,2004,2018,CP01,Food & non-alcoholic beverages,43475.0,169282.1,,,,25.7,,,True,False,,
Eurostat,RO,ROU,2004,2018,CP04,Housing & utilities (incl. imputed rent),44279.6,169282.1,,,,26.2,,,True,False,7.57,Older (COICOP 1999) and current (COICOP 2018) figures for this country differ by up to 7.6 points (gap measured up to 2022).
Eurostat,RO,ROU,2005,2018,CP01,Food & non-alcoholic beverages,51606.3,200941.9,,,,25.7,,,True,False,,
Eurostat,RO,ROU,2005,2018,CP04,Housing & utilities (incl. imputed rent),52560.8,200941.9,,,,26.2,,,True,False,7.57,Older (COICOP 1999) and current (COICOP 2018) figures for this country differ by up to 7.6 points (gap measured up to 2022).
Eurostat,RO,ROU,2006,2018,CP01,Food & non-alcoholic beverages,59486.3,231626.3,,,,25.7,,,True,False,,
Eurostat,RO,ROU,2006,2018,CP04,Housing & utilities (incl. imputed rent),60587.1,231626.3,,,,26.2,,,True,False,7.57,Older (COICOP 1999) and current (COICOP 2018) figures for this country differ by up to 7.6 points (gap measured up to 2022).
Eurostat,RO,ROU,2007,2018,CP01,Food & non-alcoholic beverages,72189.7,281089.3,,,,25.7,,,True,False,,
Eurostat,RO,ROU,2007,2018,CP04,Housing & utilities (incl. imputed rent),73525.2,281089.3,,,,26.2,,,True,False,7.57,Older (COICOP 1999) and current (COICOP 2018) figures for this country differ by up to 7.6 points (gap measured up to 2022).
Eurostat,RO,ROU,2008,2018,CP01,Food & non-alcoholic beverages,86657.5,337422.6,,,,25.7,,,True,False,,
Eurostat,RO,ROU,2008,2018,CP04,Housing & utilities (incl. imputed rent),88260.5,337422.6,,,,26.2,,,True,False,7.57,Older (COICOP 1999) and current (COICOP 2018) figures for this country differ by up to 7.6 points (gap measured up to 2022).
Eurostat,RO,ROU,2009,2018,CP01,Food & non-alcoholic beverages,84194.1,327832.5,,,,25.7,,,True,False,,
Eurostat,RO,ROU,2009,2018,CP04,Housing & utilities (incl. imputed rent),85752.1,327832.5,,,,26.2,,,True,False,7.57,Older (COICOP 1999) and current (COICOP 2018) figures for this country differ by up to 7.6 points (gap measured up to 2022).
Eurostat,RO,ROU,2010,2018,CP01,Food & non-alcoholic beverages,87604.8,340585.5,25.72182315453829,52.324130064257005,,25.7,0.0218231545382892,,False,False,,
Eurostat,RO,ROU,2010,2018,CP04,Housing & utilities (incl. imputed rent),90603.6,340585.5,26.60230690971871,52.324130064257005,13.017230621973043,26.6,0.0023069097187082,,False,False,7.57,Older (COICOP 1999) and current (COICOP 2018) figures for this country differ by up to 7.6 points (gap measured up to 2022).
Eurostat,RO,ROU,2011,2018,CP01,Food & non-alcoholic beverages,98748.3,369635.3,26.71506211663226,53.1479271595543,,26.7,0.0150621166322615,,False,False,,
Eurostat,RO,ROU,2011,2018,CP04,Housing & utilities (incl. imputed rent),97705.2,369635.3,26.43286504292204,53.1479271595543,12.352121131288058,26.4,0.0328650429220402,,False,False,7.57,Older (COICOP 1999) and current (COICOP 2018) figures for this country differ by up to 7.6 points (gap measured up to 2022).
Eurostat,RO,ROU,2012,2018,CP01,Food & non-alcoholic beverages,105057.6,390969.7,26.871033739954783,52.63965468423768,,26.9,-0.0289662600452125,,False,False,,
Eurostat,RO,ROU,2012,2018,CP04,Housing & utilities (incl. imputed rent),100747.5,390969.7,25.76862094428289,52.63965468423768,11.719450381960543,25.8,-0.0313790557171067,,False,False,7.57,Older (COICOP 1999) and current (COICOP 2018) figures for this country differ by up to 7.6 points (gap measured up to 2022).
Eurostat,RO,ROU,2013,2018,CP01,Food & non-alcoholic beverages,98042.3,383745.8,25.54876170631705,51.38836698668755,,25.5,0.0487617063170482,,False,False,,
Eurostat,RO,ROU,2013,2018,CP04,Housing & utilities (incl. imputed rent),99158.4,383745.8,25.83960528037049,51.38836698668755,12.643056940297456,25.8,0.0396052803704911,,False,False,7.57,Older (COICOP 1999) and current (COICOP 2018) figures for this country differ by up to 7.6 points (gap measured up to 2022).
Eurostat,RO,ROU,2014,2018,CP01,Food & non-alcoholic beverages,102223.5,400737.9,25.50881760871632,51.62421622711503,,25.5,0.0088176087163169,,False,False,,
Eurostat,RO,ROU,2014,2018,CP04,Housing & utilities (incl. imputed rent),104654.3,400737.9,26.11539861839871,51.62421622711503,12.810318165564077,26.1,0.0153986183987093,,False,False,7.57,Older (COICOP 1999) and current (COICOP 2018) figures for this country differ by up to 7.6 points (gap measured up to 2022).
Eurostat,RO,ROU,2015,2018,CP01,Food & non-alcoholic beverages,106288.7,426255.3,24.935455348003885,51.545259378593066,,24.9,0.0354553480038859,,False,False,,
Eurostat,RO,ROU,2015,2018,CP04,Housing & utilities (incl. imputed rent),113425.7,426255.3,26.609804030589174,51.545259378593066,13.48227224388764,26.6,0.0098040305891764,,False,False,7.57,Older (COICOP 1999) and current (COICOP 2018) figures for this country differ by up to 7.6 points (gap measured up to 2022).
Eurostat,RO,ROU,2016,2018,CP01,Food & non-alcoholic beverages,105176.2,456163.1,23.056709321731635,49.92810685476313,,23.1,-0.0432906782683666,,False,False,,
Eurostat,RO,ROU,2016,2018,CP04,Housing & utilities (incl. imputed rent),122577.4,456163.1,26.871397533031494,49.92810685476313,14.105963415278438,26.9,-0.0286024669685005,,False,False,7.57,Older (COICOP 1999) and current (COICOP 2018) figures for this country differ by up to 7.6 points (gap measured up to 2022).
Eurostat,RO,ROU,2017,2018,CP01,Food & non-alcoholic beverages,131479.3,521029.7,25.234511583504737,51.03885632623245,,25.2,0.034511583504738,,False,False,,
Eurostat,RO,ROU,2017,2018,CP04,Housing & utilities (incl. imputed rent),134448.3,521029.7,25.804344742727714,51.03885632623245,12.349814223642143,25.8,0.0043447427277136,,False,False,7.57,Older (COICOP 1999) and current (COICOP 2018) figures for this country differ by up to 7.6 points (gap measured up to 2022).
Eurostat,RO,ROU,2018,2018,CP01,Food & non-alcoholic beverages,150434.3,589962.2,25.498972646044106,50.01100070479092,,25.5,-0.0010273539558944,,False,False,,
Eurostat,RO,ROU,2018,2018,CP04,Housing & utilities (incl. imputed rent),144611.7,589962.2,24.512028058746814,50.01100070479092,11.074675631760815,24.5,0.012028058746818,,False,False,7.57,Older (COICOP 1999) and current (COICOP 2018) figures for this country differ by up to 7.6 points (gap measured up to 2022).
Eurostat,RO,ROU,2019,2018,CP01,Food & non-alcoholic beverages,160587.6,638918.2,25.13429731693353,49.876995208463306,,25.1,0.0342973169335287,,False,False,,
Eurostat,RO,ROU,2019,2018,CP04,Housing & utilities (incl. imputed rent),158085.6,638918.2,24.74269789152978,49.876995208463306,11.491940595838406,24.7,0.0426978915297802,,False,False,7.57,Older (COICOP 1999) and current (COICOP 2018) figures for this country differ by up to 7.6 points (gap measured up to 2022).
Eurostat,RO,ROU,2020,2018,CP01,Food & non-alcoholic beverages,160129.4,635486.5,25.197923165952385,50.697442038501215,,25.2,-0.0020768340476138,,False,False,,
Eurostat,RO,ROU,2020,2018,CP04,Housing & utilities (incl. imputed rent),162046.0,635486.5,25.499518872548823,50.697442038501215,12.245515837079152,25.5,-0.0004811274511737,,False,False,7.57,Older (COICOP 1999) and current (COICOP 2018) figures for this country differ by up to 7.6 points (gap measured up to 2022).
Eurostat,RO,ROU,2021,2018,CP01,Food & non-alcoholic beverages,178255.6,711267.3,25.061689184923868,50.05126764579224,,25.1,-0.0383108150761337,,False,False,,
Eurostat,RO,ROU,2021,2018,CP04,Housing & utilities (incl. imputed rent),177742.7,711267.3,24.98957846086837,50.05126764579224,11.810426263094056,25.0,-0.0104215391316309,,False,False,7.57,Older (COICOP 1999) and current (COICOP 2018) figures for this country differ by up to 7.6 points (gap measured up to 2022).
Eurostat,RO,ROU,2022,2018,CP01,Food & non-alcoholic beverages,210561.3,851085.3,24.740328613359903,48.47739703646626,,24.7,0.0403286133599039,,False,False,,
Eurostat,RO,ROU,2022,2018,CP04,Housing & utilities (incl. imputed rent),202022.7,851085.3,23.737068423106354,48.47739703646626,10.76778085580846,23.7,0.0370684231063549,,False,False,7.57,Older (COICOP 1999) and current (COICOP 2018) figures for this country differ by up to 7.6 points (gap measured up to 2022).
Eurostat,RO,ROU,2023,2018,CP01,Food & non-alcoholic beverages,219049.0,950386.5,23.048412409056738,50.06946121393771,,23.0,0.0484124090567377,,False,False,,
Eurostat,RO,ROU,2023,2018,CP04,Housing & utilities (incl. imputed rent),256804.4,950386.5,27.02104880488096,50.06946121393771,11.5918313233616,27.0,0.0210488048809587,,False,False,7.57,Older (COICOP 1999) and current (COICOP 2018) figures for this country differ by up to 7.6 points (gap measured up to 2022).
Eurostat,RO,ROU,2024,2018,CP01,Food & non-alcoholic beverages,246396.2,1066227.3,23.10916255849011,50.20146267123342,,23.1,0.0091625584901073,p,False,False,,
Eurostat,RO,ROU,2024,2018,CP04,Housing & utilities (incl. imputed rent),288865.5,1066227.3,27.092300112743317,50.20146267123342,11.622399839133738,27.1,-0.0076998872566882,p,False,False,7.57,Older (COICOP 1999) and current (COICOP 2018) figures for this country differ by up to 7.6 points (gap measured up to 2022).
Eurostat,RO,ROU,2025,2018,CP01,Food & non-alcoholic beverages,,,,,,,,,False,False,,
Eurostat,RO,ROU,2025,2018,CP04,Housing & utilities (incl. imputed rent),,,,,,,,,False,False,7.57,Older (COICOP 1999) and current (COICOP 2018) figures for this country differ by up to 7.6 points (gap measured up to 2022).
Eurostat,RS,SRB,1995,2018,CP01,Food & non-alcoholic beverages,10153.6,42137.8,24.09617967715448,52.338992543512,,24.1,-0.0038203228455238,,False,False,,
Eurostat,RS,SRB,1995,2018,CP04,Housing & utilities (incl. imputed rent),11900.9,42137.8,28.24281286635752,52.338992543512,10.885713065228844,28.2,0.0428128663575186,,False,False,,
Eurostat,RS,SRB,1996,2018,CP01,Food & non-alcoholic beverages,20385.5,86566.4,23.548975121987286,51.38968468135443,,23.5,0.0489751219872864,,False,False,,
Eurostat,RS,SRB,1996,2018,CP04,Housing & utilities (incl. imputed rent),24100.7,86566.4,27.84070955936715,51.38968468135443,11.370808997486323,27.8,0.0407095593671478,,False,False,,
Eurostat,RS,SRB,1997,2018,CP01,Food & non-alcoholic beverages,26265.0,106903.2,24.56895584042386,51.34411317902551,,24.6,-0.0310441595761403,,False,False,,
Eurostat,RS,SRB,1997,2018,CP04,Housing & utilities (incl. imputed rent),28623.5,106903.2,26.77515733860165,51.34411317902551,11.28890435459369,26.8,-0.024842661398349,,False,False,,
Eurostat,RS,SRB,1998,2018,CP01,Food & non-alcoholic beverages,37947.1,147001.7,25.814055211606394,50.77805222660691,,25.8,0.0140552116063936,,False,False,,
Eurostat,RS,SRB,1998,2018,CP04,Housing & utilities (incl. imputed rent),36697.5,147001.7,24.963997015000505,50.77805222660691,11.448166925960718,25.0,-0.0360029849994951,,False,False,,
Eurostat,RS,SRB,1999,2018,CP01,Food & non-alcoholic beverages,49538.0,175833.8,28.17319536971845,53.21838008392016,,28.2,-0.0268046302815498,,False,False,,
Eurostat,RS,SRB,1999,2018,CP04,Housing & utilities (incl. imputed rent),44037.9,175833.8,25.045184714201707,53.21838008392016,12.711606073462551,25.0,0.0451847142017065,,False,False,,
Eurostat,RS,SRB,2000,2018,CP01,Food & non-alcoholic beverages,111348.4,328540.5,33.891833731305574,55.642911604505386,,33.9,-0.0081662686944241,,False,False,,
Eurostat,RS,SRB,2000,2018,CP04,Housing & utilities (incl. imputed rent),71461.1,328540.5,21.751077873199804,55.642911604505386,12.038424486478837,21.8,-0.0489221268001962,,False,False,,
Eurostat,RS,SRB,2001,2018,CP01,Food & non-alcoholic beverages,233379.2,656522.6,35.54777855324402,56.87855985460363,,35.5,0.0477785532440222,,False,False,,
Eurostat,RS,SRB,2001,2018,CP04,Housing & utilities (incl. imputed rent),140041.4,656522.6,21.330781301359615,56.87855985460363,12.290407062909944,21.3,0.0307813013596174,,False,False,,
Eurostat,RS,SRB,2002,2018,CP01,Food & non-alcoholic beverages,261625.5,806645.6,32.43376025357357,54.71267679387329,,32.4,0.0337602535735683,,False,False,,
Eurostat,RS,SRB,2002,2018,CP04,Housing & utilities (incl. imputed rent),179711.9,806645.6,22.278916540299733,54.71267679387329,11.57469897560961,22.3,-0.021083459700268,,False,False,,
Eurostat,RS,SRB,2003,2018,CP01,Food & non-alcoholic beverages,274963.4,913868.2,30.087861685087635,52.6706039229727,,30.1,-0.0121383149123666,,False,False,,
Eurostat,RS,SRB,2003,2018,CP04,Housing & utilities (incl. imputed rent),206376.5,913868.2,22.58274223788507,52.6706039229727,11.174182447753408,22.6,-0.0172577621149301,,False,False,,
Eurostat,RS,SRB,2004,2018,CP01,Food & non-alcoholic beverages,319976.4,1139916.9,28.070151429459468,51.4435832998002,,28.1,-0.0298485705405333,,False,False,,
Eurostat,RS,SRB,2004,2018,CP04,Housing & utilities (incl. imputed rent),266437.7,1139916.9,23.373431870340728,51.4435832998002,11.666631137761009,23.4,-0.026568129659271,,False,False,,
Eurostat,RS,SRB,2005,2018,CP01,Food & non-alcoholic beverages,372248.2,1381065.9,26.95368845179655,49.88166024517731,,27.0,-0.0463115482034517,,False,False,,
Eurostat,RS,SRB,2005,2018,CP04,Housing & utilities (incl. imputed rent),316650.4,1381065.9,22.927971793380756,49.88166024517731,11.79176895179296,22.9,0.0279717933807539,,False,False,,
Eurostat,RS,SRB,2006,2018,CP01,Food & non-alcoholic beverages,437251.3,1655234.8,26.41627036840936,47.90428524098212,,26.4,0.0162703684093621,,False,False,,
Eurostat,RS,SRB,2006,2018,CP04,Housing & utilities (incl. imputed rent),355677.1,1655234.8,21.48801487257276,47.90428524098212,10.718642454834807,21.5,-0.0119851274272413,,False,False,,
Eurostat,RS,SRB,2007,2018,CP01,Food & non-alcoholic beverages,472507.5,1885494.7,25.060134085765394,45.84992999449959,,25.1,-0.0398659142346069,,False,False,,
Eurostat,RS,SRB,2007,2018,CP04,Housing & utilities (incl. imputed rent),391990.5,1885494.7,20.78979590873419,45.84992999449959,10.29497457616826,20.8,-0.010204091265809,,False,False,,
Eurostat,RS,SRB,2008,2018,CP01,Food & non-alcoholic beverages,557284.6,2173141.8,25.64418944037614,45.50204685216584,,25.6,0.0441894403761402,,False,False,,
Eurostat,RS,SRB,2008,2018,CP04,Housing & utilities (incl. imputed rent),431539.4,2173141.8,19.8578574117897,45.50204685216584,10.10659773789267,19.9,-0.0421425882103001,,False,False,,
Eurostat,RS,SRB,2009,2018,CP01,Food & non-alcoholic beverages,588991.6,2287749.6,25.74545745740705,46.39286135160946,,25.7,0.0454574574070498,,False,False,,
Eurostat,RS,SRB,2009,2018,CP04,Housing & utilities (incl. imputed rent),472360.9,2287749.6,20.647403894202405,46.39286135160946,10.542202695609694,20.6,0.0474038942024037,,False,False,,
Eurostat,RS,SRB,2010,2018,CP01,Food & non-alcoholic beverages,616230.1,2443471.7,25.21944903229286,46.41701395600367,,25.2,0.0194490322928615,,False,False,,
Eurostat,RS,SRB,2010,2018,CP04,Housing & utilities (incl. imputed rent),517956.5,2443471.7,21.1975649237108,46.41701395600367,10.854183414524506,21.2,-0.0024350762891991,,False,False,,
Eurostat,RS,SRB,2011,2018,CP01,Food & non-alcoholic beverages,721269.5,2719517.0,26.52197062934337,47.50826709301688,,26.5,0.0219706293433716,,False,False,,
Eurostat,RS,SRB,2011,2018,CP04,Housing & utilities (incl. imputed rent),570725.9,2719517.0,20.98629646367351,47.50826709301688,10.608887534073146,21.0,-0.0137035363264885,,False,False,,
Eurostat,RS,SRB,2012,2018,CP01,Food & non-alcoholic beverages,743994.9,2855777.4,26.05227214137909,47.27286867666927,,26.1,-0.0477278586209095,,False,False,,
Eurostat,RS,SRB,2012,2018,CP04,Housing & utilities (incl. imputed rent),606013.0,2855777.4,21.22059653529018,47.27286867666927,10.769540371038724,21.2,0.0205965352901813,,False,False,,
Eurostat,RS,SRB,2013,2018,CP01,Food & non-alcoholic beverages,788138.2,3004704.7,26.230138356025467,47.07954162683607,,26.2,0.0301383560254677,,False,False,,
Eurostat,RS,SRB,2013,2018,CP04,Housing & utilities (incl. imputed rent),626463.0,3004704.7,20.849403270810605,47.07954162683607,10.21045762001171,20.8,0.049403270810604,,False,False,,
Eurostat,RS,SRB,2014,2018,CP01,Food & non-alcoholic beverages,758823.3,3071800.3,24.70288514523552,46.29074357470439,,24.7,0.0028851452355169,,False,False,,
Eurostat,RS,SRB,2014,2018,CP04,Housing & utilities (incl. imputed rent),663135.9,3071800.3,21.58785842946887,46.29074357470439,10.749956629667626,21.6,-0.0121415705311314,,False,False,,
Eurostat,RS,SRB,2015,2018,CP01,Food & non-alcoholic beverages,776378.3,3111646.1,24.95072624100793,46.602886491494,,25.0,-0.0492737589920651,,False,False,,
Eurostat,RS,SRB,2015,2018,CP04,Housing & utilities (incl. imputed rent),673738.6,3111646.1,21.65216025048607,46.602886491494,10.869176285825048,21.7,-0.0478397495139297,,False,False,,
Eurostat,RS,SRB,2016,2018,CP01,Food & non-alcoholic beverages,789534.3,3214419.8,24.562264704815476,46.16380536232387,,24.6,-0.0377352951845288,,False,False,,
Eurostat,RS,SRB,2016,2018,CP04,Housing & utilities (incl. imputed rent),694364.2,3214419.8,21.601540657508394,46.16380536232387,11.03923949199168,21.6,0.0015406575083929,,False,False,,
Eurostat,RS,SRB,2017,2018,CP01,Food & non-alcoholic beverages,825142.4,3397230.3,24.288680105084428,45.40186457185431,,24.3,-0.011319894915573,,False,False,,
Eurostat,RS,SRB,2017,2018,CP04,Housing & utilities (incl. imputed rent),717263.5,3397230.3,21.113184466769887,45.40186457185431,10.715122845807658,21.1,0.0131844667698857,,False,False,,
Eurostat,RS,SRB,2018,2018,CP01,Food & non-alcoholic beverages,835084.3,3541436.6,23.580382605183445,44.293050453028016,,23.6,-0.0196173948165565,,False,False,,
Eurostat,RS,SRB,2018,2018,CP04,Housing & utilities (incl. imputed rent),733526.0,3541436.6,20.71266784784457,44.293050453028016,10.786814593828955,20.7,0.0126678478445718,,False,False,,
Eurostat,RS,SRB,2019,2018,CP01,Food & non-alcoholic beverages,852509.0,3707577.3,22.99369456167509,43.43376738227413,,23.0,-0.0063054383249117,,False,False,,
Eurostat,RS,SRB,2019,2018,CP04,Housing & utilities (incl. imputed rent),757831.5,3707577.3,20.44007282059905,43.43376738227413,10.838082863437537,20.4,0.0400728205990503,,False,False,,
Eurostat,RS,SRB,2020,2018,CP01,Food & non-alcoholic beverages,888580.2,3698225.1,24.02720699721604,45.19354973822443,,24.0,0.0272069972160409,,False,False,,
Eurostat,RS,SRB,2020,2018,CP04,Housing & utilities (incl. imputed rent),782779.0,3698225.1,21.166342741008386,45.19354973822443,11.434055217460935,21.2,-0.0336572589916173,,False,False,,
Eurostat,RS,SRB,2021,2018,CP01,Food & non-alcoholic beverages,950709.9,4179686.0,22.74596464901909,43.056045358431234,,22.7,0.0459646490190905,,False,False,,
Eurostat,RS,SRB,2021,2018,CP04,Housing & utilities (incl. imputed rent),848897.6,4179686.0,20.310080709412144,43.056045358431234,11.090859456906571,20.3,0.0100807094121435,,False,False,,
Eurostat,RS,SRB,2022,2018,CP01,Food & non-alcoholic beverages,1153979.4,4888514.6,23.605931339552512,42.45026290808255,,23.6,0.0059313395525109,,False,False,,
Eurostat,RS,SRB,2022,2018,CP04,Housing & utilities (incl. imputed rent),921207.9,4888514.6,18.84433156853004,42.45026290808255,10.262683883566597,18.8,0.0443315685300405,,False,False,,
Eurostat,RS,SRB,2023,2018,CP01,Food & non-alcoholic beverages,1310985.3,5435328.5,24.119706840166145,42.75362565482473,,24.1,0.0197068401661439,p,False,False,,
Eurostat,RS,SRB,2023,2018,CP04,Housing & utilities (incl. imputed rent),1012814.7,5435328.5,18.63391881465858,42.75362565482473,9.87238765789409,18.6,0.0339188146585769,p,False,False,,
Eurostat,RS,SRB,2024,2018,CP01,Food & non-alcoholic beverages,1392987.8,5907979.9,23.578072769001803,41.81729866751917,,23.6,-0.0219272309981981,p,False,False,,
Eurostat,RS,SRB,2024,2018,CP04,Housing & utilities (incl. imputed rent),1077569.8,5907979.9,18.23922589851736,41.81729866751917,9.346069373052538,18.2,0.0392258985173583,p,False,False,,
Eurostat,RS,SRB,2025,2018,CP01,Food & non-alcoholic beverages,,,,,,,,,False,False,,
Eurostat,RS,SRB,2025,2018,CP04,Housing & utilities (incl. imputed rent),,,,,,,,,False,False,,
Eurostat,SK,SVK,1995,2018,CP01,Food & non-alcoholic beverages,2115.0,10403.6,20.32950132646392,54.16009842746742,,20.3,0.0295013264639152,,False,False,,
Eurostat,SK,SVK,1995,2018,CP04,Housing & utilities (incl. imputed rent),3519.6,10403.6,33.8305971010035,54.16009842746742,24.860625168211005,33.8,0.0305971010035008,,False,False,,
Eurostat,SK,SVK,1996,2018,CP01,Food & non-alcoholic beverages,2263.3,11481.6,19.712409420289852,51.70533723522854,,19.7,0.0124094202898561,,False,False,,
Eurostat,SK,SVK,1996,2018,CP04,Housing & utilities (incl. imputed rent),3673.3,11481.6,31.99292781493869,51.70533723522854,23.114374303233,32.0,-0.0070721850613111,,False,False,,
Eurostat,SK,SVK,1997,2018,CP01,Food & non-alcoholic beverages,2584.3,12462.6,20.7364434387688,51.21322998411246,,20.7,0.0364434387687993,,False,False,,
Eurostat,SK,SVK,1997,2018,CP04,Housing & utilities (incl. imputed rent),3798.2,12462.6,30.476786545343664,51.21322998411246,21.69290517227545,30.5,-0.0232134546563358,,False,False,,
Eurostat,SK,SVK,1998,2018,CP01,Food & non-alcoholic beverages,2806.3,13716.9,20.458704226173555,49.65990857992696,,20.5,-0.0412957738264445,,False,False,,
Eurostat,SK,SVK,1998,2018,CP04,Housing & utilities (incl. imputed rent),4005.5,13716.9,29.2012043537534,49.65990857992696,20.212292865005946,29.2,0.0012043537534012,,False,False,,
Eurostat,SK,SVK,1999,2018,CP01,Food & non-alcoholic beverages,3043.2,15117.7,20.130046237192165,49.200605912275016,,20.1,0.0300462371921632,,False,False,,
Eurostat,SK,SVK,1999,2018,CP04,Housing & utilities (incl. imputed rent),4394.8,15117.7,29.07055967508285,49.200605912275016,18.87059539480212,29.1,-0.0294403249171502,,False,False,,
Eurostat,SK,SVK,2000,2018,CP01,Food & non-alcoholic beverages,3266.8,16833.2,19.406886391179334,49.0792006273317,,19.4,0.0068863911793393,,False,False,,
Eurostat,SK,SVK,2000,2018,CP04,Housing & utilities (incl. imputed rent),4994.8,16833.2,29.672314236152364,49.0792006273317,18.301333079865977,29.7,-0.0276857638476357,,False,False,,
Eurostat,SK,SVK,2001,2018,CP01,Food & non-alcoholic beverages,3399.7,19068.2,17.829160591980365,46.35046831898134,,17.8,0.0291605919803643,,False,False,,
Eurostat,SK,SVK,2001,2018,CP04,Housing & utilities (incl. imputed rent),5438.5,19068.2,28.521307727000973,46.35046831898134,17.162605804428313,28.5,0.0213077270009733,,False,False,,
Eurostat,SK,SVK,2002,2018,CP01,Food & non-alcoholic beverages,3587.7,20551.4,17.457204861955873,47.11455180668957,,17.5,-0.0427951380441271,,False,False,,
Eurostat,SK,SVK,2002,2018,CP04,Housing & utilities (incl. imputed rent),6095.0,20551.4,29.657346944733693,47.11455180668957,17.92724583240071,29.7,-0.0426530552663066,,False,False,,
Eurostat,SK,SVK,2003,2018,CP01,Food & non-alcoholic beverages,3572.3,21956.2,16.27011960175258,48.14767582732896,,16.3,-0.0298803982474211,,False,False,,
Eurostat,SK,SVK,2003,2018,CP04,Housing & utilities (incl. imputed rent),6999.1,21956.2,31.877556225576377,48.14767582732896,18.02178883413341,31.9,-0.0224437744236212,,False,False,,
Eurostat,SK,SVK,2004,2018,CP01,Food & non-alcoholic beverages,3707.7,24965.8,14.851116327135522,48.69181039662258,,14.9,-0.0488836728644788,,False,False,,
Eurostat,SK,SVK,2004,2018,CP04,Housing & utilities (incl. imputed rent),8448.6,24965.8,33.84069406948706,48.69181039662258,18.30624294034239,33.8,0.0406940694870598,,False,False,,
Eurostat,SK,SVK,2005,2018,CP01,Food & non-alcoholic beverages,3887.6,26763.0,14.52602473564249,46.66330381496843,,14.5,0.0260247356424905,,False,False,,
Eurostat,SK,SVK,2005,2018,CP04,Housing & utilities (incl. imputed rent),8600.9,26763.0,32.13727907932593,46.66330381496843,16.375219519485857,32.1,0.037279079325927,,False,False,,
Eurostat,SK,SVK,2006,2018,CP01,Food & non-alcoholic beverages,4433.3,30191.2,14.6840801293092,46.71493680277696,,14.7,-0.0159198706907979,,False,False,,
Eurostat,SK,SVK,2006,2018,CP04,Housing & utilities (incl. imputed rent),9670.5,30191.2,32.03085667346777,46.71493680277696,15.965910596465196,32.0,0.0308566734677668,,False,False,,
Eurostat,SK,SVK,2007,2018,CP01,Food & non-alcoholic beverages,5088.6,33377.4,15.245645256970286,46.89700216314033,,15.2,0.0456452569702872,,False,False,,
Eurostat,SK,SVK,2007,2018,CP04,Housing & utilities (incl. imputed rent),10564.4,33377.4,31.65135690617004,46.89700216314033,16.633410631145626,31.7,-0.0486430938299591,,False,False,,
Eurostat,SK,SVK,2008,2018,CP01,Food & non-alcoholic beverages,5640.0,37179.6,15.169609140496402,46.611582695887,,15.2,-0.0303908595035977,,False,False,,
Eurostat,SK,SVK,2008,2018,CP04,Housing & utilities (incl. imputed rent),11690.0,37179.6,31.44197355539059,46.611582695887,17.08383091803032,31.4,0.0419735553905908,,False,False,,
Eurostat,SK,SVK,2009,2018,CP01,Food & non-alcoholic beverages,5757.3,37022.8,15.550687684345862,46.91487407759543,,15.6,-0.0493123156541379,,False,False,,
Eurostat,SK,SVK,2009,2018,CP04,Housing & utilities (incl. imputed rent),11611.9,37022.8,31.36418639324956,46.91487407759543,16.395842561880787,31.4,-0.0358136067504375,,False,False,,
Eurostat,SK,SVK,2010,2018,CP01,Food & non-alcoholic beverages,5745.0,37809.0,15.19479489010553,46.427305667962656,,15.2,-0.0052051098944687,,False,False,,
Eurostat,SK,SVK,2010,2018,CP04,Housing & utilities (incl. imputed rent),11808.7,37809.0,31.23251077785713,46.427305667962656,16.328122933693038,31.2,0.0325107778571265,,False,False,,
Eurostat,SK,SVK,2011,2018,CP01,Food & non-alcoholic beverages,5828.7,38482.2,15.146483309166316,46.77487253847234,,15.1,0.0464833091663177,,False,False,,
Eurostat,SK,SVK,2011,2018,CP04,Housing & utilities (incl. imputed rent),12171.3,38482.2,31.62838922930602,46.77487253847234,16.248031557447344,31.6,0.0283892293060183,,False,False,,
Eurostat,SK,SVK,2012,2018,CP01,Food & non-alcoholic beverages,6336.7,39953.8,15.86006837897772,46.79354654626093,,15.9,-0.0399316210222817,,False,False,,
Eurostat,SK,SVK,2012,2018,CP04,Housing & utilities (incl. imputed rent),12359.1,39953.8,30.93347816728321,46.79354654626093,15.553213962126256,30.9,0.0334781672832136,,False,False,,
Eurostat,SK,SVK,2013,2018,CP01,Food & non-alcoholic beverages,6312.1,39881.1,15.827296639260204,46.76927166000937,,15.8,0.0272966392602018,,False,False,,
Eurostat,SK,SVK,2013,2018,CP04,Housing & utilities (incl. imputed rent),12340.0,39881.1,30.94197502074918,46.76927166000937,15.641745087271916,30.9,0.0419750207491809,,False,False,,
Eurostat,SK,SVK,2014,2018,CP01,Food & non-alcoholic beverages,6080.4,40361.7,15.06477675618222,46.80798876162303,,15.1,-0.0352232438177786,,False,False,,
Eurostat,SK,SVK,2014,2018,CP04,Housing & utilities (incl. imputed rent),12812.1,40361.7,31.743212005440807,46.80798876162303,15.69111310970549,31.7,0.0432120054408073,,False,False,,
Eurostat,SK,SVK,2015,2018,CP01,Food & non-alcoholic beverages,6349.6,41504.4,15.29861894160619,46.04403388556395,,15.3,-0.0013810583938109,,False,False,,
Eurostat,SK,SVK,2015,2018,CP04,Housing & utilities (incl. imputed rent),12760.7,41504.4,30.745414943957748,46.04403388556395,15.371382311273022,30.7,0.0454149439577484,,False,False,,
Eurostat,SK,SVK,2016,2018,CP01,Food & non-alcoholic beverages,6552.3,43049.6,15.220350479446964,45.74816026165168,,15.2,0.0203504794469644,,False,False,,
Eurostat,SK,SVK,2016,2018,CP04,Housing & utilities (incl. imputed rent),13142.1,43049.6,30.527809782204717,45.74816026165168,15.496543521891027,30.5,0.0278097822047129,,False,False,,
Eurostat,SK,SVK,2017,2018,CP01,Food & non-alcoholic beverages,7537.3,45918.1,16.414660014242752,45.30805934914554,,16.4,0.0146600142427537,,False,False,,
Eurostat,SK,SVK,2017,2018,CP04,Housing & utilities (incl. imputed rent),13267.3,45918.1,28.893399334902792,45.30805934914554,14.975358300974998,28.9,-0.0066006650972063,,False,False,,
Eurostat,SK,SVK,2018,2018,CP01,Food & non-alcoholic beverages,8064.9,48584.2,16.599841100604724,44.855529163802224,,16.6,-0.0001588993952772,,False,False,,
Eurostat,SK,SVK,2018,2018,CP04,Housing & utilities (incl. imputed rent),13727.8,48584.2,28.2556880631975,44.855529163802224,14.780525355979927,28.3,-0.0443119368025008,,False,False,,
Eurostat,SK,SVK,2019,2018,CP01,Food & non-alcoholic beverages,8639.7,51201.7,16.87385379782312,45.25748168517842,,16.9,-0.0261462021768785,,False,False,,
Eurostat,SK,SVK,2019,2018,CP04,Housing & utilities (incl. imputed rent),14532.9,51201.7,28.383627887355303,45.25748168517842,14.75126802430388,28.4,-0.0163721126446922,,False,False,,
Eurostat,SK,SVK,2020,2018,CP01,Food & non-alcoholic beverages,10323.1,52088.4,19.81842406370708,49.79477196458329,,19.8,0.01842406370708,,False,False,,
Eurostat,SK,SVK,2020,2018,CP04,Housing & utilities (incl. imputed rent),15614.2,52088.4,29.97634790087621,49.79477196458329,15.820988934196482,30.0,-0.0236520991237938,,False,False,,
Eurostat,SK,SVK,2021,2018,CP01,Food & non-alcoholic beverages,10832.2,55111.1,19.65520557564629,49.75367938582246,,19.7,-0.0447944243537108,,False,False,,
Eurostat,SK,SVK,2021,2018,CP04,Housing & utilities (incl. imputed rent),16587.6,55111.1,30.09847381017617,49.75367938582246,16.687926751598134,30.1,-0.0015261898238314,,False,False,,
Eurostat,SK,SVK,2022,2018,CP01,Food & non-alcoholic beverages,11731.4,63909.0,18.356413024769594,47.56857406625045,,18.4,-0.0435869752304043,,False,False,,
Eurostat,SK,SVK,2022,2018,CP04,Housing & utilities (incl. imputed rent),18669.2,63909.0,29.21216104148085,47.56857406625045,16.204134003035566,29.2,0.012161041480855,,False,False,,
Eurostat,SK,SVK,2023,2018,CP01,Food & non-alcoholic beverages,13572.2,68307.8,19.86918038642732,48.57527251646224,,19.9,-0.0308196135726817,,False,False,,
Eurostat,SK,SVK,2023,2018,CP04,Housing & utilities (incl. imputed rent),19608.5,68307.8,28.70609213003493,48.57527251646224,15.691619405104545,28.7,0.0060921300349292,,False,False,,
Eurostat,SK,SVK,2024,2018,CP01,Food & non-alcoholic beverages,14286.8,72472.4,19.713435735535185,47.36189225139502,,19.7,0.0134357355351859,,False,False,,
Eurostat,SK,SVK,2024,2018,CP04,Housing & utilities (incl. imputed rent),20037.5,72472.4,27.64845651585983,47.36189225139502,15.437877040086986,27.6,0.0484565158598293,,False,False,,
Eurostat,SK,SVK,2025,2018,CP01,Food & non-alcoholic beverages,,,,,,,,,False,False,,
Eurostat,SK,SVK,2025,2018,CP04,Housing & utilities (incl. imputed rent),,,,,,,,,False,False,,
Eurostat,SI,SVN,1995,2018,CP01,Food & non-alcoholic beverages,1098.8,6398.2,17.173580069394518,36.6056078272014,,17.2,-0.0264199306054813,,False,False,,
Eurostat,SI,SVN,1995,2018,CP04,Housing & utilities (incl. imputed rent),1243.3,6398.2,19.43202775780688,36.6056078272014,13.134944203057112,19.4,0.0320277578068832,,False,False,,
Eurostat,SI,SVN,1996,2018,CP01,Food & non-alcoholic beverages,1231.0,7339.0,16.77340237089522,36.20793023572694,,16.8,-0.0265976291047813,,False,False,,
Eurostat,SI,SVN,1996,2018,CP04,Housing & utilities (incl. imputed rent),1426.3,7339.0,19.43452786483172,36.20793023572694,12.95408093745742,19.4,0.0345278648317233,,False,False,,
Eurostat,SI,SVN,1997,2018,CP01,Food & non-alcoholic beverages,1392.4,8244.9,16.88801562177831,36.27454547659766,,16.9,-0.0119843782216868,,False,False,,
Eurostat,SI,SVN,1997,2018,CP04,Housing & utilities (incl. imputed rent),1598.4,8244.9,19.386529854819344,36.27454547659766,12.65024439350386,19.4,-0.0134701451806549,,False,False,,
Eurostat,SI,SVN,1998,2018,CP01,Food & non-alcoholic beverages,1521.7,8942.1,17.017255454535288,36.46458885496695,,17.0,0.017255454535288,,False,False,,
Eurostat,SI,SVN,1998,2018,CP04,Housing & utilities (incl. imputed rent),1739.0,8942.1,19.447333400431667,36.46458885496695,12.608895002292526,19.4,0.0473334004316683,,False,False,,
Eurostat,SI,SVN,1999,2018,CP01,Food & non-alcoholic beverages,1649.3,10021.4,16.45778035005089,35.540942383299736,,16.5,-0.0422196499491107,,False,False,,
Eurostat,SI,SVN,1999,2018,CP04,Housing & utilities (incl. imputed rent),1912.4,10021.4,19.08316203324885,35.540942383299736,12.041231764024989,19.1,-0.0168379667511509,,False,False,,
Eurostat,SI,SVN,2000,2018,CP01,Food & non-alcoholic beverages,1759.7,10800.1,16.293367654003205,35.72466921602578,,16.3,-0.0066323459967954,,False,False,,
Eurostat,SI,SVN,2000,2018,CP04,Housing & utilities (incl. imputed rent),2098.6,10800.1,19.431301562022576,35.72466921602578,12.045258840195924,19.4,0.0313015620225769,,False,False,,
Eurostat,SI,SVN,2001,2018,CP01,Food & non-alcoholic beverages,1970.7,11910.9,16.54534921794323,35.68663996843228,,16.5,0.0453492179432295,,False,False,,
Eurostat,SI,SVN,2001,2018,CP04,Housing & utilities (incl. imputed rent),2279.9,11910.9,19.14129075048905,35.68663996843228,11.666624688310709,19.1,0.0412907504890469,,False,False,,
Eurostat,SI,SVN,2002,2018,CP01,Food & non-alcoholic beverages,2115.0,13047.6,16.209877678653545,34.78570771636163,,16.2,0.0098776786535452,,False,False,,
Eurostat,SI,SVN,2002,2018,CP04,Housing & utilities (incl. imputed rent),2423.7,13047.6,18.575830037708084,34.78570771636163,11.292498237223704,18.6,-0.0241699622919178,,False,False,,
Eurostat,SI,SVN,2003,2018,CP01,Food & non-alcoholic beverages,2275.4,14240.3,15.97859595654586,34.03018194841401,,16.0,-0.0214040434541402,,False,False,,
Eurostat,SI,SVN,2003,2018,CP04,Housing & utilities (incl. imputed rent),2570.6,14240.3,18.051585991868148,34.03018194841401,10.829828023286026,18.1,-0.0484140081318535,,False,False,,
Eurostat,SI,SVN,2004,2018,CP01,Food & non-alcoholic beverages,2301.2,15142.8,15.19666111947592,33.8246559420979,,15.2,-0.0033388805240779,,False,False,,
Eurostat,SI,SVN,2004,2018,CP04,Housing & utilities (incl. imputed rent),2820.8,15142.8,18.62799482262197,33.8246559420979,11.106928705391342,18.6,0.0279948226219737,,False,False,,
Eurostat,SI,SVN,2005,2018,CP01,Food & non-alcoholic beverages,2318.1,16019.9,14.470127778575398,33.398460664548466,,14.5,-0.0298722214246023,,False,False,,
Eurostat,SI,SVN,2005,2018,CP04,Housing & utilities (incl. imputed rent),3032.3,16019.9,18.928332885973077,33.398460664548466,11.054376119701123,18.9,0.0283328859730751,,False,False,,
Eurostat,SI,SVN,2006,2018,CP01,Food & non-alcoholic beverages,2341.7,16636.6,14.075592368633014,33.46056285539113,,14.1,-0.0244076313669854,,False,False,,
Eurostat,SI,SVN,2006,2018,CP04,Housing & utilities (incl. imputed rent),3225.0,16636.6,19.384970486758117,33.46056285539113,11.259512159936529,19.4,-0.0150295132418847,,False,False,,
Eurostat,SI,SVN,2007,2018,CP01,Food & non-alcoholic beverages,2562.5,18485.4,13.862291321799905,32.50403020762332,,13.9,-0.0377086782000954,,False,False,,
Eurostat,SI,SVN,2007,2018,CP04,Housing & utilities (incl. imputed rent),3446.0,18485.4,18.641738885823404,32.50403020762332,10.817185454466768,18.6,0.0417388858234026,,False,False,,
Eurostat,SI,SVN,2008,2018,CP01,Food & non-alcoholic beverages,2849.9,20014.5,14.239176596967198,33.087011916360645,,14.2,0.0391765969671986,,False,False,,
Eurostat,SI,SVN,2008,2018,CP04,Housing & utilities (incl. imputed rent),3772.3,20014.5,18.84783531939344,33.087011916360645,10.63828724174973,18.8,0.0478353193934388,,False,False,,
Eurostat,SI,SVN,2009,2018,CP01,Food & non-alcoholic beverages,2919.3,20173.6,14.47089265178253,33.62711662767181,,14.5,-0.0291073482174706,,False,False,,
Eurostat,SI,SVN,2009,2018,CP04,Housing & utilities (incl. imputed rent),3864.5,20173.6,19.156223975889283,33.62711662767181,10.708054090494509,19.2,-0.0437760241107163,,False,False,,
Eurostat,SI,SVN,2010,2018,CP01,Food & non-alcoholic beverages,2971.8,20934.8,14.195502225958691,33.82024189388005,,14.2,-0.0044977740413063,,False,False,,
Eurostat,SI,SVN,2010,2018,CP04,Housing & utilities (incl. imputed rent),4108.4,20934.8,19.624739667921357,33.82024189388005,10.32586888816707,19.6,0.0247396679213522,,False,False,,
Eurostat,SI,SVN,2011,2018,CP01,Food & non-alcoholic beverages,3131.1,21474.0,14.580888516345349,34.27214305671976,,14.6,-0.0191114836546528,,False,False,,
Eurostat,SI,SVN,2011,2018,CP04,Housing & utilities (incl. imputed rent),4228.5,21474.0,19.691254540374405,34.27214305671976,10.267299990686412,19.7,-0.0087454596255938,,False,False,,
Eurostat,SI,SVN,2012,2018,CP01,Food & non-alcoholic beverages,3212.7,21480.7,14.956216510635128,34.93787446405378,,15.0,-0.0437834893648734,,False,False,,
Eurostat,SI,SVN,2012,2018,CP04,Housing & utilities (incl. imputed rent),4292.2,21480.7,19.98165795341865,34.93787446405378,10.36884272858892,20.0,-0.018342046581349,,False,False,,
Eurostat,SI,SVN,2013,2018,CP01,Food & non-alcoholic beverages,3152.9,20988.4,15.022107449829427,35.227077814411764,,15.0,0.0221074498294271,,False,False,,
Eurostat,SI,SVN,2013,2018,CP04,Housing & utilities (incl. imputed rent),4240.7,20988.4,20.20497036458234,35.227077814411764,10.662556459758724,20.2,0.0049703645823413,,False,False,,
Eurostat,SI,SVN,2014,2018,CP01,Food & non-alcoholic beverages,3135.0,21222.3,14.772197169958016,34.598040740164826,,14.8,-0.0278028300419848,,False,False,,
Eurostat,SI,SVN,2014,2018,CP04,Housing & utilities (incl. imputed rent),4207.5,21222.3,19.82584357020681,34.598040740164826,10.67179334944846,19.8,0.0258435702068098,,False,False,,
Eurostat,SI,SVN,2015,2018,CP01,Food & non-alcoholic beverages,3182.7,21592.1,14.740113282172643,34.49131858411178,,14.7,0.0401132821726459,,False,False,,
Eurostat,SI,SVN,2015,2018,CP04,Housing & utilities (incl. imputed rent),4264.7,21592.1,19.75120530193913,34.49131858411178,10.84609648899366,19.8,-0.0487946980608668,,False,False,,
Eurostat,SI,SVN,2016,2018,CP01,Food & non-alcoholic beverages,3261.2,22354.2,14.588757369979689,34.213257463921764,,14.6,-0.0112426300203107,,False,False,,
Eurostat,SI,SVN,2016,2018,CP04,Housing & utilities (incl. imputed rent),4386.9,22354.2,19.624500093942075,34.213257463921764,10.900412450456736,19.6,0.0245000939420734,,False,False,,
Eurostat,SI,SVN,2017,2018,CP01,Food & non-alcoholic beverages,3293.5,23343.8,14.108671253180717,33.25722461638637,,14.1,0.0086712531807169,,False,False,,
Eurostat,SI,SVN,2017,2018,CP04,Housing & utilities (incl. imputed rent),4470.0,23343.8,19.148553363205647,33.25722461638637,10.644796477008883,19.1,0.0485533632056451,,False,False,,
Eurostat,SI,SVN,2018,2018,CP01,Food & non-alcoholic beverages,3425.8,24626.9,13.910804851605358,32.68742716298032,,13.9,0.0108048516053571,,False,False,,
Eurostat,SI,SVN,2018,2018,CP04,Housing & utilities (incl. imputed rent),4624.1,24626.9,18.77662231137496,32.68742716298032,10.353718900876684,18.8,-0.0233776886250396,,False,False,,
Eurostat,SI,SVN,2019,2018,CP01,Food & non-alcoholic beverages,3645.4,26299.0,13.861363549944866,32.21567359975664,,13.9,-0.0386364500551348,,False,False,,
Eurostat,SI,SVN,2019,2018,CP04,Housing & utilities (incl. imputed rent),4827.0,26299.0,18.35431004981178,32.21567359975664,9.908741777253889,18.4,-0.045689950188219,,False,False,,
Eurostat,SI,SVN,2020,2018,CP01,Food & non-alcoholic beverages,3710.5,23474.2,15.80671545782178,36.743318196147264,,15.8,0.0067154578217785,,False,False,,
Eurostat,SI,SVN,2020,2018,CP04,Housing & utilities (incl. imputed rent),4914.7,23474.2,20.93660273832548,36.743318196147264,11.351185556909286,20.9,0.036602738325481,,False,False,,
Eurostat,SI,SVN,2021,2018,CP01,Food & non-alcoholic beverages,3803.3,27098.3,14.035197779934537,33.44896174298757,,14.0,0.0351977799345348,,False,False,,
Eurostat,SI,SVN,2021,2018,CP04,Housing & utilities (incl. imputed rent),5260.8,27098.3,19.41376396305304,33.44896174298757,10.335703715731247,19.4,0.0137639630530372,,False,False,,
Eurostat,SI,SVN,2022,2018,CP01,Food & non-alcoholic beverages,4329.5,31313.8,13.826172486252068,32.77021632634813,,13.8,0.0261724862520669,,False,False,,
Eurostat,SI,SVN,2022,2018,CP04,Housing & utilities (incl. imputed rent),5932.1,31313.8,18.94404384009606,32.77021632634813,10.052117596714549,18.9,0.0440438400960623,,False,False,,
Eurostat,SI,SVN,2023,2018,CP01,Food & non-alcoholic beverages,4714.7,33564.3,14.04676993114708,32.3608715212294,,14.0,0.0467699311470788,,False,False,,
Eurostat,SI,SVN,2023,2018,CP04,Housing & utilities (incl. imputed rent),6147.0,33564.3,18.31410159008232,32.3608715212294,9.7880784047336,18.3,0.0141015900823191,,False,False,,
Eurostat,SI,SVN,2024,2018,CP01,Food & non-alcoholic beverages,5159.7,35281.1,14.624544019319124,32.63928845755943,,14.6,0.0245440193191246,,False,False,,
Eurostat,SI,SVN,2024,2018,CP04,Housing & utilities (incl. imputed rent),6355.8,35281.1,18.014744438240303,32.63928845755943,9.533716352381305,18.0,0.014744438240303,,False,False,,
Eurostat,SI,SVN,2025,2018,CP01,Food & non-alcoholic beverages,5648.5,36892.6,15.310658506041865,33.23457820809593,,15.3,0.010658506041862,,False,False,,
Eurostat,SI,SVN,2025,2018,CP04,Housing & utilities (incl. imputed rent),6612.6,36892.6,17.92391970205407,33.23457820809593,9.39944595935228,17.9,0.0239197020540729,,False,False,,
Eurostat,SE,SWE,1993,2018,CP01,Food & non-alcoholic beverages,113754.0,820270.0,13.867872773598938,44.77501310544089,,13.9,-0.0321272264010623,,False,False,,
Eurostat,SE,SWE,1993,2018,CP04,Housing & utilities (incl. imputed rent),253522.0,820270.0,30.907140331841955,44.77501310544089,17.202262669608785,30.9,0.0071403318419562,,False,False,,
Eurostat,SE,SWE,1994,2018,CP01,Food & non-alcoholic beverages,119230.0,856788.0,13.91592786080104,44.65141902080795,,13.9,0.0159278608010389,,False,False,,
Eurostat,SE,SWE,1994,2018,CP04,Housing & utilities (incl. imputed rent),263338.0,856788.0,30.735491160006912,44.65141902080795,17.11730323020397,30.7,0.0354911600069129,,False,False,,
Eurostat,SE,SWE,1995,2018,CP01,Food & non-alcoholic beverages,121645.0,894348.0,13.601528711418824,43.99148877170855,,13.6,0.0015287114188229,,False,False,,
Eurostat,SE,SWE,1995,2018,CP04,Housing & utilities (incl. imputed rent),271792.0,894348.0,30.389960060289727,43.99148877170855,16.92171280083368,30.4,-0.0100399397102712,,False,False,,
Eurostat,SE,SWE,1996,2018,CP01,Food & non-alcoholic beverages,116736.0,919729.0,12.692434401872726,43.76528303445906,,12.7,-0.0075655981272735,,False,False,,
Eurostat,SE,SWE,1996,2018,CP04,Housing & utilities (incl. imputed rent),285786.0,919729.0,31.072848632586336,43.76528303445906,17.082640647408095,31.1,-0.0271513674136656,,False,False,,
Eurostat,SE,SWE,1997,2018,CP01,Food & non-alcoholic beverages,119415.0,959746.0,12.442354539638613,43.01742335993065,,12.4,0.0423545396386124,,False,False,,
Eurostat,SE,SWE,1997,2018,CP04,Housing & utilities (incl. imputed rent),293443.0,959746.0,30.575068820292035,43.01742335993065,16.91176623815051,30.6,-0.0249311797079663,,False,False,,
Eurostat,SE,SWE,1998,2018,CP01,Food & non-alcoholic beverages,121390.0,994561.0,12.2053850895018,41.80145813077328,,12.2,0.0053850895018019,,False,False,,
Eurostat,SE,SWE,1998,2018,CP04,Housing & utilities (incl. imputed rent),294351.0,994561.0,29.596073041271477,41.80145813077328,16.23972787993899,29.6,-0.0039269587285275,,False,False,,
Eurostat,SE,SWE,1999,2018,CP01,Food & non-alcoholic beverages,125015.0,1054484.0,11.855561582726718,39.85143444566253,,11.9,-0.0444384172732821,,False,False,,
Eurostat,SE,SWE,1999,2018,CP04,Housing & utilities (incl. imputed rent),295212.0,1054484.0,27.995872862935805,39.85143444566253,15.384017206519966,28.0,-0.004127137064195,,False,False,,
Eurostat,SE,SWE,2000,2018,CP01,Food & non-alcoholic beverages,129517.0,1115259.0,11.61317684950312,38.47348463451091,,11.6,0.0131768495031199,,False,False,,
Eurostat,SE,SWE,2000,2018,CP04,Housing & utilities (incl. imputed rent),299562.0,1115259.0,26.860307785007787,38.47348463451091,14.794141988542572,26.9,-0.0396922149922112,,False,False,,
Eurostat,SE,SWE,2001,2018,CP01,Food & non-alcoholic beverages,137253.0,1153918.0,11.894519367927357,38.79019133075314,,11.9,-0.0054806320726434,,False,False,,
Eurostat,SE,SWE,2001,2018,CP04,Housing & utilities (incl. imputed rent),310354.0,1153918.0,26.89567196282578,38.79019133075314,14.46099289550904,26.9,-0.0043280371742184,,False,False,,
Eurostat,SE,SWE,2002,2018,CP01,Food & non-alcoholic beverages,145940.0,1200397.0,12.15764451260708,39.09281679311095,,12.2,-0.0423554873929195,,False,False,,
Eurostat,SE,SWE,2002,2018,CP04,Housing & utilities (incl. imputed rent),323329.0,1200397.0,26.935172280503867,39.09281679311095,14.46338169788828,26.9,0.0351722805038683,,False,False,,
Eurostat,SE,SWE,2003,2018,CP01,Food & non-alcoholic beverages,149192.0,1241749.0,12.014666410039387,39.400635716235726,,12.0,0.0146664100393874,,False,False,,
Eurostat,SE,SWE,2003,2018,CP04,Housing & utilities (incl. imputed rent),340065.0,1241749.0,27.38596930619634,39.400635716235726,14.672691502066842,27.4,-0.014030693803658,,False,False,,
Eurostat,SE,SWE,2004,2018,CP01,Food & non-alcoholic beverages,151277.0,1282811.0,11.792617930466765,38.77133888000648,,11.8,-0.0073820695332358,,False,False,,
Eurostat,SE,SWE,2004,2018,CP04,Housing & utilities (incl. imputed rent),346086.0,1282811.0,26.97872094953972,38.77133888000648,14.590691847824816,27.0,-0.0212790504602793,,False,False,,
Eurostat,SE,SWE,2005,2018,CP01,Food & non-alcoholic beverages,154309.0,1338575.0,11.527856115645369,38.17798778551818,,11.5,0.0278561156453687,,False,False,,
Eurostat,SE,SWE,2005,2018,CP04,Housing & utilities (incl. imputed rent),356732.0,1338575.0,26.650131669872813,38.17798778551818,14.693984274321572,26.7,-0.049868330127186,,False,False,,
Eurostat,SE,SWE,2006,2018,CP01,Food & non-alcoholic beverages,161713.0,1398234.0,11.565517645830385,37.83336694716335,,11.6,-0.034482354169615,,False,False,,
Eurostat,SE,SWE,2006,2018,CP04,Housing & utilities (incl. imputed rent),367286.0,1398234.0,26.26784930133297,37.83336694716335,14.32721561627024,26.3,-0.0321506986670314,,False,False,,
Eurostat,SE,SWE,2007,2018,CP01,Food & non-alcoholic beverages,170896.0,1479909.0,11.54773705680552,37.36121612882955,,11.5,0.0477370568055199,,False,False,,
Eurostat,SE,SWE,2007,2018,CP04,Housing & utilities (incl. imputed rent),382016.0,1479909.0,25.81347907202402,37.36121612882955,14.139382894488785,25.8,0.0134790720240189,,False,False,,
Eurostat,SE,SWE,2008,2018,CP01,Food & non-alcoholic beverages,179635.0,1520470.0,11.814438956375332,38.021532815510994,,11.8,0.0144389563753311,,False,False,,
Eurostat,SE,SWE,2008,2018,CP04,Housing & utilities (incl. imputed rent),398471.0,1520470.0,26.20709385913566,38.021532815510994,14.237110893342187,26.2,0.0070938591356615,,False,False,,
Eurostat,SE,SWE,2009,2018,CP01,Food & non-alcoholic beverages,189773.0,1564203.0,12.132248819366795,38.7886354904063,,12.1,0.0322488193667958,,False,False,,
Eurostat,SE,SWE,2009,2018,CP04,Housing & utilities (incl. imputed rent),416960.0,1564203.0,26.6563866710395,38.7886354904063,14.58749279984759,26.7,-0.0436133289605003,,False,False,,
Eurostat,SE,SWE,2010,2018,CP01,Food & non-alcoholic beverages,192811.0,1640859.0,11.750613550585394,38.37106052378663,,11.8,-0.049386449414607,,False,False,,
Eurostat,SE,SWE,2010,2018,CP04,Housing & utilities (incl. imputed rent),436804.0,1640859.0,26.620446973201236,38.37106052378663,14.300802201773582,26.6,0.0204469732012313,,False,False,,
Eurostat,SE,SWE,2011,2018,CP01,Food & non-alcoholic beverages,197410.0,1695830.0,11.640907402274992,38.03140644993897,,11.6,0.0409074022749926,,False,False,,
Eurostat,SE,SWE,2011,2018,CP04,Housing & utilities (incl. imputed rent),447538.0,1695830.0,26.39049904766397,38.03140644993897,14.617679838191329,26.4,-0.0095009523360261,,False,False,,
Eurostat,SE,SWE,2012,2018,CP01,Food & non-alcoholic beverages,206721.0,1720508.0,12.01511414070728,38.16861066615209,,12.0,0.0151141407072792,,False,False,,
Eurostat,SE,SWE,2012,2018,CP04,Housing & utilities (incl. imputed rent),449973.0,1720508.0,26.153496525444808,38.16861066615209,14.290314256022056,26.2,-0.0465034745551911,,False,False,,
Eurostat,SE,SWE,2013,2018,CP01,Food & non-alcoholic beverages,211896.0,1758050.0,12.05289951935383,38.15630954751003,,12.1,-0.0471004806461703,,False,False,,
Eurostat,SE,SWE,2013,2018,CP04,Housing & utilities (incl. imputed rent),458911.0,1758050.0,26.103410028156198,38.15630954751003,14.34401751941071,26.1,0.0034100281561926,,False,False,,
Eurostat,SE,SWE,2014,2018,CP01,Food & non-alcoholic beverages,219220.0,1824969.0,12.01225883836931,37.803053092956645,,12.0,0.0122588383693091,,False,False,,
Eurostat,SE,SWE,2014,2018,CP04,Housing & utilities (incl. imputed rent),470674.0,1824969.0,25.79079425458734,37.803053092956645,14.486931010882923,25.8,-0.009205745412661,,False,False,,
Eurostat,SE,SWE,2015,2018,CP01,Food & non-alcoholic beverages,230539.0,1919048.0,12.01319612641268,37.32069234328688,,12.0,0.01319612641268,,False,False,,
Eurostat,SE,SWE,2015,2018,CP04,Housing & utilities (incl. imputed rent),485663.0,1919048.0,25.3074962168742,37.32069234328688,14.165461207848892,25.3,0.0074962168741983,,False,False,,
Eurostat,SE,SWE,2016,2018,CP01,Food & non-alcoholic beverages,240868.0,1982978.0,12.146781255263548,37.54126369531079,,12.1,0.0467812552635482,,False,False,,
Eurostat,SE,SWE,2016,2018,CP04,Housing & utilities (incl. imputed rent),503567.0,1982978.0,25.394482440047245,37.54126369531079,14.167227271306086,25.4,-0.0055175599527537,,False,False,,
Eurostat,SE,SWE,2017,2018,CP01,Food & non-alcoholic beverages,249239.0,2060018.0,12.098874864200216,37.56209897195073,,12.1,-0.0011251357997839,,False,False,,
Eurostat,SE,SWE,2017,2018,CP04,Housing & utilities (incl. imputed rent),524547.0,2060018.0,25.46322410775052,37.56209897195073,14.24492407347897,25.5,-0.0367758922494836,,False,False,,
Eurostat,SE,SWE,2018,2018,CP01,Food & non-alcoholic beverages,264731.0,2154094.0,12.2896679532091,37.92257905179625,,12.3,-0.0103320467909018,,False,False,,
Eurostat,SE,SWE,2018,2018,CP04,Housing & utilities (incl. imputed rent),552157.0,2154094.0,25.63291109858716,37.92257905179625,14.28178157499162,25.6,0.0329110985871565,,False,False,,
Eurostat,SE,SWE,2019,2018,CP01,Food & non-alcoholic beverages,270293.0,2217193.0,12.19077455142606,38.02754203174915,,12.2,-0.0092254485739395,,False,False,,
Eurostat,SE,SWE,2019,2018,CP04,Housing & utilities (incl. imputed rent),572851.0,2217193.0,25.836767480323093,38.02754203174915,14.487372096159422,25.8,0.0367674803230926,,False,False,,
Eurostat,SE,SWE,2020,2018,CP01,Food & non-alcoholic beverages,287732.0,2185369.0,13.166289079784695,40.16955488981495,,13.2,-0.033710920215304,,False,False,,
Eurostat,SE,SWE,2020,2018,CP04,Housing & utilities (incl. imputed rent),590121.0,2185369.0,27.003265810030253,40.16955488981495,15.529825855496258,27.0,0.0032658100302533,,False,False,,
Eurostat,SE,SWE,2021,2018,CP01,Food & non-alcoholic beverages,298963.0,2360316.0,12.666227742387036,39.08379217020094,,12.7,-0.0337722576129628,,False,False,,
Eurostat,SE,SWE,2021,2018,CP04,Housing & utilities (incl. imputed rent),623538.0,2360316.0,26.417564427813904,39.08379217020094,14.325285258414551,26.4,0.0175644278139053,,False,False,,
Eurostat,SE,SWE,2022,2018,CP01,Food & non-alcoholic beverages,323030.0,2588446.0,12.479688585351983,37.514168732899975,,12.5,-0.0203114146480167,,False,False,,
Eurostat,SE,SWE,2022,2018,CP04,Housing & utilities (incl. imputed rent),648004.0,2588446.0,25.03448014754799,37.514168732899975,13.289827178160175,25.0,0.0344801475479883,,False,False,,
Eurostat,SE,SWE,2023,2018,CP01,Food & non-alcoholic beverages,349563.0,2710539.0,12.896438678801522,37.464356720194765,,12.9,-0.0035613211984788,,False,False,,
Eurostat,SE,SWE,2023,2018,CP04,Housing & utilities (incl. imputed rent),665923.0,2710539.0,24.567918041393245,37.464356720194765,13.49226113330227,24.6,-0.0320819586067564,,False,False,,
Eurostat,SE,SWE,2024,2018,CP01,Food & non-alcoholic beverages,366167.0,2831492.0,12.931945419587976,37.7798348008753,,12.9,0.0319454195879753,,False,False,,
Eurostat,SE,SWE,2024,2018,CP04,Housing & utilities (incl. imputed rent),703566.0,2831492.0,24.84788938128732,37.7798348008753,14.070179255318395,24.8,0.0478893812873195,,False,False,,
Eurostat,SE,SWE,2025,2018,CP01,Food & non-alcoholic beverages,379345.0,2969925.0,12.772881470070793,37.950284939855386,,12.8,-0.0271185299292078,,False,False,,
Eurostat,SE,SWE,2025,2018,CP04,Housing & utilities (incl. imputed rent),747750.0,2969925.0,25.177403469784597,37.950284939855386,14.193422392821368,25.2,-0.0225965302154058,,False,False,,
Eurostat,TR,TUR,1995,2018,CP01,Food & non-alcoholic beverages,,,,,,,,,False,False,,
Eurostat,TR,TUR,1995,2018,CP04,Housing & utilities (incl. imputed rent),,,,,,,,,False,False,,
Eurostat,TR,TUR,1996,2018,CP01,Food & non-alcoholic beverages,,,,,,,,,False,False,,
Eurostat,TR,TUR,1996,2018,CP04,Housing & utilities (incl. imputed rent),,,,,,,,,False,False,,
Eurostat,TR,TUR,1997,2018,CP01,Food & non-alcoholic beverages,,,,,,,,,False,False,,
Eurostat,TR,TUR,1997,2018,CP04,Housing & utilities (incl. imputed rent),,,,,,,,,False,False,,
Eurostat,TR,TUR,1998,2018,CP01,Food & non-alcoholic beverages,,,,,,,,,False,False,,
Eurostat,TR,TUR,1998,2018,CP04,Housing & utilities (incl. imputed rent),,,,,,,,,False,False,,
Eurostat,TR,TUR,1999,2018,CP01,Food & non-alcoholic beverages,,,,,,,,,False,False,,
Eurostat,TR,TUR,1999,2018,CP04,Housing & utilities (incl. imputed rent),,,,,,,,,False,False,,
Eurostat,TR,TUR,2000,2018,CP01,Food & non-alcoholic beverages,,,,,,,,,False,False,,
Eurostat,TR,TUR,2000,2018,CP04,Housing & utilities (incl. imputed rent),,,,,,,,,False,False,,
Eurostat,TR,TUR,2001,2018,CP01,Food & non-alcoholic beverages,,,,,,,,,False,False,,
Eurostat,TR,TUR,2001,2018,CP04,Housing & utilities (incl. imputed rent),,,,,,,,,False,False,,
Eurostat,TR,TUR,2002,2018,CP01,Food & non-alcoholic beverages,,,,,,,,,False,False,,
Eurostat,TR,TUR,2002,2018,CP04,Housing & utilities (incl. imputed rent),,,,,,,,,False,False,,
Eurostat,TR,TUR,2003,2018,CP01,Food & non-alcoholic beverages,,,,,,,,,False,False,,
Eurostat,TR,TUR,2003,2018,CP04,Housing & utilities (incl. imputed rent),,,,,,,,,False,False,,
Eurostat,TR,TUR,2004,2018,CP01,Food & non-alcoholic beverages,,,,,,,,,False,False,,
Eurostat,TR,TUR,2004,2018,CP04,Housing & utilities (incl. imputed rent),,,,,,,,,False,False,,
Eurostat,TR,TUR,2005,2018,CP01,Food & non-alcoholic beverages,,,,,,,,,False,False,,
Eurostat,TR,TUR,2005,2018,CP04,Housing & utilities (incl. imputed rent),,,,,,,,,False,False,,
Eurostat,TR,TUR,2006,2018,CP01,Food & non-alcoholic beverages,,,,,,,,,False,False,,
Eurostat,TR,TUR,2006,2018,CP04,Housing & utilities (incl. imputed rent),,,,,,,,,False,False,,
Eurostat,TR,TUR,2007,2018,CP01,Food & non-alcoholic beverages,,,,,,,,,False,False,,
Eurostat,TR,TUR,2007,2018,CP04,Housing & utilities (incl. imputed rent),,,,,,,,,False,False,,
Eurostat,TR,TUR,2008,2018,CP01,Food & non-alcoholic beverages,,,,,,,,,False,False,,
Eurostat,TR,TUR,2008,2018,CP04,Housing & utilities (incl. imputed rent),,,,,,,,,False,False,,
Eurostat,TR,TUR,2009,2018,CP01,Food & non-alcoholic beverages,142159.3,632718.7,22.46800987547863,44.41332301384486,,22.5,-0.0319901245213714,,False,False,,
Eurostat,TR,TUR,2009,2018,CP04,Housing & utilities (incl. imputed rent),138852.1,632718.7,21.94531313836623,44.41332301384486,,21.9,0.0453131383662324,,False,False,,
Eurostat,TR,TUR,2010,2018,CP01,Food & non-alcoholic beverages,170126.7,740023.3,22.98937074008345,43.678219320932186,,23.0,-0.0106292599165449,,False,False,,
Eurostat,TR,TUR,2010,2018,CP04,Housing & utilities (incl. imputed rent),153102.3,740023.3,20.68884858084873,43.678219320932186,,20.7,-0.0111514191512647,,False,False,,
Eurostat,TR,TUR,2011,2018,CP01,Food & non-alcoholic beverages,198454.6,894811.3,22.17837436786952,41.291990836503736,,22.2,-0.0216256321304832,,False,False,,
Eurostat,TR,TUR,2011,2018,CP04,Housing & utilities (incl. imputed rent),171030.8,894811.3,19.113616468634223,41.291990836503736,,19.1,0.0136164686342219,,False,False,,
Eurostat,TR,TUR,2012,2018,CP01,Food & non-alcoholic beverages,221262.8,988890.9,22.374844383743444,41.41149443280346,,22.4,-0.0251556162565549,,False,False,,
Eurostat,TR,TUR,2012,2018,CP04,Housing & utilities (incl. imputed rent),188251.7,988890.9,19.03665004906001,41.41149443280346,,19.0,0.0366500490600145,,False,False,,
Eurostat,TR,TUR,2013,2018,CP01,Food & non-alcoholic beverages,237344.1,1141246.1,20.79692539584582,39.0675508113456,,20.8,-0.0030746041541824,,False,False,,
Eurostat,TR,TUR,2013,2018,CP04,Housing & utilities (incl. imputed rent),208512.8,1141246.1,18.270625415499776,39.0675508113456,,18.3,-0.0293745845002249,,False,False,,
Eurostat,TR,TUR,2014,2018,CP01,Food & non-alcoholic beverages,269710.2,1273135.7,21.18471738715677,39.01968973142454,,21.2,-0.015282612843233,,False,False,,
Eurostat,TR,TUR,2014,2018,CP04,Housing & utilities (incl. imputed rent),227063.4,1273135.7,17.83497234426778,39.01968973142454,,17.8,0.0349723442677785,,False,False,,
Eurostat,TR,TUR,2015,2018,CP01,Food & non-alcoholic beverages,327493.4,1446545.9,22.639682570736262,38.59197969452611,,22.6,0.0396825707362644,,False,False,,
Eurostat,TR,TUR,2015,2018,CP04,Housing & utilities (incl. imputed rent),230757.3,1446545.9,15.95229712378985,38.59197969452611,,16.0,-0.0477028762101507,,False,False,,
Eurostat,TR,TUR,2016,2018,CP01,Food & non-alcoholic beverages,352378.6,1569055.4,22.45800881218088,38.701514299622566,,22.5,-0.0419911878191179,,False,False,,
Eurostat,TR,TUR,2016,2018,CP04,Housing & utilities (incl. imputed rent),254869.6,1569055.4,16.24350548744168,38.701514299622566,,16.2,0.0435054874416813,,False,False,,
Eurostat,TR,TUR,2017,2018,CP01,Food & non-alcoholic beverages,405822.8,1866836.4,21.738530489334792,37.59462264609796,,21.7,0.0385304893347928,,False,False,,
Eurostat,TR,TUR,2017,2018,CP04,Housing & utilities (incl. imputed rent),296007.3,1866836.4,15.856092156763172,37.59462264609796,,15.9,-0.0439078432368269,,False,False,,
Eurostat,TR,TUR,2018,2018,CP01,Food & non-alcoholic beverages,481264.7,2201816.4,21.857621734491577,37.57364147165041,,21.9,-0.0423782655084217,,False,False,,
Eurostat,TR,TUR,2018,2018,CP04,Housing & utilities (incl. imputed rent),346037.9,2201816.4,15.716019737158833,37.57364147165041,,15.7,0.0160197371588317,,False,False,,
Eurostat,TR,TUR,2019,2018,CP01,Food & non-alcoholic beverages,563505.4,2589682.7,21.759631015799734,37.86310191592197,,21.8,-0.040368984200267,,False,False,,
Eurostat,TR,TUR,2019,2018,CP04,Housing & utilities (incl. imputed rent),417028.8,2589682.7,16.10347090012224,37.86310191592197,,16.1,0.0034709001222381,,False,False,,
Eurostat,TR,TUR,2020,2018,CP01,Food & non-alcoholic beverages,692194.1,2853219.7,24.260105171711803,41.229832389002496,,24.3,-0.0398948282881974,,False,False,,
Eurostat,TR,TUR,2020,2018,CP04,Housing & utilities (incl. imputed rent),484183.6,2853219.7,16.969727217290696,41.229832389002496,,17.0,-0.0302727827093036,,False,False,,
Eurostat,TR,TUR,2021,2018,CP01,Food & non-alcoholic beverages,968835.1,4122508.0,23.501109033627102,38.27271651140519,,23.5,0.0011090336271024,,False,False,,
Eurostat,TR,TUR,2021,2018,CP04,Housing & utilities (incl. imputed rent),608960.7,4122508.0,14.77160747777809,38.27271651140519,,14.8,-0.0283925222219103,,False,False,,
Eurostat,TR,TUR,2022,2018,CP01,Food & non-alcoholic beverages,1970981.6,9011577.6,21.87165985232153,35.4812369368045,,21.9,-0.0283401476784668,,False,False,,
Eurostat,TR,TUR,2022,2018,CP04,Housing & utilities (incl. imputed rent),1226437.6,9011577.6,13.609577084482968,35.4812369368045,,13.6,0.0095770844829683,,False,False,,
Eurostat,TR,TUR,2023,2018,CP01,Food & non-alcoholic beverages,3623322.8,15961835.0,22.6999138883468,35.72231826729195,,22.7,-8.611165320360215e-05,,False,False,,
Eurostat,TR,TUR,2023,2018,CP04,Housing & utilities (incl. imputed rent),2078614.7,15961835.0,13.02240437894515,35.72231826729195,,13.0,0.0224043789451506,,False,False,,
Eurostat,TR,TUR,2024,2018,CP01,Food & non-alcoholic beverages,5672396.0,26251199.4,21.608140312247983,36.78390900493484,,21.6,0.0081403122479812,,False,False,,
Eurostat,TR,TUR,2024,2018,CP04,Housing & utilities (incl. imputed rent),3983821.3,26251199.4,15.175768692686855,36.78390900493484,,15.2,-0.0242313073131441,,False,False,,
Eurostat,TR,TUR,2025,2018,CP01,Food & non-alcoholic beverages,7963985.9,37137261.7,21.44473107450461,39.42521669550019,,21.4,0.044731074504611,,False,False,,
Eurostat,TR,TUR,2025,2018,CP04,Housing & utilities (incl. imputed rent),6677460.0,37137261.7,17.98048562099558,39.42521669550019,,18.0,-0.0195143790044198,,False,False,,
OECD,USA,USA,1970,1999,CP01,Food & non-alcoholic beverages,91179.0,631737.0,14.43306312595273,32.44467238740172,,,,,False,False,,
OECD,USA,USA,1970,1999,CP04,Housing & utilities (incl. imputed rent),113786.0,631737.0,18.01160926144899,32.44467238740172,10.22070893425587,,,,False,False,,
OECD,USA,USA,1971,1999,CP01,Food & non-alcoholic beverages,93340.0,683455.0,13.657080568581693,31.87013044018992,,,,,False,False,,
OECD,USA,USA,1971,1999,CP04,Housing & utilities (incl. imputed rent),124478.0,683455.0,18.213049871608224,31.87013044018992,10.361911171913292,,,,False,False,,
OECD,USA,USA,1972,1999,CP01,Food & non-alcoholic beverages,99571.0,750102.0,13.27432802472197,31.428125774894617,,,,,False,False,,
OECD,USA,USA,1972,1999,CP04,Housing & utilities (incl. imputed rent),136172.0,750102.0,18.153797750172643,31.428125774894617,10.322462811724272,,,,False,False,,
OECD,USA,USA,1973,1999,CP01,Food & non-alcoholic beverages,110706.0,831099.0,13.320434749650763,31.330202539047697,,,,,False,False,,
OECD,USA,USA,1973,1999,CP04,Housing & utilities (incl. imputed rent),149679.0,831099.0,18.00976778939693,31.330202539047697,10.199025627512489,,,,False,False,,
OECD,USA,USA,1974,1999,CP01,Food & non-alcoholic beverages,125373.0,909956.0,13.777918932343985,32.05330807203865,,,,,False,False,,
OECD,USA,USA,1974,1999,CP04,Housing & utilities (incl. imputed rent),166298.0,909956.0,18.275389139694667,32.05330807203865,10.290387667095992,,,,False,False,,
OECD,USA,USA,1975,1999,CP01,Food & non-alcoholic beverages,137332.0,1009089.0,13.60950322518628,31.9273126552762,,,,,False,False,,
OECD,USA,USA,1975,1999,CP04,Housing & utilities (incl. imputed rent),184843.0,1009089.0,18.317809430089916,31.9273126552762,10.185028277981427,,,,False,False,,
OECD,USA,USA,1976,1999,CP01,Food & non-alcoholic beverages,146828.0,1124893.0,13.052619226895356,31.243682732491003,,,,,False,False,,
OECD,USA,USA,1976,1999,CP04,Housing & utilities (incl. imputed rent),204630.0,1124893.0,18.191063505595643,31.243682732491003,10.026286944624957,,,,False,False,,
OECD,USA,USA,1977,1999,CP01,Food & non-alcoholic beverages,157705.0,1249029.0,12.626208038404233,30.93547067361927,,,,,False,False,,
OECD,USA,USA,1977,1999,CP04,Housing & utilities (incl. imputed rent),228688.0,1249029.0,18.309262635215035,30.93547067361927,10.064217884452644,,,,False,False,,
OECD,USA,USA,1978,1999,CP01,Food & non-alcoholic beverages,172335.0,1394984.0,12.353905134395808,30.67884649573041,,,,,False,False,,
OECD,USA,USA,1978,1999,CP04,Housing & utilities (incl. imputed rent),255630.0,1394984.0,18.32494136133461,30.67884649573041,10.237178347565276,,,,False,False,,
OECD,USA,USA,1979,1999,CP01,Food & non-alcoholic beverages,191597.0,1555225.0,12.319567908180488,30.808725425581507,,,,,False,False,,
OECD,USA,USA,1979,1999,CP04,Housing & utilities (incl. imputed rent),287548.0,1555225.0,18.48915751740102,30.808725425581507,10.403317847899824,,,,False,False,,
OECD,USA,USA,1980,1999,CP01,Food & non-alcoholic beverages,209215.0,1717094.0,12.184248503576391,31.266605089762123,,,,,False,False,,
OECD,USA,USA,1980,1999,CP04,Housing & utilities (incl. imputed rent),327662.0,1717094.0,19.08235658618573,31.266605089762123,10.689979698257638,,,,False,False,,
OECD,USA,USA,1981,1999,CP01,Food & non-alcoholic beverages,222897.0,1899395.0,11.735157773922747,31.088425524969796,,,,,False,False,,
OECD,USA,USA,1981,1999,CP04,Housing & utilities (incl. imputed rent),367595.0,1899395.0,19.35326775104704,31.088425524969796,10.863459154099068,,,,False,False,,
OECD,USA,USA,1982,1999,CP01,Food & non-alcoholic beverages,232474.0,2030784.0,11.447500078787304,31.22917060603196,,,,,False,False,,
OECD,USA,USA,1982,1999,CP04,Housing & utilities (incl. imputed rent),401723.0,2030784.0,19.78167052724465,31.22917060603196,11.009245690334376,,,,False,False,,
OECD,USA,USA,1983,1999,CP01,Food & non-alcoholic beverages,240231.0,2235414.0,10.746599958665374,30.188278323388868,,,,,False,False,,
OECD,USA,USA,1983,1999,CP04,Housing & utilities (incl. imputed rent),434602.0,2235414.0,19.44167836472349,30.188278323388868,10.784221625166523,,,,False,False,,
OECD,USA,USA,1984,1999,CP01,Food & non-alcoholic beverages,253750.0,2440392.0,10.397919678477884,29.70391641998499,,,,,False,False,,
OECD,USA,USA,1984,1999,CP04,Housing & utilities (incl. imputed rent),471142.0,2440392.0,19.3059967415071,29.70391641998499,10.762246393202403,,,,False,False,,
OECD,USA,USA,1985,1999,CP01,Food & non-alcoholic beverages,263257.0,2657181.0,9.90737928654465,29.24881669709365,,,,,False,False,,
OECD,USA,USA,1985,1999,CP04,Housing & utilities (incl. imputed rent),513937.0,2657181.0,19.341437410549,29.24881669709365,10.752635970225588,,,,False,False,,
OECD,USA,USA,1986,1999,CP01,Food & non-alcoholic beverages,274745.0,2830372.0,9.707027910112169,29.0725035437038,,,,,False,False,,
OECD,USA,USA,1986,1999,CP04,Housing & utilities (incl. imputed rent),548115.0,2830372.0,19.36547563359163,29.0725035437038,10.960573380460236,,,,False,False,,
OECD,USA,USA,1987,1999,CP01,Food & non-alcoholic beverages,282550.0,3014519.0,9.372971276677973,28.6985419564448,,,,,False,False,,
OECD,USA,USA,1987,1999,CP04,Housing & utilities (incl. imputed rent),582573.0,3014519.0,19.32557067976682,28.6985419564448,11.085947708407213,,,,False,False,,
OECD,USA,USA,1988,1999,CP01,Food & non-alcoholic beverages,299730.0,3263938.0,9.183078845247673,28.359086477745592,,,,,False,False,,
OECD,USA,USA,1988,1999,CP04,Housing & utilities (incl. imputed rent),625893.0,3263938.0,19.17600763249792,28.359086477745592,11.120033530048673,,,,False,False,,
OECD,USA,USA,1989,1999,CP01,Food & non-alcoholic beverages,320132.0,3512417.0,9.114293661601112,28.10096295513887,,,,,False,False,,
OECD,USA,USA,1989,1999,CP04,Housing & utilities (incl. imputed rent),666891.0,3512417.0,18.986669293537755,28.10096295513887,11.11340139852415,,,,False,False,,
OECD,USA,USA,1990,1999,CP01,Food & non-alcoholic beverages,341878.0,3740807.0,9.139150990681957,28.10027355060018,,,,,False,False,,
OECD,USA,USA,1990,1999,CP04,Housing & utilities (incl. imputed rent),709299.0,3740807.0,18.96112255991822,28.10027355060018,11.204774798592924,,,,False,False,,
OECD,USA,USA,1991,1999,CP01,Food & non-alcoholic beverages,352095.0,3878541.0,9.078027020985468,28.3513826462064,,,,,False,False,,
OECD,USA,USA,1991,1999,CP04,Housing & utilities (incl. imputed rent),747525.0,3878541.0,19.27335562522093,28.3513826462064,11.424888895076784,,,,False,False,,
OECD,USA,USA,1992,1999,CP01,Food & non-alcoholic beverages,355171.0,4129658.0,8.60049427821868,27.567076983130324,,,,,False,False,,
OECD,USA,USA,1992,1999,CP04,Housing & utilities (incl. imputed rent),783255.0,4129658.0,18.96658270491164,27.567076983130324,11.376462651386628,,,,False,False,,
OECD,USA,USA,1993,1999,CP01,Food & non-alcoholic beverages,362935.0,4382657.0,8.281163686777223,27.157931820810983,,,,,False,False,,
OECD,USA,USA,1993,1999,CP04,Housing & utilities (incl. imputed rent),827304.0,4382657.0,18.87676813403376,27.157931820810983,11.330501109258607,,,,False,False,,
OECD,USA,USA,1994,1999,CP01,Food & non-alcoholic beverages,378796.0,4640783.0,8.162329503448017,27.04022144538971,,,,,False,False,,
OECD,USA,USA,1994,1999,CP04,Housing & utilities (incl. imputed rent),876082.0,4640783.0,18.87789194194169,27.04022144538971,11.47853713478954,,,,False,False,,
OECD,USA,USA,1995,1999,CP01,Food & non-alcoholic beverages,388747.0,4882175.0,7.962578154203813,26.94336028511882,,,,,False,False,,
OECD,USA,USA,1995,1999,CP04,Housing & utilities (incl. imputed rent),926675.0,4882175.0,18.98078213091501,26.94336028511882,11.64980771889578,,,,False,False,,
OECD,USA,USA,1996,1999,CP01,Food & non-alcoholic beverages,403203.0,5159724.0,7.8144296090255985,26.743542871672982,,,,,False,False,,
OECD,USA,USA,1996,1999,CP04,Housing & utilities (incl. imputed rent),976690.0,5159724.0,18.92911326264738,26.743542871672982,11.679481305589212,,,,False,False,,
OECD,USA,USA,1997,1999,CP01,Food & non-alcoholic beverages,413179.0,5453745.0,7.576060120155967,26.334839637716836,,,,,False,False,,
OECD,USA,USA,1997,1999,CP04,Housing & utilities (incl. imputed rent),1023056.0,5453745.0,18.75877951756087,26.334839637716836,11.71937815207715,,,,False,False,,
OECD,USA,USA,1998,1999,CP01,Food & non-alcoholic beverages,422469.0,5770696.0,7.320936677308941,25.98488986423821,,,,,False,False,,
OECD,USA,USA,1998,1999,CP04,Housing & utilities (incl. imputed rent),1077040.0,5770696.0,18.663953186929277,25.98488986423821,11.85893348046752,,,,False,False,,
OECD,USA,USA,1999,1999,CP01,Food & non-alcoholic beverages,445295.0,6166759.0,7.220891881781013,25.633935102701432,,,,,False,False,,
OECD,USA,USA,1999,1999,CP04,Housing & utilities (incl. imputed rent),1135488.0,6166759.0,18.41304322092042,25.633935102701432,11.829714765892424,,,,False,False,,
OECD,USA,USA,2000,1999,CP01,Food & non-alcoholic beverages,463443.0,6630243.0,6.989834309240249,25.30685526910552,,,,,False,False,,
OECD,USA,USA,2000,1999,CP04,Housing & utilities (incl. imputed rent),1214463.0,6630243.0,18.31702095986527,25.30685526910552,11.788904267912956,,,,False,False,,
OECD,USA,USA,2001,1999,CP01,Food & non-alcoholic beverages,482514.0,6906350.0,6.986526891918307,25.85313515822396,,,,,False,False,,
OECD,USA,USA,2001,1999,CP04,Housing & utilities (incl. imputed rent),1302994.0,6906350.0,18.866608266305647,25.85313515822396,12.196398966168816,,,,False,False,,
OECD,USA,USA,2002,1999,CP01,Food & non-alcoholic beverages,490678.0,7156367.0,6.8565237081888055,25.6345293638518,,,,,False,False,,
OECD,USA,USA,2002,1999,CP04,Housing & utilities (incl. imputed rent),1343823.0,7156367.0,18.77800565566299,25.6345293638518,12.300012003297203,,,,False,False,,
OECD,USA,USA,2003,1999,CP01,Food & non-alcoholic beverages,513853.0,7533741.0,6.820688420268231,25.516831544912417,,,,,False,False,,
OECD,USA,USA,2003,1999,CP04,Housing & utilities (incl. imputed rent),1408519.0,7533741.0,18.696143124644184,25.516831544912417,12.230351428327571,,,,False,False,,
OECD,USA,USA,2004,1999,CP01,Food & non-alcoholic beverages,543335.0,8022950.0,6.772259580328932,25.293987872291364,,,,,False,False,,
OECD,USA,USA,2004,1999,CP04,Housing & utilities (incl. imputed rent),1485989.0,8022950.0,18.521728291962432,25.293987872291364,12.149321633563714,,,,False,False,,
OECD,USA,USA,2005,1999,CP01,Food & non-alcoholic beverages,575665.0,8557713.0,6.726855644726576,25.452010367723243,,,,,False,False,,
OECD,USA,USA,2005,1999,CP04,Housing & utilities (incl. imputed rent),1602445.0,8557713.0,18.72515472299667,25.452010367723243,12.22581313488779,,,,False,False,,
OECD,USA,USA,2006,1999,CP01,Food & non-alcoholic beverages,602029.0,9031397.0,6.665956551350805,25.37225414849995,,,,,False,False,,
OECD,USA,USA,2006,1999,CP04,Housing & utilities (incl. imputed rent),1689440.0,9031397.0,18.706297597149145,25.37225414849995,12.25599981929706,,,,False,False,,
OECD,USA,USA,2007,1999,CP01,Food & non-alcoholic beverages,635117.0,9496131.0,6.68816594884801,25.4872326424309,,,,,False,False,,
OECD,USA,USA,2007,1999,CP04,Housing & utilities (incl. imputed rent),1785184.0,9496131.0,18.79906669358289,25.4872326424309,12.334918294619149,,,,False,False,,
OECD,USA,USA,2008,1999,CP01,Food & non-alcoholic beverages,666209.0,9766016.0,6.821707029765259,26.30609042622908,,,,,False,False,,
OECD,USA,USA,2008,1999,CP04,Housing & utilities (incl. imputed rent),1902848.0,9766016.0,19.48438339646382,26.30609042622908,12.751576487279973,,,,False,False,,
OECD,USA,USA,2009,1999,CP01,Food & non-alcoholic beverages,669496.0,9602077.0,6.972408157110175,27.00189761027744,,,,,False,False,,
OECD,USA,USA,2009,1999,CP04,Housing & utilities (incl. imputed rent),1923247.0,9602077.0,20.02948945316727,27.00189761027744,13.144270765585404,,,,False,False,,
OECD,USA,USA,2010,1999,CP01,Food & non-alcoholic beverages,678971.0,9977884.0,6.804759405902093,26.57375050662044,,,,,False,False,,
OECD,USA,USA,2010,1999,CP04,Housing & utilities (incl. imputed rent),1972527.0,9977884.0,19.76899110071835,26.57375050662044,12.884735881876358,,,,False,False,,
OECD,USA,USA,2011,1999,CP01,Food & non-alcoholic beverages,709420.0,10404697.0,6.818266788547518,26.13927152323609,,,,,False,False,,
OECD,USA,USA,2011,1999,CP04,Housing & utilities (incl. imputed rent),2010292.0,10404697.0,19.32100473468857,26.13927152323609,12.525025957026909,,,,False,False,,
OECD,USA,USA,2012,1999,CP01,Food & non-alcoholic beverages,732026.0,10728027.0,6.823491402473167,25.828533056451107,,,,,False,False,,
OECD,USA,USA,2012,1999,CP04,Housing & utilities (incl. imputed rent),2038866.0,10728027.0,19.00504165397794,25.828533056451107,12.315237461650684,,,,False,False,,
OECD,USA,USA,2013,1999,CP01,Food & non-alcoholic beverages,753166.0,11083931.0,6.7951162813987205,25.846561116268223,,,,,False,False,,
OECD,USA,USA,2013,1999,CP04,Housing & utilities (incl. imputed rent),2111649.0,11083931.0,19.051444834869503,25.846561116268223,12.296025660932028,,,,False,False,,
OECD,USA,USA,2014,1999,CP01,Food & non-alcoholic beverages,785923.0,11565421.0,6.795455176253419,25.591312240168342,,,,,False,False,,
OECD,USA,USA,2014,1999,CP04,Housing & utilities (incl. imputed rent),2173820.0,11565421.0,18.795857063914923,25.591312240168342,12.032488916745876,,,,False,False,,
OECD,USA,USA,2015,1999,CP01,Food & non-alcoholic beverages,809560.0,11984237.0,6.755206860478477,25.258921364789437,,,,,False,False,,
OECD,USA,USA,2015,1999,CP04,Housing & utilities (incl. imputed rent),2217529.0,11984237.0,18.50371450431096,25.258921364789437,11.943538833552775,,,,False,False,,
OECD,USA,USA,2016,1999,CP01,Food & non-alcoholic beverages,829436.0,12383619.0,6.697848181537239,25.16926594721624,,,,,False,False,,
OECD,USA,USA,2016,1999,CP04,Housing & utilities (incl. imputed rent),2287430.0,12383619.0,18.471417765679,25.16926594721624,12.033340173014045,,,,False,False,,
OECD,USA,USA,2017,1999,CP01,Food & non-alcoholic beverages,862988.0,12930690.0,6.673951660738908,25.015215738680613,,,,,False,False,,
OECD,USA,USA,2017,1999,CP04,Housing & utilities (incl. imputed rent),2371652.0,12930690.0,18.3412640779417,25.015215738680613,12.016195578116868,,,,False,False,,
OECD,USA,USA,2018,1999,CP01,Food & non-alcoholic beverages,889543.0,13538035.0,6.570695082410409,24.921120384162105,,,,,False,False,,
OECD,USA,USA,2018,1999,CP04,Housing & utilities (incl. imputed rent),2484287.0,13538035.0,18.35042530175169,24.921120384162105,11.930416785006097,,,,False,False,,
OECD,USA,USA,2019,1999,CP01,Food & non-alcoholic beverages,920826.0,14030419.0,6.563068430101766,24.992967066771136,,,,,False,False,,
OECD,USA,USA,2019,1999,CP04,Housing & utilities (incl. imputed rent),2585792.0,14030419.0,18.429898636669368,24.992967066771136,12.025171878330934,,,,False,False,,
OECD,USA,USA,2020,1999,CP01,Food & non-alcoholic beverages,1012420.0,13762700.0,7.35626003618476,27.03077157825136,,,,,False,False,,
OECD,USA,USA,2020,1999,CP04,Housing & utilities (incl. imputed rent),2707744.0,13762700.0,19.6745115420666,27.03077157825136,13.025518248599472,,,,False,False,,
OECD,USA,USA,2021,1999,CP01,Food & non-alcoholic beverages,1087937.0,15665613.0,6.944745794499073,25.248778965751296,,,,,False,False,,
OECD,USA,USA,2021,1999,CP04,Housing & utilities (incl. imputed rent),2867439.0,15665613.0,18.30403317125222,25.248778965751296,12.079386871104246,,,,False,False,,
OECD,USA,USA,2022,1999,CP01,Food & non-alcoholic beverages,1179656.0,17112794.0,6.893415534599434,25.2852047421362,,,,,False,False,,
OECD,USA,USA,2022,1999,CP04,Housing & utilities (incl. imputed rent),3147349.0,17112794.0,18.39178920753677,25.2852047421362,12.002756534087888,,,,False,False,,
OECD,USA,USA,2023,1999,CP01,Food & non-alcoholic beverages,1216537.0,18220824.0,6.676629992145251,25.35582913264515,,,,,False,False,,
OECD,USA,USA,2023,1999,CP04,Housing & utilities (incl. imputed rent),3403504.0,18220824.0,18.679199140499904,25.35582913264515,12.340830469577009,,,,False,False,,
OECD,USA,USA,2024,1999,CP01,Food & non-alcoholic beverages,1250839.0,19217200.0,6.508955519014216,25.39777907291385,,,,,False,False,,
OECD,USA,USA,2024,1999,CP04,Housing & utilities (incl. imputed rent),3629903.0,19217200.0,18.88882355389963,25.39777907291385,12.506270424411465,,,,False,False,,
OECD,USA,USA,2025,1999,CP01,Food & non-alcoholic beverages,,,,,,,,,False,False,,
OECD,USA,USA,2025,1999,CP04,Housing & utilities (incl. imputed rent),,,,,,,,,False,False,,
Eurostat,XK,XKX,1995,1999,CP01,Food & non-alcoholic beverages,,,,,,,,,False,False,,
Eurostat,XK,XKX,1995,1999,CP04,Housing & utilities (incl. imputed rent),,,,,,,,,False,False,,
Eurostat,XK,XKX,1996,1999,CP01,Food & non-alcoholic beverages,,,,,,,,,False,False,,
Eurostat,XK,XKX,1996,1999,CP04,Housing & utilities (incl. imputed rent),,,,,,,,,False,False,,
Eurostat,XK,XKX,1997,1999,CP01,Food & non-alcoholic beverages,,,,,,,,,False,False,,
Eurostat,XK,XKX,1997,1999,CP04,Housing & utilities (incl. imputed rent),,,,,,,,,False,False,,
Eurostat,XK,XKX,1998,1999,CP01,Food & non-alcoholic beverages,,,,,,,,,False,False,,
Eurostat,XK,XKX,1998,1999,CP04,Housing & utilities (incl. imputed rent),,,,,,,,,False,False,,
Eurostat,XK,XKX,1999,1999,CP01,Food & non-alcoholic beverages,,,,,,,,,False,False,,
Eurostat,XK,XKX,1999,1999,CP04,Housing & utilities (incl. imputed rent),,,,,,,,,False,False,,
Eurostat,XK,XKX,2000,1999,CP01,Food & non-alcoholic beverages,,,,,,,,,False,False,,
Eurostat,XK,XKX,2000,1999,CP04,Housing & utilities (incl. imputed rent),,,,,,,,,False,False,,
Eurostat,XK,XKX,2001,1999,CP01,Food & non-alcoholic beverages,,,,,,,,,False,False,,
Eurostat,XK,XKX,2001,1999,CP04,Housing & utilities (incl. imputed rent),,,,,,,,,False,False,,
Eurostat,XK,XKX,2002,1999,CP01,Food & non-alcoholic beverages,,,,,,,,,False,False,,
Eurostat,XK,XKX,2002,1999,CP04,Housing & utilities (incl. imputed rent),,,,,,,,,False,False,,
Eurostat,XK,XKX,2003,1999,CP01,Food & non-alcoholic beverages,,,,,,,,,False,False,,
Eurostat,XK,XKX,2003,1999,CP04,Housing & utilities (incl. imputed rent),,,,,,,,,False,False,,
Eurostat,XK,XKX,2004,1999,CP01,Food & non-alcoholic beverages,,,,,,,,,False,False,,
Eurostat,XK,XKX,2004,1999,CP04,Housing & utilities (incl. imputed rent),,,,,,,,,False,False,,
Eurostat,XK,XKX,2005,1999,CP01,Food & non-alcoholic beverages,,,,,,,,,False,False,,
Eurostat,XK,XKX,2005,1999,CP04,Housing & utilities (incl. imputed rent),,,,,,,,,False,False,,
Eurostat,XK,XKX,2006,1999,CP01,Food & non-alcoholic beverages,,,,,,,,,False,False,,
Eurostat,XK,XKX,2006,1999,CP04,Housing & utilities (incl. imputed rent),,,,,,,,,False,False,,
Eurostat,XK,XKX,2007,1999,CP01,Food & non-alcoholic beverages,,,,,,,,,False,False,,
Eurostat,XK,XKX,2007,1999,CP04,Housing & utilities (incl. imputed rent),,,,,,,,,False,False,,
Eurostat,XK,XKX,2008,1999,CP01,Food & non-alcoholic beverages,1504.6,3593.2,41.873538906824,61.85016141600801,,,,,False,False,,
Eurostat,XK,XKX,2008,1999,CP04,Housing & utilities (incl. imputed rent),717.8,3593.2,19.97662250918401,61.85016141600801,13.04130023377491,,,,False,False,,
Eurostat,XK,XKX,2009,1999,CP01,Food & non-alcoholic beverages,1528.5,3707.3,41.22946618833112,60.7719903973242,,,,,False,False,,
Eurostat,XK,XKX,2009,1999,CP04,Housing & utilities (incl. imputed rent),724.5,3707.3,19.54252420899307,60.7719903973242,12.32972783427292,,,,False,False,,
Eurostat,XK,XKX,2010,1999,CP01,Food & non-alcoholic beverages,1614.6,3972.8,40.6413612565445,59.56504228755537,,,,,False,False,,
Eurostat,XK,XKX,2010,1999,CP04,Housing & utilities (incl. imputed rent),751.8,3972.8,18.923681031010872,59.56504228755537,11.61900926298832,,,,False,False,,
Eurostat,XK,XKX,2011,1999,CP01,Food & non-alcoholic beverages,1828.6,4363.5,41.90672625186204,59.6929070700126,,,,,False,False,,
Eurostat,XK,XKX,2011,1999,CP04,Housing & utilities (incl. imputed rent),776.1,4363.5,17.78618081815057,59.6929070700126,10.649707803368855,,,,False,False,,
Eurostat,XK,XKX,2012,1999,CP01,Food & non-alcoholic beverages,1895.2,4686.6,40.43869756326548,58.43468612640294,,,,,False,False,,
Eurostat,XK,XKX,2012,1999,CP04,Housing & utilities (incl. imputed rent),843.4,4686.6,17.995988563137455,58.43468612640294,10.250501429607816,,,,False,False,,
Eurostat,XK,XKX,2013,1999,CP01,Food & non-alcoholic beverages,2062.5,4938.4,41.76453912198283,59.624574761056216,,,,,False,False,,
Eurostat,XK,XKX,2013,1999,CP04,Housing & utilities (incl. imputed rent),882.0,4938.4,17.860035639073384,59.624574761056216,10.138911388303905,,,,False,False,,
Eurostat,XK,XKX,2014,1999,CP01,Food & non-alcoholic beverages,1889.1,5289.9,35.71145012193047,52.052023667744194,,,,,False,False,,
Eurostat,XK,XKX,2014,1999,CP04,Housing & utilities (incl. imputed rent),864.4,5289.9,16.340573545813722,52.052023667744194,10.569197905442447,,,,False,False,,
Eurostat,XK,XKX,2015,1999,CP01,Food & non-alcoholic beverages,1864.1,5453.9,34.17921120665945,50.42630044555272,,,,,False,False,,
Eurostat,XK,XKX,2015,1999,CP04,Housing & utilities (incl. imputed rent),886.1,5453.9,16.24708923889327,50.42630044555272,10.25137974660335,,,,False,False,,
Eurostat,XK,XKX,2016,1999,CP01,Food & non-alcoholic beverages,2095.3,5860.8,35.751092001092005,51.26433251433251,,,,,False,False,,
Eurostat,XK,XKX,2016,1999,CP04,Housing & utilities (incl. imputed rent),909.2,5860.8,15.513240513240516,51.26433251433251,9.601078351078352,,,,False,False,,
Eurostat,XK,XKX,2017,1999,CP01,Food & non-alcoholic beverages,2188.9,6206.5,35.26786433577701,50.29565777813583,,,,,False,False,,
Eurostat,XK,XKX,2017,1999,CP04,Housing & utilities (incl. imputed rent),932.7,6206.5,15.02779344235882,50.29565777813583,8.882623056473053,,,,False,False,,
Eurostat,XK,XKX,2018,1999,CP01,Food & non-alcoholic beverages,,,,,,,,,False,False,,
Eurostat,XK,XKX,2018,1999,CP04,Housing & utilities (incl. imputed rent),,,,,,,,,False,False,,
Eurostat,XK,XKX,2019,1999,CP01,Food & non-alcoholic beverages,,,,,,,,,False,False,,
Eurostat,XK,XKX,2019,1999,CP04,Housing & utilities (incl. imputed rent),,,,,,,,,False,False,,
Eurostat,XK,XKX,2020,1999,CP01,Food & non-alcoholic beverages,,,,,,,,,False,False,,
Eurostat,XK,XKX,2020,1999,CP04,Housing & utilities (incl. imputed rent),,,,,,,,,False,False,,
Eurostat,XK,XKX,2021,1999,CP01,Food & non-alcoholic beverages,,,,,,,,,False,False,,
Eurostat,XK,XKX,2021,1999,CP04,Housing & utilities (incl. imputed rent),,,,,,,,,False,False,,
Eurostat,XK,XKX,2022,1999,CP01,Food & non-alcoholic beverages,,,,,,,,,False,False,,
Eurostat,XK,XKX,2022,1999,CP04,Housing & utilities (incl. imputed rent),,,,,,,,,False,False,,
Eurostat,XK,XKX,2023,1999,CP01,Food & non-alcoholic beverages,,,,,,,,,False,False,,
Eurostat,XK,XKX,2023,1999,CP04,Housing & utilities (incl. imputed rent),,,,,,,,,False,False,,
Eurostat,XK,XKX,2024,1999,CP01,Food & non-alcoholic beverages,,,,,,,,,False,False,,
Eurostat,XK,XKX,2024,1999,CP04,Housing & utilities (incl. imputed rent),,,,,,,,,False,False,,
Eurostat,XK,XKX,2025,1999,CP01,Food & non-alcoholic beverages,,,,,,,,,False,False,,
Eurostat,XK,XKX,2025,1999,CP04,Housing & utilities (incl. imputed rent),,,,,,,,,False,False,,
