geo,year,food_share_1999,housing_share_1999,food_share_2018,housing_share_2018,food_gap,housing_gap
AT,1995,11.330978005262251,18.965730078586887,11.617039104424277,17.929381611617345,0.28606109916202627,-1.0363484669695424
AT,1996,11.080130687009714,19.574884461338097,11.359388266878064,18.527345028037438,0.2792575798683501,-1.0475394333006598
AT,1997,11.113226179870173,19.46416182401812,11.410936409500662,18.56699687250265,0.2977102296304892,-0.8971649515154709
AT,1998,10.884793196231863,19.303744731367626,11.17608524102413,18.399824050685485,0.2912920447922662,-0.9039206806821412
AT,1999,10.55905375481825,19.508470097230703,10.846081505566724,18.60125408736692,0.2870277507484751,-0.9072160098637809
AT,2000,10.323154030459948,19.369318644461266,10.5997418980541,18.386225010026138,0.2765878675941522,-0.9830936344351286
AT,2001,10.372508177110781,19.471980324742137,10.621400541738984,18.695718780565407,0.24889236462820286,-0.7762615441767302
AT,2002,10.367018123480062,19.57063263868477,10.624456320667967,18.700665368319726,0.2574381971879056,-0.869967270365045
AT,2003,10.219849156220596,19.622189989284582,10.421799160907089,18.98463686704563,0.20195000468649305,-0.6375531222389519
AT,2004,10.217912124442611,19.938787441108705,10.450812424942761,19.214268909811373,0.23290030050014998,-0.7245185312973312
AT,2005,10.04650349140633,20.798358528798637,10.294286100308986,19.98337582386597,0.24778260890265535,-0.8149827049326674
AT,2006,9.880974157452204,20.942394800232403,10.149425514887408,20.02284932173146,0.2684513574352039,-0.9195454785009431
AT,2007,9.944346639003308,20.60796312753642,10.211412835594567,19.736220595702047,0.26706619659125863,-0.8717425318343714
AT,2008,10.043385902127776,20.91225289424311,10.308933691079444,20.045320345879627,0.2655477889516682,-0.8669325483634829
AT,2009,10.02194810408854,21.189453197441185,10.314692063442212,20.30832585811279,0.2927439593536718,-0.881127339328394
AT,2010,9.88875177978168,21.204303116595476,10.149500732834278,20.494720290999986,0.26074895305259815,-0.7095828255954899
AT,2011,9.77801632275538,21.147978250815957,10.099111352589182,20.46672525346081,0.3210950298338009,-0.6812529973551449
AT,2012,9.888647561765577,21.4604492201812,10.21538047640231,20.696313882264654,0.3267329146367324,-0.7641353379165459
AT,2013,10.041838602854666,21.76525616818085,10.394368008452853,21.149106084119563,0.3525294055981867,-0.6161500840612888
AT,2014,9.98145655733141,21.922376260343857,10.395556226896911,21.255154999102242,0.4140996695655019,-0.6672212612416146
AT,2015,10.00593169509764,22.071694127401344,10.35559048907232,21.34137297978886,0.3496587939746796,-0.7303211476124822
AT,2016,9.803566254961893,22.123224917386427,10.09955619527408,21.449683215618307,0.29598994031218595,-0.6735417017681193
AT,2017,9.773473306082002,22.278531318386392,10.136255822682102,21.483120775911164,0.36278251660010064,-0.7954105424752278
AT,2018,9.71713620713524,22.246067560050513,10.075511177578454,21.478399148931455,0.3583749704432133,-0.7676684111190575
AT,2019,9.687569010566802,22.508535324615934,10.013218185626993,21.75620905583405,0.32564917506019064,-0.7523262687818857
AT,2020,11.412451915923462,25.413777711173957,11.752671375844956,24.49823645065624,0.34021945992149405,-0.9155412605177169
AT,2021,10.83584445511875,25.705134838616345,11.138085899918531,24.598994518158857,0.30224144479978143,-1.106140320457488
AT,2022,9.98615646207322,24.066202914047032,10.19869748906887,22.773778994836867,0.21254102699565003,-1.2924239192101652
BA,2000,29.20481382032286,18.223286208792985,25.256303573304034,19.696394380306835,-3.9485102470188274,1.47310817151385
BA,2001,30.003618708724105,17.84249570278339,26.226064170237116,19.27893195183844,-3.7775545384869886,1.4364362490550526
BA,2002,31.057034866437338,16.924307413541708,27.40137130429256,18.35161032926838,-3.6556635621447775,1.4273029157266706
BA,2003,32.09799542616476,16.102985064617158,28.518171474466232,17.521584900609064,-3.5798239516985255,1.4185998359919054
BA,2004,32.22554601305928,15.573353919392712,28.739112324134116,16.672365664264795,-3.486433688925164,1.099011744872083
BA,2005,32.183241862225586,14.924181491294474,28.144354866613615,16.256069570833766,-4.038886995611971,1.3318880795392918
BA,2006,32.33605236271452,14.624298616081429,28.81163933106059,15.874157785950127,-3.5244130316539284,1.2498591698686976
BA,2007,32.645279449957215,13.895686027251939,29.026940048766527,15.193141097148047,-3.6183394011906884,1.2974550698961078
BA,2008,34.088353989277124,13.084237730727713,30.068592826592365,14.45374199158784,-4.019761162684759,1.3695042608601273
BA,2009,33.748744657495855,14.249480346591307,29.524440383736867,15.472361809045227,-4.224304273758989,1.2228814624539197
BA,2010,32.34086526484781,14.35003644482991,29.037482959223617,15.502044893166145,-3.30338230562419,1.152008448336236
BA,2011,32.35186113997062,14.188729265933436,29.450955557676128,15.206509763778165,-2.900905582294495,1.0177804978447291
BA,2012,32.68321798320877,14.194867833772937,29.818658249709678,15.197740353325024,-2.8645597334990924,1.0028725195520867
BA,2013,32.538841654580665,14.172318861976429,29.837044126536366,15.108889112767814,-2.701797528044299,0.9365702507913856
BA,2014,31.784838980581693,13.839186247793375,29.112545181468587,14.704814405255082,-2.672293799113106,0.8656281574617068
BA,2015,31.370905230520357,13.856918980857374,28.753959787291222,14.76909045009243,-2.6169454432291346,0.9121714692350551
BA,2016,30.41837301668965,13.751774947008826,28.169868472854954,14.801022006893728,-2.248504543834695,1.0492470598849017
BA,2017,30.00003999792011,13.929275677664762,27.757004598752044,14.978569112171257,-2.2430353991680647,1.0492934345064953
BA,2018,29.36659011390435,13.925923642472911,27.1800508398394,15.014371886248693,-2.186539274064952,1.0884482437757814
BA,2019,29.556076483296835,13.525668347026057,27.24959736523045,14.666401259477752,-2.3064791180663846,1.1407329124516945
BA,2020,32.341462637590205,14.75620051929847,29.865926232129347,15.892304212521353,-2.4755364054608577,1.136103693222882
BA,2021,31.34213492889352,13.763874436351022,28.628429103635135,14.826992549108153,-2.7137058252583834,1.063118112757131
BA,2022,32.198585041694024,12.954293042405796,28.481536827322973,13.905742697849712,-3.717048214371051,0.9514496554439162
BA,2023,32.70735781824766,12.359313237379682,29.098319832225517,13.481185943771859,-3.609037986022141,1.1218727063921765
BE,1995,14.812876137934088,21.159365701851804,14.814260907134608,21.225373033743132,0.0013847692005199974,0.06600733189132768
BE,1996,14.465287631175228,21.931922126749303,14.462226575723308,21.998635129392614,-0.003061055451919259,0.06671300264331137
BE,1997,14.17925499451239,21.84479794500514,14.186327334068508,21.92329218279466,0.007072339556119189,0.07849423778952058
BE,1998,13.722348809498925,21.481781884315488,13.733219056378953,21.559796810000627,0.010870246880028134,0.07801492568513879
BE,1999,13.575169966133297,21.45740296482646,13.587332268383644,21.53894752823654,0.012162302250347423,0.08154456341008043
BE,2000,12.93261075326974,21.483337840495626,12.94375061461304,21.582905152915725,0.011139861343298918,0.09956731242009909
BE,2001,13.166488063344644,21.710201226409477,13.173706614276359,21.793772697505506,0.007218550931714418,0.08357147109602892
BE,2002,13.586813267497568,21.59393527781347,13.590924943556232,21.656271223774297,0.0041116760586632495,0.06233594596082881
BE,2003,13.952462036402787,21.75678715875529,13.951312005531646,21.812851163723423,-0.0011500308711411833,0.0560640049681318
BE,2004,13.686024579915898,21.53530618224436,13.681591522886697,21.587186802789226,-0.004433057029201493,0.05188062054486764
BE,2005,13.242746105720125,21.893620190670752,13.245472633639768,21.936513129894454,0.002726527919643118,0.04289293922370163
BE,2006,12.502144859011269,22.067135675837132,12.51040653816578,22.11333752772429,0.00826167915451137,0.046201851887158085
BE,2007,12.28126588821733,21.440584285969102,12.311783399687181,21.490395174471587,0.030517511469851044,0.04981088850248483
BE,2008,12.562709272955836,22.441845064237064,12.601455993716874,22.492209992122856,0.038746720761038134,0.05036492788579139
BE,2009,12.929958712762287,22.5111998268468,12.751089829303563,22.99513737241836,-0.17886888345872443,0.48393754557156043
BE,2010,12.753100202691648,23.095605676256582,12.467308029725423,23.733696641616802,-0.28579217296622517,0.6380909653602203
BE,2011,12.403806118790904,23.834380139249035,12.10705191708334,24.482675329622563,-0.2967542017075644,0.6482951903735277
BE,2012,12.631901655909806,24.738842242973973,12.25477280419677,25.098393905355927,-0.3771288517130351,0.35955166238195346
BE,2013,12.742076340803438,24.801532419026387,12.299482975995996,24.99825380657604,-0.4425933648074416,0.19672138754965474
BE,2014,12.844846059717574,24.101072064440025,12.319180775937767,24.184127533794232,-0.5256652837798068,0.08305546935420693
BE,2015,12.928966418047096,23.934764828672225,12.354697239977362,23.928205924970193,-0.5742691780697342,-0.0065589037020323815
BE,2016,12.993027323224386,23.746278714269362,12.233459785242898,23.895047261107944,-0.7595675379814875,0.14876854683858198
BE,2017,12.792201591972429,23.84829159693849,11.992854940692222,23.80212530807772,-0.7993466512802065,-0.04616628886077123
BE,2018,12.707713558565025,23.90360980903963,11.879098002253206,23.740269800277662,-0.8286155563118189,-0.16334000876196697
BE,2019,12.705154418455281,23.745993684097844,11.80053465865883,23.750950572766584,-0.9046197597964518,0.0049568886687403335
BE,2020,14.187955555127077,25.477573959634555,13.025427893104572,25.300096657312928,-1.1625276620225051,-0.17747730232162695
BE,2021,13.257325423030785,25.253941092178195,12.206620528641707,25.193612940882183,-1.050704894389078,-0.06032815129601232
BE,2022,12.193768589545824,25.7103340651836,10.986080328864116,26.114085712404815,-1.2076882606817083,0.4037516472212168
BG,1995,26.44153764014949,27.562733582487986,26.442182197859566,27.564604541895065,0.0006445577100748778,0.0018709594070784874
BG,1996,28.28859467994656,28.889833596501884,28.29314645444827,28.88704121629647,0.004551774501710071,-0.0027923802054132807
BG,1997,27.532935266799353,26.14523109973778,27.533366287691546,26.146193771626297,0.00043102089219360096,0.0009626718885158425
BG,1998,27.157877158840567,25.961322311926367,27.15715954627106,25.961284811637164,-0.0007176125695060875,-3.7500289202796466e-05
BG,1999,26.914010937205358,26.071327550443147,26.914388456041678,26.071873127103405,0.00037751883631997885,0.000545576660258007
BG,2000,28.894454527940294,21.030510743148014,28.893979057591622,21.030660003173093,-0.0004754703486717915,0.0001492600250792009
BG,2001,27.9809141817227,20.75537467688561,27.98048573174079,20.755602383503184,-0.0004284499819107168,0.0002277066175757625
BG,2002,25.945217257023135,20.38889654049858,25.945667967283235,20.38920542667298,0.000450710260100351,0.0003088861744018345
BG,2003,24.182809651805854,20.07059659529768,24.18273007432473,20.070699135899446,-7.95774811237493e-05,0.00010254060176606572
BG,2004,23.910219473359405,18.343772268686944,23.910028141212873,18.343802931487485,-0.0001913321465316642,3.066280054042636e-05
BG,2005,21.300595843541686,16.923312783954383,21.300765189913566,16.923555970730188,0.00016934637188015245,0.00024318677580481562
BG,2006,17.734369156132118,17.619228262147228,17.734561547424356,17.619089916348376,0.0001923912922379145,-0.00013834579885241283
BG,2007,21.250744646726503,16.249337182584107,21.25090691818531,16.249413170585978,0.00016227145880876037,7.598800187125221e-05
BG,2008,20.369377254032585,17.352238133496545,20.36933058830869,17.35214299082912,-4.666572389666612e-05,-9.514266742627342e-05
BG,2009,18.862606013878178,19.189308661012593,18.86246928771629,19.189396772546132,-0.00013672616188742381,8.811153353960322e-05
BG,2010,19.61422335641581,18.969452400390157,19.61420888548391,18.969453778644198,-1.447093189810289e-05,1.3782540406737098e-06
BG,2011,19.08984775114453,19.56509767496503,19.089949521422877,19.564936417098092,0.00010177027834856744,-0.00016125786693876876
BG,2012,18.495336830566327,19.166888557685326,18.495360350611406,19.16695974461638,2.35200450795503e-05,7.118693105567786e-05
BG,2013,18.630334586268102,19.838638473514873,18.63016813769383,19.83861339700678,-0.00016644857427294824,-2.507650809135953e-05
BG,2014,19.203165337426036,19.787084926499944,19.201699044287587,19.787480653243662,-0.0014662931384492595,0.0003957267437186829
BG,2015,19.441456393234372,19.883346480758657,19.441568763650206,19.883384650320927,0.00011237041583456175,3.8169562269985136e-05
BG,2016,19.641045943240044,19.158612476197334,19.640943108264196,19.158446411830766,-0.0001028349758485092,-0.00016606436656729784
BG,2017,19.29471618043623,19.471128857689695,19.294626279297137,19.47102950717722,-8.990113909135289e-05,-9.935051247467186e-05
BG,2018,19.144901177581065,19.852111703291012,19.210773779435726,19.94499024339276,0.06587260185466093,0.09287854010174712
BG,2019,18.52198804411393,19.8068376320012,18.57241839053913,19.884153670916643,0.05043034642520183,0.07731603891544125
BG,2020,20.748130379568224,19.990687173698323,20.77523364227723,20.040455623165816,0.027103262709005094,0.049768449467492815
BG,2021,19.822960394232524,19.128308085417046,19.834508048385562,19.161110581960187,0.011547654153037712,0.032802496543141046
BG,2022,20.76345510505819,18.429882507739475,20.760529614112635,18.447079586585506,-0.0029254909455538325,0.01719707884603139
CH,1995,9.606658167300042,23.1949258956011,9.87386188088669,23.31915549855666,0.26720371358664785,0.12422960295556251
CH,1996,9.351962818725864,23.508663533377923,9.617141552610695,23.629469381543046,0.2651787338848308,0.12080584816512285
CH,1997,9.206723035522561,23.11505597591798,9.46173808774515,23.174729166340175,0.25501505222258913,0.05967319042219543
CH,1998,9.134134888331568,22.756673674367537,9.402198444151253,22.751484957218917,0.2680635558196851,-0.0051887171486200145
CH,1999,9.112770822512374,22.761648328248725,9.325643721624159,22.639540005916324,0.21287289911178497,-0.12210832233240154
CH,2000,9.042683795090074,22.748719409177152,9.22180908235015,22.6569988577391,0.17912528726007615,-0.09172055143805125
CH,2001,9.25284177957805,23.005747083485918,9.443364310008576,22.88930087436329,0.1905225304305258,-0.11644620912262837
CH,2002,9.390687019811871,23.5257994923953,9.618822710173557,23.319898271986194,0.22813569036168602,-0.20590122040910686
CH,2003,9.428752241948578,23.473478838814803,9.667611992755614,23.342084416013698,0.2388597508070358,-0.13139442280110458
CH,2004,9.241517392290996,23.577648311947584,9.429834315376082,23.41667025165134,0.18831692308508607,-0.1609780602962445
CH,2005,9.214969626148392,23.773586774147,9.3447902051049,23.71021568309099,0.12982057895650811,-0.06337109105600902
CH,2006,9.150541880566891,23.829513294721604,9.255007874469829,23.74197277781363,0.10446599390293798,-0.08754051690797482
CH,2007,8.980468695892498,23.672051390461842,9.072661183763813,23.40156068116989,0.09219248787131562,-0.27049070929195196
CH,2008,9.183282988547832,24.000191971278042,9.294645256747826,24.08485158019139,0.11136226819999351,0.08465960891334845
CH,2009,9.281738356366466,23.979382478897744,9.421805079291254,24.161547156360612,0.1400667229247876,0.18216467746286824
CH,2010,8.966915081630887,24.35149481541903,9.099518010477277,24.437231713229412,0.13260292884639036,0.08573689781038141
CH,2011,8.824703364805682,24.586750933816027,8.944045542484933,24.697348047204557,0.11934217767925048,0.11059711338852907
CH,2012,8.61699373194767,24.855314517282505,8.714009658580482,25.00235078344644,0.09701592663281211,0.1470362661639335
CH,2013,8.72898590794132,24.87391994568767,8.83189279062219,25.034851839785716,0.10290688268086967,0.1609318940980451
CH,2014,8.858376702469272,24.964816528016403,8.980864059717213,25.13231854001745,0.12248735724794102,0.16750201200104797
CH,2015,8.826948392028083,25.098905843052883,8.959769521782611,25.30114728991165,0.13282112975452876,0.20224144685876766
CH,2016,8.82303074724313,25.381580319620312,8.987776179796688,25.67599157732299,0.16474543255355734,0.2944112577026772
CH,2017,8.801064976634898,25.257881067680316,8.933676188630402,25.47661731488467,0.13261121199550452,0.21873624720435458
CH,2018,8.802973098469316,25.150026635595076,9.003673041193592,25.49914760826907,0.20069994272427572,0.3491209726739939
CH,2019,8.894340907038615,25.343595229329758,9.093128181040864,25.820866535078785,0.1987872740022496,0.4772713057490279
CH,2020,9.869124757368233,26.70249632621267,10.20388728724687,27.366102548129597,0.33476252987863653,0.6636062219169254
CH,2021,9.860734521804146,26.812967859041,10.135753082083603,27.482886182709315,0.2750185602794577,0.6699183236683162
CH,2022,8.825095297141864,25.788237557074584,9.05047242454884,26.437280294883276,0.22537712740697557,0.649042737808692
CY,1995,14.902514066191847,10.78209726495436,14.902514066191847,10.819493787077802,0.0,0.037396522123442466
CY,1996,14.685636366623406,11.3506053984787,14.685636366623406,11.38839146363502,0.0,0.03778606515631999
CY,1997,14.682040970214905,11.730237526706045,14.682040970214905,11.76636923463617,0.0,0.036131707930124435
CY,1998,13.882060286801288,11.706175007316359,13.882263422057683,11.741465341898477,0.00020313525639537033,0.03529033458211828
CY,1999,13.56384781164862,11.452078561069168,13.56384781164862,11.488675332420675,0.0,0.03659677135150652
CY,2000,13.766628196561989,11.068456538905425,13.766628196561989,11.104901901233069,0.0,0.03644536232764395
CY,2001,13.623014208121194,10.924264931000465,13.623014208121194,10.961684563834492,0.0,0.03741963283402683
CY,2002,13.601646775626822,11.668035230199884,13.601646775626822,11.705155172607732,0.0,0.03711994240784833
CY,2003,13.142212042595228,12.45074519935304,13.142212042595228,12.489823388296083,0.0,0.03907818894304249
CY,2004,13.305515499238076,13.15619918387384,13.305515499238076,13.195062334448092,0.0,0.038863150574252714
CY,2005,13.105303242102018,14.236134542895432,13.105303242102018,14.275660615642686,0.0,0.03952607274725395
CY,2006,12.762635379061372,15.395306859205776,12.762635379061372,15.436823104693143,0.0,0.04151624548736699
CY,2007,12.151622845896734,15.348519473337507,12.151622845896734,15.38999536445923,0.0,0.04147589112172234
CY,2008,12.34432451666469,16.082018740362948,12.34432451666469,16.12279089076029,0.0,0.04077215039734128
CY,2009,12.081895965231034,18.136050392591585,12.081895965231034,18.172868359759565,0.0,0.03681796716798047
CY,2010,11.281665223773855,18.845936688372795,11.281665223773855,18.88508299770392,0.0,0.039146309331123064
CY,2011,11.442042651965762,18.91774263745829,11.442042651965762,18.95401131582765,0.0,0.03626867836936043
CY,2012,11.669042373979526,20.31373734755878,11.669042373979526,20.347573178984348,0.0,0.033835831425566454
CY,2013,12.158054711246201,19.04736638646545,12.158054711246201,19.08147564220149,0.0,0.03410925573604118
CY,2014,12.432639901742535,16.369079603899593,12.432639901742535,16.404390880479006,0.0,0.035311276579413686
CY,2015,12.469982197644027,15.697132684368015,12.469982197644027,15.745615696375136,0.0,0.04848301200712157
CY,2016,12.208634600521515,15.028567713788346,12.208634600521515,15.076240763346648,0.0,0.04767304955830198
CY,2017,11.928115736123821,14.561276485293916,11.928115736123821,14.609773090531549,0.0,0.04849660523763255
CY,2018,11.459318061149167,14.760233615208296,11.367972097146124,15.489167089534503,-0.09134596400304318,0.7289334743262064
CY,2019,11.562442980552042,15.041809018667774,11.398639135100266,16.299365467277838,-0.16380384545177584,1.2575564486100639
CY,2020,14.357958711608676,18.503428100597937,14.063379238856804,20.249518732415222,-0.294579472751872,1.7460906318172853
CY,2021,13.650909331831585,17.46182131381058,12.530280534500275,19.563830064338,-1.1206287973313103,2.1020087505274176
CY,2022,13.02986350041602,16.84994040792462,12.113233466343951,18.850439371143235,-0.9166300340720692,2.0004989632186145
CZ,1995,18.893304187355554,19.194028580085085,18.731440950619916,20.542977677088654,-0.16186323673563763,1.348949097003569
CZ,1996,18.480656068125192,18.735072634425524,18.350598323032614,19.881102884273048,-0.1300577450925786,1.1460302498475237
CZ,1997,17.930613793666573,19.59768872750328,17.811093108837888,20.643065781832156,-0.11952068482868583,1.0453770543288776
CZ,1998,17.926448648193976,21.287126521252155,17.81528219308365,22.273131555078066,-0.1111664551103253,0.9860050338259114
CZ,1999,17.703586773929413,21.606999653900374,17.5923155034902,22.60300802948178,-0.11127127043921092,0.9960083755814075
CZ,2000,17.409539869910866,22.17489761503252,17.362792736020165,23.04357492218764,-0.046747133890701065,0.8686773071551208
CZ,2001,17.148849421267816,22.629214819095868,17.113398041067235,23.534119316541123,-0.03545138020058047,0.9049044974452549
CZ,2002,16.925464932822784,23.923371021787755,16.92151303154509,24.71263074203023,-0.003951901277694958,0.7892597202424732
CZ,2003,16.247600467930447,24.210471505882108,16.118036584884262,24.951173735592008,-0.1295638830461847,0.7407022297098997
CZ,2004,15.7753501429794,24.25288046087374,15.719303816825686,24.92923248316872,-0.05604632615371408,0.6763520222949815
CZ,2005,15.122156023339109,24.276378079756316,15.077379229213264,24.94869350523391,-0.04477679412584479,0.672315425477592
CZ,2006,14.687486785160452,24.590752711467843,14.586846055124225,25.194735459501622,-0.10064073003622731,0.6039827480337792
CZ,2007,14.647339483384824,24.805937032948254,14.524366857710136,25.31918183125066,-0.12297262567468792,0.5132447983024058
CZ,2008,14.526380383057061,25.509554075416645,14.398107726900337,26.027745144498134,-0.12827265615672445,0.5181910690814888
CZ,2009,14.198450438777016,27.443223982077118,14.368706858177585,27.81631629514596,0.17025641940056957,0.3730923130688417
CZ,2010,14.040421991852634,27.990301177353505,13.964384904743628,30.077415914179976,-0.0760370871090057,2.0871147368264715
CZ,2011,14.473092649652152,27.716024262155305,14.487770162864964,29.532564916524702,0.014677513212811633,1.8165406543693976
CZ,2012,15.198620047210426,27.74252905321558,15.164261803938373,29.475873372089307,-0.03435824327205239,1.7333443188737263
CZ,2013,15.455133577752234,27.665177973525335,15.377995621453577,29.446049787620993,-0.07713795629865672,1.7808718140956579
CZ,2014,16.054008311829215,26.52707103697222,15.788428080904238,28.51642074531513,-0.26558023092497685,1.9893497083429104
CZ,2015,15.903820667671331,26.244638564381763,15.447764283893125,28.581689333632603,-0.4560563837782059,2.3370507692508404
CZ,2016,15.812526019893822,26.095459033935104,15.325358917489096,28.531830207216156,-0.48716710240472594,2.436371173281053
CZ,2017,15.696247718798077,25.912025440182422,15.289459741859515,28.5490438221361,-0.4067879769385616,2.637018381953677
CZ,2018,15.271957388105456,26.516784181483754,14.850572207004738,29.26410254628368,-0.42138518110071743,2.747318364799927
CZ,2019,15.20785480356088,26.29847032758141,14.726306350292099,29.50613289651646,-0.4815484532687808,3.2076625689350493
CZ,2020,17.06249375536747,28.347851982478872,16.19419086711547,33.360793277512755,-0.8683028882519999,5.012941295033883
CZ,2021,16.574118756757663,27.990474111529114,15.031550424877253,33.72141471983399,-1.5425683318804104,5.7309406083048735
CZ,2022,15.798945078292942,25.997840522149207,14.614509343168846,32.85291267648061,-1.1844357351240955,6.855072154331399
DE,1995,11.501780346362795,22.80546930326306,11.28677923816599,22.878955512342014,-0.2150011081968053,0.07348620907895409
DE,1996,11.263789582438168,23.42478914310267,10.991906279983905,23.50138506298555,-0.2718833024542633,0.07659591988287673
DE,1997,11.135396852188656,23.770830686134875,10.76728463203976,23.88157427192056,-0.36811222014889644,0.11074358578568422
DE,1998,11.08795545161928,23.732530686688076,10.753964635986597,23.808376392483613,-0.3339908156326832,0.07584570579553684
DE,1999,10.860116286961834,23.477930363566436,10.666338572954002,23.433614458155926,-0.1937777140078314,-0.044315905410510226
DE,2000,10.872417562429694,23.613267005370165,10.690210177569215,23.472441411217133,-0.1822073848604795,-0.14082559415303209
DE,2001,10.969646142099986,23.84343278202989,10.782138188892604,23.697449615466457,-0.18750795320738156,-0.14598316656343258
DE,2002,10.91502344402338,24.132228573875437,10.669001030210872,23.712508400277514,-0.24602241381250778,-0.41972017359792346
DE,2003,10.528880361219487,24.456670184892314,10.522342228736601,23.914332271562277,-0.006538132482885928,-0.5423379133300372
DE,2004,10.885685943083317,24.463153575101412,10.64450293490377,23.963199335055833,-0.2411830081795472,-0.49995424004557876
DE,2005,10.94025156468175,24.74729670482845,10.707672743554896,24.179258103938476,-0.2325788211268538,-0.5680386008899738
DE,2006,10.697651317822613,24.883243880749507,10.60607336125701,24.309669637862115,-0.09157795656560275,-0.5735742428873927
DE,2007,10.816899746451012,24.654494866137625,10.73888571637087,24.069630876901535,-0.0780140300801424,-0.5848639892360907
DE,2008,10.80203662892317,25.287559844973025,10.93111168797456,24.751473460020414,0.12907505905138983,-0.5360863849526112
DE,2009,10.676249874625015,25.301507843155136,10.489078134729349,24.747013974606194,-0.18717173989566582,-0.554493868548942
DE,2010,10.348078403681347,25.267133560104494,10.19229676984276,24.805039531304033,-0.155781633838588,-0.46209402880046113
DE,2011,10.027399182032779,24.786024413043386,9.752277983670968,24.42367709755622,-0.2751211983618109,-0.3623473154871668
DE,2012,10.014189710440787,24.855178617679904,9.789339968978494,24.644124191823316,-0.2248497414622932,-0.21105442585658807
DE,2013,10.145826551074173,25.234654768190364,9.794138032148854,25.151614107109538,-0.35168851892531805,-0.08304066108082608
DE,2014,10.450704036565668,24.718150806575924,9.945895402118472,24.753846544540085,-0.5048086344471958,0.03569573796416137
DE,2015,10.597684221118268,24.505621523505724,10.152977260307724,24.535050839748184,-0.44470696081054406,0.029429316242460146
DE,2016,10.600676926197297,24.229964759272875,10.03780258757579,24.29182152377558,-0.5628743386215067,0.06185676450270705
DE,2017,10.624854223717385,24.130062679173705,10.05411997413998,24.21816992356361,-0.5707342495774057,0.08810724438990647
DE,2018,10.727485607299137,24.04262985204729,10.12979157047915,24.20648877656351,-0.5976940368199877,0.16385892451621942
DE,2019,10.768894777455849,24.00180539580391,10.099463533265642,24.2750782289681,-0.669431244190207,0.2732728331641887
DE,2020,11.859686701781179,25.61820408541658,11.437466641910623,26.302791631914108,-0.4222200598705559,0.6845875464975286
DE,2021,11.731380891162422,25.47507723477852,11.301011741504603,26.34240116669291,-0.43036914965781925,0.8673239319143882
DE,2022,11.527862584438129,24.59892221835042,10.96859054714949,24.780677232609648,-0.559272037288638,0.18175501425922747
DK,1975,17.36036880812632,20.799462981572393,17.354838451022133,20.83735251314001,-0.005530357104188255,0.037889531567618207
DK,1976,17.15398605864102,21.08266183290299,17.147623869358686,21.12367568008372,-0.006362189282334896,0.0410138471807322
DK,1977,17.10022354943924,21.788736346168708,17.094188621238647,21.827043315419946,-0.006034928200591594,0.03830696925123789
DK,1978,17.117166645287003,22.502564170910667,17.114049000526464,22.5267220258873,-0.0031176447605396618,0.024157854976632365
DK,1979,16.184315901573328,23.886757819646522,16.185946756217255,23.888680974008736,0.0016308546439276483,0.001923154362213353
DK,1980,16.249129136455227,25.79102558990009,16.229263657553204,25.891410527250848,-0.01986547890202317,0.10038493735075704
DK,1981,16.471250909781336,26.197019081674632,16.45549318364074,26.276693694496423,-0.01575772614059545,0.07967461282179045
DK,1982,16.236243040096973,25.954070776242776,16.227133649659706,26.003838652334487,-0.009109390437266995,0.049767876091710406
DK,1983,15.543229308832638,25.106239114560893,15.535467321261635,25.1511973327988,-0.007761987571003104,0.04495821823790891
DK,1984,15.379632718276529,24.07076522345381,15.376513096822848,24.093410750588763,-0.003119621453681276,0.022645527134951493
DK,1985,14.622214821059815,24.101962745720364,14.621633809290834,24.111794587862363,-0.0005810117689808436,0.009831842141998948
DK,1986,14.058274539115667,24.06822519716619,14.055535386265976,24.090160336821114,-0.002739152849690285,0.021935139654924996
DK,1987,13.798799517775354,25.396847232830012,13.790459070561553,25.44894650335097,-0.008340447213800672,0.05209927052095864
DK,1988,13.951862620035874,25.278845842533652,13.951388190870157,25.288746602447787,-0.0004744291657168276,0.009900759914135193
DK,1989,13.990381912907646,25.64256178583016,13.98658165501151,25.66967663887123,-0.003800257896136472,0.027114853041069864
DK,1990,13.851922665061803,26.256644886951676,13.85128989700355,26.266871676645902,-0.0006327680582529638,0.010226789694225857
DK,1991,13.451025903861513,26.502428985975335,13.450247165908491,26.513146816960337,-0.0007787379530217464,0.010717830985001342
DK,1992,13.447076921317343,26.408026143825346,13.449528010400561,26.402190165352383,0.0024510890832178944,-0.005835978472962466
DK,1993,13.168839255594596,27.39870365176059,13.167303563846462,27.414444360671187,-0.0015356917481348376,0.015740708910595202
DK,1994,12.889338051151492,25.874672427926072,12.886272296197465,25.900126046031545,-0.0030657549540276108,0.025453618105473197
DK,1995,13.046391431741789,25.865940678017356,13.010160304510435,25.85968616152196,-0.036231127231353355,-0.00625451649539599
DK,1996,12.801649976770005,26.10160539243499,12.768555448009316,26.09329675843793,-0.033094528760688746,-0.00830863399706061
DK,1997,12.72684735573279,25.60357620031229,12.684551091938529,25.612150624606816,-0.042296263794261435,0.00857442429452604
DK,1998,12.50046955654993,25.5970205966112,12.45007275520841,25.567925114239355,-0.05039680134152036,-0.029095482371843673
DK,1999,12.0686199881726,25.74244797319032,12.025160316624591,25.712564079534094,-0.04345967154800867,-0.029883893656226235
DK,2000,12.049340713913844,25.969366963381436,11.981721515982494,25.926257755426228,-0.06761919793135007,-0.043109207955208007
DK,2001,12.155513614908346,26.606538696649658,12.094854074339475,26.5240333307148,-0.060659540568870796,-0.08250536593485691
DK,2002,11.976433015598296,26.766206563521074,11.89985353446574,26.65743778304132,-0.07657948113255664,-0.10876878047975325
DK,2003,11.71074140899871,27.232703374016314,11.705055464572295,27.17760269348683,-0.0056859444264141246,-0.05510068052948469
DK,2004,11.372605690751,26.64650551549521,11.36577993964713,26.56084690666675,-0.006825751103869848,-0.0856586088284601
DK,2005,10.958599288911659,26.320374534628403,10.936278473555069,26.444530056559444,-0.022320815356589918,0.12415552193104062
DK,2006,10.805682312400865,26.0244968336605,10.78562911670714,26.09299587662393,-0.0200531956937251,0.06849904296343112
DK,2007,10.855661646144894,25.756580709794648,10.820324250768312,25.95652816330027,-0.035337395376581426,0.19994745350562226
DK,2008,11.285237308201078,26.32240309830699,11.288027958597965,26.431941583390767,0.0027906503968875285,0.10953848508377817
DK,2009,11.362920173612366,27.868702387548876,11.306838910969015,28.29975581971646,-0.05608126264335134,0.43105343216758385
DK,2010,11.305139320923017,29.27581078732688,11.2218011892387,29.61718410015602,-0.08333813168431625,0.3413733128291412
DK,2011,11.282360786375914,29.437001540312636,11.20334996407367,29.652812340853295,-0.07901082230224432,0.21581080054065893
DK,2012,11.498930867380377,29.528807465523045,11.403830729662632,29.90005796960255,-0.09510013771774517,0.3712505040795051
DK,2013,11.486013549473672,30.028489435125817,11.409479222012594,30.226160764785682,-0.07653432746107747,0.19767132965986534
DK,2014,11.467016588164098,29.536892830999108,11.4130133377321,30.23312618225481,-0.054003250431998495,0.6962333512557031
DK,2015,11.408336632180342,29.269656670268652,11.302157770604236,29.924955227607004,-0.10617886157610634,0.6552985573383516
DK,2016,11.500762851950025,28.981520738327294,11.461008743230977,29.448338276137054,-0.039754108719048276,0.4668175378097601
DK,2017,11.583037941079342,28.46774380555847,11.469706780780301,28.85565581166191,-0.11333116029904033,0.38791200610344134
DK,2018,11.399366709312053,28.403515279514696,11.317891155037774,28.677163612605018,-0.0814755542742791,0.2736483330903212
DK,2019,11.315349595654679,28.092548817529494,11.299609446821764,28.64637457368218,-0.01574014883291497,0.5538257561526869
DK,2020,12.239701129077293,29.14122677566641,12.261137927148347,29.899385636575804,0.02143679807105414,0.7581588609093934
DK,2021,12.076356177740532,28.536069684590572,12.04461695755571,29.16964474810436,-0.03173922018482145,0.6335750635137885
DK,2022,11.799231313404842,29.07400146988471,11.96633065369746,29.377049481637663,0.16709934029261753,0.3030480117529528
EE,1995,27.91370235409798,21.86939672624212,27.907918329573718,21.909884897911965,-0.0057840245242601895,0.040488171669846196
EE,1996,24.786073825503355,20.48657718120805,24.786073825503355,20.524328859060404,0.0,0.03775167785235212
EE,1997,24.1107931316435,22.144998637230852,24.1107931316435,22.18588171163805,0.0,0.04088307440719774
EE,1998,22.155892360037114,22.51778533869471,22.156577685669212,22.558693433140522,0.0006853256320979995,0.040908094445811116
EE,1999,21.3927037328332,22.71462278419747,21.3927037328332,22.750922620848204,0.0,0.03629983665073411
EE,2000,20.79872380218934,21.62935254964519,20.79872380218934,21.6678585180703,0.0,0.03850596842510967
EE,2001,20.346730858073773,21.34607435504656,20.346730858073773,21.384978238140395,0.0,0.03890388309383397
EE,2002,20.005230695464547,20.3495848135475,20.005230695464547,20.384456116644508,0.0,0.034871303097006034
EE,2003,19.250902169171592,19.84573898560495,19.250902169171592,19.881429194590954,0.0,0.03569020898600428
EE,2004,19.337210117004133,19.16380578715056,19.337210117004133,19.19708540601135,0.0,0.03327961886078867
EE,2005,18.91333508071355,17.847947085215623,18.91333508071355,17.881866818791533,0.0,0.03391973357591027
EE,2006,17.85643714349699,17.678597304738442,17.85643714349699,17.7128479403512,0.0,0.03425063561275721
EE,2007,17.190770885047872,17.997231723080795,17.190770885047872,18.03154920555028,0.0,0.03431748246948629
EE,2008,19.699664317631104,17.84674210257208,19.699664317631104,17.880088033257007,0.0,0.03334593068492708
EE,2009,20.27344253837224,20.239907132722816,20.27344253837224,20.264413775312782,0.0,0.02450664258996582
EE,2010,19.82103472178461,20.928855000315078,19.82103472178461,20.954061377528514,0.0,0.025206377213436326
EE,2011,20.010273652750534,19.911039506864668,19.862331100655897,20.521704869399958,-0.14794255209463714,0.6106653625352898
EE,2012,19.58640208407037,19.64643703298706,19.2382617119631,21.092590057598954,-0.3481403721072702,1.4461530246118954
EE,2013,20.2524923601022,19.123290416311807,19.75565655084787,21.12300249230318,-0.49683580925432835,1.999712075991372
EE,2014,20.87506942715416,18.52220711317105,20.26268334851555,20.92915171682995,-0.6123860786386075,2.4069446036589
EE,2015,20.623973117730603,18.12325371998255,19.926278688083514,20.91012636657967,-0.6976944296470897,2.7868726465971214
EE,2016,20.232702726707522,17.95985433875122,19.47424663389613,21.046377431075015,-0.758456092811393,3.0865230923237945
EE,2017,20.010145614516546,17.887882643514708,19.24313430687289,21.047328097759152,-0.7670113076436564,3.1594454542444446
EE,2018,19.589630156692294,18.005692276756022,18.855802873520435,21.0883644755453,-0.7338272831718591,3.082672198789279
EE,2019,19.296271560485508,18.49700911783495,18.60515577207092,21.418222287550133,-0.6911157884145886,2.921213169715184
EE,2020,21.2173741900321,18.869224247562524,20.42634216804185,21.878852874016037,-0.7910320219902509,3.0096286264535124
EE,2021,19.575890177034832,20.899315607615033,19.243640356610626,22.161363695782896,-0.3322498204242059,1.2620480881678624
EE,2022,19.063039604561226,22.451963126217127,18.449565166263103,23.880844331125754,-0.6134744382981232,1.4288812049086275
EL,1995,16.31409190048427,18.374859832661762,16.31409190048427,18.389646716695623,0.0,0.014786884033860304
EL,1996,14.611733263490803,18.582337443622578,14.611733263490803,18.59670022205982,0.0,0.014362778437241985
EL,1997,15.381032531228984,18.20960202744348,15.381032531228984,18.224021785319156,0.0,0.014419757875675288
EL,1998,15.023239501443076,18.17155401130457,15.023239501443076,18.18518660929324,0.0,0.013632597988671336
EL,1999,15.750085875603215,17.028159416245998,15.750085875603215,17.04149931577432,0.0,0.013339899528322263
EL,2000,15.20583974668507,16.61524590093882,15.20583974668507,16.629774759953335,0.0,0.01452885901451495
EL,2001,16.331504102758963,16.45355099507983,16.331504102758963,16.46916278581114,0.0,0.015611790731309583
EL,2002,16.385797054843646,17.20157754295697,16.385797054843646,17.217204829463846,0.0,0.01562728650687717
EL,2003,17.06061872874249,17.01126695831132,17.06061872874249,17.027039173603757,0.0,0.015772215292436442
EL,2004,16.067284146088188,17.029512820897537,16.067284146088188,17.046885845801768,0.0,0.01737302490423076
EL,2005,15.529713743652696,17.941335118947976,15.529713743652696,17.95852165987761,0.0,0.017186540929635896
EL,2006,14.664280079662953,17.70300434042824,14.664280079662953,17.72154048059542,0.0,0.018536140167178417
EL,2007,14.913777650541931,17.595098034709558,14.913777650541931,17.613089066771025,0.0,0.017991032061466683
EL,2008,14.60858186322904,18.66558618617111,14.60858186322904,18.684437469741546,0.0,0.01885128357043442
EL,2009,15.002324942996879,19.76002355444257,15.002324942996879,19.77826206309279,0.0,0.018238508650220808
EL,2010,15.297506182414851,20.742838175006998,15.297506182414851,20.760636774114342,0.0,0.01779859910734416
EL,2011,15.859283713730338,22.62284177579361,15.859283713730338,22.6396409999007,0.0,0.016799224107089117
EL,2012,16.257138493976036,23.005629644493595,16.257138493976036,23.02126959512447,0.0,0.015639950630873756
EL,2013,15.953836538366147,22.13727700290067,15.953836538366147,22.15269229624531,0.0,0.015415293344638314
EL,2014,15.823326421342577,21.29251648045557,15.823326421342577,21.3093064281514,0.0,0.01678994769583042
EL,2015,15.86354345141008,21.540201705279877,15.86354345141008,21.554097958492903,0.0,0.013896253213026455
EL,2016,15.525524085488804,21.960689362953225,15.525524085488804,21.97318864562018,0.0,0.01249928266695477
EL,2017,15.84954463237634,21.352202612704335,15.84954463237634,21.36361609285584,0.0,0.011413480151503563
EL,2018,15.473908655188767,20.618000546799355,15.473908655188767,20.628848576892377,0.0,0.010848030093022487
EL,2019,15.533541758321945,20.787310871325555,15.533541758321945,20.79843348288641,0.0,0.011122611560853812
EL,2020,19.057582810235797,25.560158091700185,19.057582810235797,25.571824145899008,0.0,0.011666054198823161
EL,2021,17.36586516750934,24.57499956795536,17.36586516750934,24.58874985817665,0.0,0.01375029022129226
EL,2022,16.165239015603813,22.56772277428103,16.37596747590895,22.486377876607506,0.2107284603051376,-0.08134489767352449
EL,2023,15.308173094469213,21.5555168358235,15.688691515414272,21.721172210960475,0.3805184209450587,0.16565537513697492
ES,1995,16.74570970966816,14.298661630050885,16.745363788254583,14.349512077846155,-0.00034592141357592254,0.050850447795269815
ES,1996,16.424764489547073,14.687854412911939,16.42454914352019,14.739778292022576,-0.00021534602688433324,0.05192387911063712
ES,1997,15.723693965304205,14.905105520684032,15.723402546535118,14.967843970667277,-0.00029141876908767017,0.06273844998324485
ES,1998,14.937306712620469,15.03710537462213,14.937020254471822,15.1061459644807,-0.00028645814864702857,0.0690405898585702
ES,1999,14.326384176361332,15.116106165022428,14.325185053015188,15.191379151865128,-0.0011991233461436934,0.07527298684270001
ES,2000,14.093956398669116,15.142275413418085,14.092906621645106,15.224073292449786,-0.0010497770240096571,0.08179787903170066
ES,2001,14.036012784399702,15.19373175887253,14.02833217382059,15.29100688080286,-0.007680610579111402,0.09727512193032872
ES,2002,14.158297386589394,15.982745562909544,14.145966990184789,16.09716510390963,-0.012330396404605537,0.11441954100008722
ES,2003,13.98489870168706,16.581732246837284,13.967394686080517,16.71209010018045,-0.017504015606542467,0.13035785334316685
ES,2004,13.441868113797073,16.854619499501826,13.417597317562166,17.003774109684823,-0.02427079623490691,0.1491546101829968
ES,2005,13.014263417626735,17.366725909619912,12.985895152707977,17.54237486517293,-0.028368264918757546,0.17564895555301874
ES,2006,12.729407029782665,18.03142607995707,12.696394636117878,18.234087685019137,-0.033012393664787254,0.20266160506206887
ES,2007,12.41960725717027,18.692482521607147,12.378595479274388,18.918639171571463,-0.04101177789588206,0.22615664996431661
ES,2008,12.590074446242957,19.77996591322867,12.542371847557416,20.024824603805115,-0.047702598685541275,0.2448586905764465
ES,2009,12.545248378917181,21.848170738552984,12.488955709398951,22.127086432258753,-0.0562926695182302,0.27891569370576974
ES,2010,12.555988475656468,22.38097699987937,12.495145706777295,22.680973509985417,-0.06084276887917284,0.2999965101060482
ES,2011,12.709099504917281,23.13173756403075,12.645284730116725,23.448070221211726,-0.06381477480055686,0.3163326571809755
ES,2012,12.956416713373384,23.79358526014983,12.889119350099387,24.145787666658812,-0.06729736327399749,0.35220240650898305
ES,2013,13.37785589883752,24.42704963155404,13.299605583982416,24.824819693246226,-0.07825031485510436,0.3977700616921851
ES,2014,13.220919793128738,23.956792230947233,13.135775133394246,24.34262152518411,-0.08514465973449248,0.38582929423687773
ES,2015,13.189264359081251,23.190818064206482,13.095671487002836,23.57997913601057,-0.09359287207841582,0.38916107180408943
ES,2016,12.821657795401231,22.557573917288845,12.734504876990876,22.972706911278586,-0.08715291841035544,0.41513299398974013
ES,2017,12.357946895028816,22.016282425242295,12.272245673160917,22.445037449489682,-0.08570122186789852,0.428755024247387
ES,2018,12.497834009489102,21.927800316303376,12.405943110785554,22.34952947639729,-0.09189089870354827,0.42172916009391415
ES,2019,12.514714249610437,22.001975865251936,12.411082896241457,22.427376536084907,-0.10363135336898033,0.4254006708329712
ES,2020,15.829970700113089,25.612341934820606,15.659284714267532,26.1745895379916,-0.17068598584555694,0.5622476031709951
ES,2021,14.159021273695643,24.33185283144174,14.014401970463172,24.864164212928433,-0.14461930323247074,0.5323113814866929
ES,2022,13.04788306451613,22.276209677419352,12.948633612398533,22.883637675424744,-0.09924945211759706,0.6074279980053916
FI,1990,16.348679662657265,18.238167657495737,16.348679662657265,18.238167657495737,0.0,0.0
FI,1991,16.70449902392518,20.41812321242112,16.70449902392518,20.41812321242112,0.0,0.0
FI,1992,16.98506028506715,22.443890274314214,16.98506028506715,22.443890274314214,0.0,0.0
FI,1993,16.791496613894246,24.33286989281069,16.791496613894246,24.33286989281069,0.0,0.0
FI,1994,16.628420505715276,24.716401108417042,16.628420505715276,24.716401108417042,0.0,0.0
FI,1995,15.319896640826874,24.57674418604651,15.319896640826874,24.57674418604651,0.0,0.0
FI,1996,13.939453702790653,24.782565821911053,13.939453702790653,24.782565821911053,0.0,0.0
FI,1997,13.395052529617763,25.21607927874227,13.395052529617763,25.21607927874227,0.0,0.0
FI,1998,12.856692140503402,24.849260323915026,12.856692140503402,24.849260323915026,0.0,0.0
FI,1999,12.845786963434023,24.888293866622043,12.845786963434023,24.888293866622043,0.0,0.0
FI,2000,12.596208892564087,24.441829400165386,12.596208892564087,24.441829400165386,0.0,0.0
FI,2001,12.75728858574274,24.37828212712018,12.75728858574274,24.37828212712018,0.0,0.0
FI,2002,12.510698794481598,24.663078641579506,12.510698794481598,24.663078641579506,0.0,0.0
FI,2003,12.435519783152857,24.648384018586896,12.435519783152857,24.648384018586896,0.0,0.0
FI,2004,12.177343052464652,24.50660305699551,12.177343052464652,24.50660305699551,0.0,0.0
FI,2005,11.994936579378068,24.268617021276594,11.994936579378068,24.268617021276594,0.0,0.0
FI,2006,11.878124544969179,23.995291947774597,11.878124544969179,24.003785856428674,0.0,0.008493908654077842
FI,2007,11.983128198036233,23.67699257825105,11.983128198036233,23.691974369612318,0.0,0.014981791361268648
FI,2008,12.345935314685315,23.734702797202797,12.345935314685315,23.756555944055943,0.0,0.021853146853146654
FI,2009,12.750631798091803,25.44559856606882,12.750631798091803,25.475657682330805,0.0,0.030059116261984542
FI,2010,12.104457298400817,25.681566859476014,12.104457298400817,25.71771861177271,0.0,0.036151752296696316
FI,2011,12.138808928553642,25.32346584061277,12.138808928553642,25.36231162285726,0.0,0.03884578224448987
FI,2012,12.281276497340631,25.872966931318892,12.281276497340631,25.915362676327756,0.0,0.04239574500886434
FI,2013,12.580306370577826,26.55716299709525,12.580306370577826,26.602579265581095,0.0,0.04541626848584457
FI,2014,12.525611891368326,27.201691316171818,12.525611891368326,27.25012107439556,0.0,0.048429758223743846
FI,2015,12.145049532246503,27.980664963517064,12.145049532246503,28.031208072193937,0.0,0.05054310867687306
FI,2016,11.850953984287317,28.41750841750842,11.850953984287317,28.469584736251402,0.0,0.052076318742983574
FI,2017,11.648007322912266,28.7529925362625,11.648007322912266,28.80932263061541,0.0,0.05633009435290859
FI,2018,11.559689551012724,28.86970212984435,11.559689551012724,28.929601328050797,0.0,0.05989919820644829
FI,2019,11.387795606687522,29.20829548894944,11.387795606687522,29.272210448413897,0.0,0.06391495946445858
FI,2020,12.659672725371626,31.012669257445584,12.659672725371626,31.08411898994476,0.0,0.07144973249917541
FI,2021,12.34630048358613,30.60373995279671,12.34630048358613,30.675535163148425,0.0,0.07179521035171277
FI,2022,12.212070618062642,30.243793092786692,12.212070618062642,30.314132888105615,0.0,0.07033979531892243
FI,2023,12.529952447012915,29.652737078718367,12.556780587172605,29.785367521875862,0.02682814015969015,0.1326304431574954
FI,2024,12.668768039448722,29.503864409782455,12.50467605055269,29.384668422172183,-0.16409198889603083,-0.11919598761027217
FR,1975,18.13076486164332,17.540379030903257,16.88869043189204,18.804048522735727,-1.2420744297512805,1.26366949183247
FR,1976,17.53113253912767,17.6799595744239,16.312692996685442,18.949423932234406,-1.2184395424422263,1.2694643578105058
FR,1977,17.679319694355435,17.935666748829185,16.52718838554899,19.26903607654075,-1.152131308806446,1.3333693277115657
FR,1978,17.313346848487154,18.082406204651313,16.20651513166293,19.336880184401764,-1.1068317168242245,1.2544739797504505
FR,1979,16.759832207121704,18.203818996279704,15.635105239065636,19.422447145219422,-1.124726968056068,1.2186281489397182
FR,1980,16.259778377504446,19.266564685495872,15.173612744573933,20.401197476745427,-1.0861656329305127,1.1346327912495546
FR,1981,16.145243792357398,19.319989110655797,15.034330651935463,20.50125261484271,-1.1109131404219355,1.1812635041869122
FR,1982,15.935153826847582,18.92803029129342,14.817774742197297,20.097088927968443,-1.1173790846502847,1.1690586366750217
FR,1983,15.897865917571592,19.468366106242925,14.78857892344369,20.691193866443957,-1.1092869941279009,1.2228277602010316
FR,1984,16.122907754955232,20.085038601359077,14.972918970577112,21.349508437402655,-1.1499887843781202,1.2644698360435775
FR,1985,15.897113135175575,20.391644598558347,14.795985762990465,21.626664042663172,-1.1011273721851094,1.2350194441048252
FR,1986,15.698100028879026,19.912422681450938,14.555301779178443,21.33678440646163,-1.1427982497005829,1.4243617250106908
FR,1987,15.42426645519429,19.711433006563517,14.286127873237275,21.280892904597394,-1.1381385819570156,1.5694598980338768
FR,1988,15.130934084614575,19.704630360483772,13.982184604670477,21.36684708645453,-1.1487494799440974,1.662216725970758
FR,1989,14.88626403902266,19.684401661199598,13.755159094324359,21.35344769739236,-1.1311049446983006,1.6690460361927641
FR,1990,14.79236132161261,19.99116915793365,13.657780187975103,21.66604870050758,-1.1345811336375071,1.6748795425739296
FR,1991,14.851384554424596,21.005129108239593,13.682424142724138,22.697048514511362,-1.1689604117004588,1.6919194062717686
FR,1992,14.376053412075205,21.543175196310283,13.252122204521594,23.304843247986142,-1.1239312075536105,1.7616680516758585
FR,1993,14.280698759439487,22.333632347659716,13.120931237577697,24.138451646103153,-1.1597675218617898,1.8048192984434372
FR,1994,14.181910752757448,22.575180674045008,12.998348994369364,24.450269334742785,-1.183561758388084,1.8750886606977772
FR,1995,14.210422051147384,23.060857493431126,13.007685809865158,24.932089811263484,-1.202736241282226,1.8712323178323587
FR,1996,13.892970973038432,23.363175060735962,12.728154694544196,25.18345452363775,-1.1648162784942357,1.8202794629017873
FR,1997,14.00304414003044,23.51854045036312,12.794968213390206,25.309044887601328,-1.2080759266402339,1.7905044372382086
FR,1998,13.806941188347599,23.432820334496178,12.592395438767202,25.211364239661194,-1.214545749580397,1.7785439051650158
FR,1999,13.617151890825923,23.268078425407314,12.422599730268058,25.014369843400154,-1.1945521605578655,1.7462914179928397
FR,2000,13.366621413286087,22.66427360654103,12.202792833269775,24.309291722131356,-1.163828580016311,1.6450181155903252
FR,2001,13.548979741812214,22.659285206868677,12.366075793594748,24.320984026871752,-1.1829039482174668,1.6616988200030747
FR,2002,13.648977378922664,22.756380532509624,12.46468451016487,24.465636800286024,-1.1842928687577938,1.7092562677764
FR,2003,13.733131635504966,23.236719766079712,12.554190596176126,24.91722002386814,-1.1789410393288406,1.6805002577884274
FR,2004,13.347395190050298,23.39853222472039,12.225374608765541,25.062499159546753,-1.1220205812847563,1.6639669348263624
FR,2005,13.010749157027524,23.83967473921615,11.93470800523221,25.47858808773768,-1.0760411517953141,1.6389133485215304
FR,2006,12.764058104942325,24.157972811945235,11.698525065759762,25.80773080142175,-1.0655330391825633,1.649757989476516
FR,2007,12.545196018687793,24.047570683768125,11.508512669412147,25.763039884554058,-1.0366833492756466,1.7154692007859325
FR,2008,12.735361456905109,24.45791070345792,11.703527989242007,26.02119957661116,-1.0318334676631018,1.5632888731532404
FR,2009,12.970865838160469,25.25766669681147,11.935388195394664,27.009737269535293,-1.0354776427658052,1.7520705727238237
FR,2010,13.033985982867948,25.471409500500613,11.973783823658716,27.184799341894472,-1.0602021592092328,1.7133898413938589
FR,2011,13.064556085370771,25.42498232442412,12.028406798644191,27.080588339670815,-1.0361492867265802,1.6556060152466934
FR,2012,13.355191763586541,26.126055433145574,12.291316611798338,27.72880898084446,-1.0638751517882028,1.6027535476988852
FR,2013,13.526015333070522,26.601457461885598,12.409210981509379,28.21920688195193,-1.116804351561143,1.6177494200663318
FR,2014,13.439949023879258,26.501877813538687,12.324607844686653,28.253014586966025,-1.1153411791926047,1.751136773427337
FR,2015,13.390304295685334,26.4658735020318,12.28415057965998,28.29314319527076,-1.1061537160253536,1.8272696932389572
FR,2016,13.419918931030269,26.420404394291225,12.316079874998575,28.30443306479805,-1.1038390560316937,1.8840286705068259
FR,2017,13.257765624302099,26.169289534500926,12.240003442150444,28.06621032749591,-1.017762182151655,1.8969207929949832
FR,2018,13.0954535764421,26.131698664188917,12.057452244344448,27.931414772257355,-1.038001332097652,1.7997161080684378
FR,2019,13.090157102643538,26.237085030429792,12.031515820419743,27.981934941146225,-1.0586412822237943,1.7448499107164324
FR,2020,14.867969105257242,28.21972652481127,13.617411771581207,30.16487206369182,-1.250557333676035,1.9451455388805492
FR,2021,13.866987330629696,27.619227262724387,12.772226221363606,29.547889702780367,-1.0947611092660896,1.9286624400559802
FR,2022,13.281823001009391,26.232290297515743,12.26685758501986,27.897165455288558,-1.014965415989531,1.6648751577728156
HR,1995,26.083453178707305,21.946492865375397,26.083453178707305,21.946492865375397,0.0,0.0
HR,1996,25.917651119975453,22.00253145136545,25.917651119975453,22.00253145136545,0.0,0.0
HR,1997,25.549501578849608,21.304408395764966,25.549501578849608,21.304408395764966,0.0,0.0
HR,1998,23.557510735617072,19.75423479878586,23.557510735617072,19.75423479878586,0.0,0.0
HR,1999,22.9828604446475,21.22052984137009,22.9828604446475,21.22052984137009,0.0,0.0
HR,2000,22.748929643294943,19.720529713343677,22.748929643294943,19.720529713343677,0.0,0.0
HR,2001,22.834766666136783,18.57450946105627,22.834766666136783,18.57450946105627,0.0,0.0
HR,2002,22.02207936072108,17.68621176114146,22.02207936072108,17.68621176114146,0.0,0.0
HR,2003,20.947732446156543,17.092015408860096,20.947732446156543,17.092015408860096,0.0,0.0
HR,2004,20.454133952232812,16.5234638618669,20.454133952232812,16.5234638618669,0.0,0.0
HR,2005,19.190680099801984,15.935378592549682,19.190680099801984,15.935378592549682,0.0,0.0
HR,2006,19.03469444306289,15.578039405156918,19.03469444306289,15.578039405156918,0.0,0.0
HR,2007,19.31303464324342,16.434728458588705,19.31303464324342,16.434728458588705,0.0,0.0
HR,2008,19.0759818721904,16.31228384782887,19.0759818721904,16.31228384782887,0.0,0.0
HR,2009,18.363013653604696,17.694138218917836,18.363013653604696,17.694138218917836,0.0,0.0
HR,2010,18.391533071067823,17.804391086475373,18.391533071067823,17.804391086475373,0.0,0.0
HR,2011,18.373012109140348,17.98349615858864,18.373012109140348,17.98349615858864,0.0,0.0
HR,2012,18.706629867289358,18.175409665815913,18.706629867289358,18.175409665815913,0.0,0.0
HR,2013,18.71377217205264,18.45380252257631,18.71377217205264,18.45380252257631,0.0,0.0
HR,2014,19.04639037391088,18.295925463258687,19.04639037391088,18.295925463258687,0.0,0.0
HR,2015,18.922317767636162,18.125751222813072,18.922317767636162,18.125751222813072,0.0,0.0
HR,2016,18.737988468930176,17.62551308515434,18.737988468930176,17.62551308515434,0.0,0.0
HR,2017,18.700624024519094,16.98321110610683,18.700624024519094,16.98321110610683,0.0,0.0
HR,2018,18.319804232290895,16.613304873710426,18.319804232290895,16.613304873710426,0.0,0.0
HR,2019,18.08210894844753,16.14739874847243,18.08210894844753,16.14739874847243,0.0,0.0
HR,2020,20.786640896978717,19.453997175013082,20.786640896978717,19.453997175013082,0.0,0.0
HR,2021,19.035088567918194,16.358218773883348,19.035088567918194,16.358218773883348,0.0,0.0
HR,2022,18.10854442917883,14.997841569208752,18.10854442917883,14.997841569208752,0.0,0.0
HR,2023,17.539595781638592,14.819453141306616,17.86555749836627,14.495487380561297,0.3259617167276794,-0.3239657607453186
HU,1995,23.177655162200423,17.19959894251339,23.16595439988327,17.448655869093336,-0.011700762317154556,0.2490569265799465
HU,1996,21.908882557154723,18.578892202348843,21.901835587704056,18.843563762358464,-0.007046969450666296,0.2646715600096208
HU,1997,21.62509427846997,18.899820675813206,21.615656778188686,19.16811006879097,-0.009437500281283207,0.26828939297776344
HU,1998,21.23719062485471,18.169001957890714,21.220721304344607,18.414952948125848,-0.01646932051010097,0.24595099023513356
HU,1999,19.50705762693934,18.389605631458398,19.494083993715993,18.616064115863203,-0.012973633223346326,0.2264584844048052
HU,2000,18.911124816184984,18.08624257262777,18.905097691683267,18.333395163786275,-0.006027124501716941,0.2471525911585033
HU,2001,18.77549924540246,17.80547719316451,18.770317177594286,18.042520101852176,-0.005182067808174651,0.2370429086876662
HU,2002,18.153752765503768,17.954574867348256,18.150100754992383,18.19582892918541,-0.003652010511384418,0.2412540618371537
HU,2003,17.546433679143476,18.301968789654055,17.541887410722197,18.554364151196083,-0.004546268421279365,0.25239536154202824
HU,2004,17.089675740818066,18.628397636744307,17.078716549929034,18.835124332277342,-0.0109591908890323,0.20672669553303535
HU,2005,16.351670216639235,18.75066317763057,16.34928470640853,18.940401384154406,-0.0023855102307059894,0.18973820652383466
HU,2006,16.48927105473595,19.14552123280776,16.485388257054257,19.320315155612356,-0.0038827976816939724,0.1747939228045965
HU,2007,17.00169826151519,19.286838355811803,16.99815684600057,19.42198975234842,-0.0035414155146220594,0.13515139653661734
HU,2008,17.26187705222406,20.174553395987626,17.259090669847946,20.296974442467647,-0.0027863823761151707,0.12242104648002083
HU,2009,16.784636648333695,21.996857895754747,16.78141428477278,22.13010404106431,-0.003222363560915653,0.13324614530956325
HU,2010,16.543801794068077,23.673734137849866,16.553775120744813,23.808818231315367,0.009973326676735894,0.1350840934655011
HU,2011,16.85400247039796,23.08194656440177,16.92061076562203,23.288478369255866,0.06660829522407141,0.20653180485409806
HU,2012,17.276844230963878,22.597199741904028,17.324755739809543,22.750574698260504,0.047911508845665196,0.15337495635647613
HU,2013,17.697729640708395,21.470557505014156,17.718850944359048,21.598806366459915,0.021121303650652123,0.12824886144575842
HU,2014,17.867051015241696,19.9977858076457,17.903501871209095,20.108125430649917,0.03645085596739861,0.11033962300421862
HU,2015,18.028067962079493,20.172185774815464,18.052663202008365,20.289083996991927,0.024595239928871138,0.11689822217646295
HU,2016,17.431643414819654,20.2132407270099,17.439750466454452,20.322723698501047,0.008107051634798523,0.10948297149114694
HU,2017,17.7801843532448,20.08737236823207,17.7109105439719,20.24109331955099,-0.06927380927290017,0.15372095131892038
HU,2018,17.458623870713392,20.245194440413876,17.377312712395003,20.482953431324148,-0.08131115831838898,0.23775899091027242
HU,2019,17.197423500809858,20.64792992731641,17.103140351464667,20.946959265676977,-0.09428314934519122,0.29902933836056533
HU,2020,18.824304665457205,22.225580501337426,18.545573156283453,22.476286541608754,-0.27873150917375256,0.2507060402713286
HU,2021,18.020524967712443,22.335236579719197,17.74011619367368,22.430652083666295,-0.2804087740387651,0.0954155039470983
HU,2022,16.70965761758794,22.626479469422346,16.620093341632998,22.42798527983606,-0.08956427595494176,-0.19849418958628462
IE,1995,14.89842778998813,15.335893996952482,14.969700374268841,15.338702768746796,0.07127258428071137,0.0028087717943137136
IE,1996,14.365135783893376,15.527722611309638,14.449930984357515,15.530910400800774,0.08479520046413924,0.0031877894911360727
IE,1997,13.175273073949414,16.54458996762061,13.259564128052645,16.54807787330764,0.08429105410323068,0.0034879056870309455
IE,1998,12.159832342253056,17.17924099768748,12.243196646845062,17.182854311199208,0.08336430459200628,0.0036133135117282222
IE,1999,11.170160008672807,17.35991456362634,11.248584325746933,17.363605119723946,0.07842431707412523,0.003690556097605935
IE,2000,11.098451088089279,17.49200532779645,11.158795727440731,17.494784357240263,0.0603446393514524,0.0027790294438148067
IE,2001,10.979845594781162,18.428656908101164,11.047343150275097,18.431575721311713,0.06749755549393477,0.002918813210548876
IE,2002,10.553618576941304,19.28593189357525,10.625042312639632,19.289147654187257,0.07142373569832827,0.0032157606120080118
IE,2003,9.969988357005308,20.007074626202765,10.006313231454486,20.009295360885247,0.036324874449178424,0.0022207346824814067
IE,2004,9.606049598784796,19.92612116609078,9.639221525428306,19.928372654324505,0.033171926643509764,0.0022514882337247855
IE,2005,9.296719334368133,19.725533473368216,9.305581133230222,19.726918129440417,0.008861798862088932,0.0013846560722008405
IE,2006,9.253680477225359,19.697372386597305,9.288396561963125,19.699788524362933,0.03471608473776655,0.0024161377656284344
IE,2007,9.117666951984905,20.589442603221844,9.148569949225793,20.591658289816472,0.030902997240888297,0.002215686594627897
IE,2008,9.39046691504337,22.423419432373255,9.408626714337103,22.425270112556056,0.018159799293732348,0.0018506801828017672
IE,2009,9.821967430735656,21.966645240093268,9.858623890323875,21.969656306416585,0.03665645958821884,0.0030110663233173796
IE,2010,9.767940496880348,22.124160157680606,9.817808481389319,22.23777927399136,0.04986798450897112,0.11361911631075472
IE,2011,10.170517110225706,22.69678222430274,10.241257495775049,22.85545172841391,0.07074038554934248,0.1586695041111703
IE,2012,10.50976103098625,22.959868754817926,10.585868077814897,23.124408537499882,0.076107046828648,0.16453978268195613
IE,2013,10.436594715583112,23.12704211582495,10.54418232291201,23.360642954429668,0.10758760732889705,0.23360083860471903
IE,2014,9.701879704368476,23.23436437860547,9.781109370416372,23.51048889943015,0.07922966604789572,0.27612452082468053
IE,2015,9.427670014975643,24.05028974612439,9.499679113255128,24.196649894668028,0.07200909827948543,0.1463601485436392
IE,2016,9.278921064566394,23.76055787805174,9.381616090331686,23.910776649838045,0.10269502576529277,0.1502187717863066
IE,2017,9.284314358941224,24.36421787168056,9.646211524989837,24.46649571466872,0.3618971660486139,0.1022778429881619
IE,2018,9.106064316030036,25.186092066601372,9.500584436561372,25.168885351584198,0.394520120531336,-0.01720671501717419
IE,2019,9.12266250894792,25.331097578913308,9.613392202882755,25.287752153066045,0.4907296939348349,-0.04334542584726364
IE,2020,10.361136064636296,28.27567717741578,11.135126472279403,28.32439795859805,0.7739904076431063,0.048720781182268524
IE,2021,9.676218188518595,26.626346691644322,10.604372489545174,26.7072053295119,0.9281543010265789,0.08085863786757841
IE,2022,8.647757679894495,26.358112225430396,9.772124461683255,26.412213118427648,1.1243667817887602,0.05410089299725129
IE,2023,8.577673584674313,26.27993665202889,9.882315738841003,26.562987134454303,1.3046421541666895,0.28305048242541275
IT,1995,16.817288370101135,17.961399510588567,16.52897668547244,18.096453457416025,-0.2883116846286953,0.1350539468274583
IT,1996,16.638013294692584,17.9975090554203,16.34596152705331,18.160882801151576,-0.29205176763927554,0.1633737457312776
IT,1997,16.130826747320825,17.801485914826074,15.845764441158655,17.969244091913044,-0.2850623061621693,0.16775817708697005
IT,1998,15.738414850481867,17.79696713795075,15.469707932748669,17.975687576904882,-0.26870691773319777,0.17872043895413015
IT,1999,15.282188286427425,18.113712826543125,15.029747616257568,18.293965179626444,-0.2524406701698574,0.18025235308331844
IT,2000,15.058948452222332,18.020633366819503,14.811621877962288,18.212616805485432,-0.24732657426004323,0.19198343866592893
IT,2001,14.98630350636089,18.245220475192575,14.730085298425536,18.462292728867865,-0.25621820793535477,0.21707225367529048
IT,2002,15.053730913245754,18.719865548118793,14.793076329627134,18.97191870370624,-0.2606545836186207,0.252053155587447
IT,2003,15.058951549475847,19.147061041698837,14.79350464692735,19.423145860349187,-0.2654469025484971,0.27608481865035017
IT,2004,14.94135089475096,19.729500773769345,14.68663126432779,20.033568381648823,-0.25471963042316936,0.3040676078794782
IT,2005,14.724875244617303,20.129333068765177,14.451993572225685,20.46791553249902,-0.27288167239161787,0.33858246373384304
IT,2006,14.614070315765881,20.288637304422856,14.343214916337521,20.67431304920563,-0.2708553994283598,0.3856757447827732
IT,2007,14.489011768809096,20.419406111523376,14.214706831191853,20.819312882180185,-0.2743049376172433,0.39990677065680913
IT,2008,14.393993361655468,20.929043686071335,14.09803348804998,21.348491080115906,-0.29595987360548826,0.4194473940445711
IT,2009,14.720438774315467,22.036905647583684,14.447832543658471,22.638433056836398,-0.2726062306569954,0.6015274092527143
IT,2010,14.375231527655089,22.017150347444137,14.139111592897931,22.60807666557462,-0.23611993475715742,0.5909263181304851
IT,2011,14.202896662746708,22.019204236869623,13.991376088734706,22.626927401085783,-0.21152057401200253,0.6077231642161607
IT,2012,14.193909545434153,23.08629224012881,13.998039058784093,23.70419982028858,-0.19587048665006002,0.6179075801597698
IT,2013,14.357810598531495,23.705685294612,14.189142032414317,24.384830617369392,-0.1686685661171783,0.6791453227573925
IT,2014,14.270690957173082,23.3542174888066,14.106741629335657,24.04288305623202,-0.16394932783742533,0.6886655674254207
IT,2015,14.269546581432346,23.221366119239153,14.105271670362177,24.016229039837423,-0.16427491107016934,0.7948629205982698
IT,2016,14.250077136566308,22.901302500468258,14.03871217716645,23.718296625458596,-0.211364959399857,0.8169941249903374
IT,2017,14.30730453793784,22.603460706356195,14.095242303401195,23.44032223847086,-0.21206223453664563,0.8368615321146642
IT,2018,14.213409812347022,22.4917199641159,13.968455494788659,23.3365672522103,-0.2449543175583635,0.8448472880943996
IT,2019,14.267191377728878,22.463226726568482,14.014859752908487,23.346046149660054,-0.25233162482039084,0.882819423091572
IT,2020,16.456473347767435,25.05954870453933,16.174690513630978,26.09823735022157,-0.28178283413645744,1.0386886456822388
IT,2021,15.440290320509945,24.089990091301917,15.145468705373496,25.054700200234254,-0.2948216151364491,0.9647101089323371
IT,2022,14.359161302765633,24.065515538534253,14.236883878781923,24.12297026909437,-0.12227742398371078,0.057454730560117184
IT,2023,14.704654977384566,22.823087313241686,14.630904324282318,23.07624759085116,-0.07375065310224826,0.25316027760947435
LT,2020,21.801385187613114,16.057915663165694,21.801385187613114,16.199712131792335,0.0,0.14179646862664086
LT,2021,20.331483354921666,16.031150232744302,20.33135520307088,16.106686668578615,-0.00012815185078451918,0.07553643583431224
LT,2022,19.189432367937197,16.840403197412858,19.24715853355481,16.94835005297095,0.05772616561761268,0.1079468555580938
LT,2023,18.923271515008963,16.547662192098425,18.96807318219619,16.562413373347315,0.044801667187226,0.014751181248890077
LU,1995,10.424895764757517,21.615097651964014,10.424895764757517,21.615097651964014,0.0,0.0
LU,1996,10.305238101500546,21.187811517773774,10.305238101500546,21.187811517773774,0.0,0.0
LU,1997,10.054885561736922,20.61133305952781,10.054885561736922,20.61133305952781,0.0,0.0
LU,1998,9.7911196271852,20.57932959572304,9.7911196271852,20.57932959572304,0.0,0.0
LU,1999,9.215869362228831,19.988708171375215,9.215869362228831,19.988708171375215,0.0,0.0
LU,2000,8.62041997419153,20.232276228835097,8.62041997419153,20.232276228835097,0.0,0.0
LU,2001,8.784276580629884,21.320388349514563,8.784276580629884,21.320388349514563,0.0,0.0
LU,2002,8.63744484432615,21.445056548382247,8.63744484432615,21.445056548382247,0.0,0.0
LU,2003,8.767647559108694,21.276577649260076,8.767647559108694,21.276577649260076,0.0,0.0
LU,2004,8.424952680117595,20.88276750835649,8.424952680117595,20.88276750835649,0.0,0.0
LU,2005,8.586873438768194,21.371441179483543,8.586805774443675,21.37127277311984,-6.766432451854598e-05,-0.0001684063637021893
LU,2006,8.59194334715788,21.620125709866482,8.59194334715788,21.620125709866482,0.0,0.0
LU,2007,8.721924939026609,21.67230898037931,8.721924939026609,21.67230898037931,0.0,0.0
LU,2008,8.718292253399541,21.71423835799971,8.718292253399541,21.71423835799971,0.0,0.0
LU,2009,8.928361937491806,21.98207150694574,8.928361937491806,21.98207150694574,0.0,0.0
LU,2010,8.722901401589214,22.23648608614935,8.722901401589214,22.23648608614935,0.0,0.0
LU,2011,8.575127607909213,21.947321472818277,8.575127607909213,21.947321472818277,0.0,0.0
LU,2012,8.447825391465082,22.35572223308391,8.447825391465082,22.35572223308391,0.0,0.0
LU,2013,8.588334742180896,23.199347072026118,8.588334742180896,23.199347072026118,0.0,0.0
LU,2014,8.444662336070596,23.52003922049271,8.444662336070596,23.52003922049271,0.0,0.0
LU,2015,9.040566006546104,23.778115735995854,9.040566006546104,23.778115735995854,0.0,0.0
LU,2016,9.111977692295483,23.54690385358188,9.111977692295483,23.54690385358188,0.0,0.0
LU,2017,8.908192726004055,23.21601027440551,8.908192726004055,23.21601027440551,0.0,0.0
LU,2018,8.733806137527676,22.602304083555307,8.733764370564492,22.60219599441437,-4.176696318403117e-05,-0.00010808914093729527
LU,2019,8.60679571321758,22.189452890624278,8.60679571321758,22.189452890624278,0.0,0.0
LU,2020,10.31296791772012,24.186651611477945,10.31296791772012,24.186651611477945,0.0,0.0
LU,2021,9.64049442896936,22.13135445682451,9.640452470175532,22.131258133451716,-4.19587938278454e-05,-9.632337279441572e-05
LU,2022,9.571001365031522,21.288179458248184,9.571001365031522,21.288179458248184,0.0,0.0
LU,2023,9.606616594348143,20.358582410079073,9.60658132867364,20.35850767417871,-3.52656745032931e-05,-7.473590036255473e-05
LU,2024,9.328486532588661,19.919800808870058,9.328486532588661,19.919800808870058,0.0,0.0
LV,1995,34.921475875118254,17.078524124881742,35.57140104066294,15.363268452495666,0.6499251655446869,-1.7152556723860766
LV,1996,34.51327433628319,18.375077556085294,35.258013943093495,16.55825744687948,0.744739606810306,-1.816820109205814
LV,1997,30.98281433187498,18.44671299076378,31.46599291398037,16.736365220421675,0.48317858210538844,-1.7103477703421035
LV,1998,28.86259747243883,19.486421080935738,29.363494625126506,17.71656773981783,0.5008971526876778,-1.7698533411179085
LV,1999,26.056928116192267,19.957849833684584,26.56812239509177,18.196173859017836,0.5111942788995023,-1.7616759746667476
LV,2000,25.37191276298686,18.253815415723846,25.844569747487128,16.535915665604314,0.4726569845002686,-1.7178997501195319
LV,2001,25.099175395587253,17.87162915088032,25.501471587050034,16.37989585691646,0.4022961914627814,-1.4917332939638612
LV,2002,25.34603099491305,18.993256831894,26.324303294633168,15.647971824641155,0.9782722997201176,-3.345285007252846
LV,2003,23.464191995551154,19.700050397094344,24.73894405158832,15.07529403143663,1.2747520560371655,-4.6247563656577135
LV,2004,22.812000179374877,18.728232111092844,23.887628139917048,14.591126066202362,1.075627960542171,-4.137106044890482
LV,2005,21.460582984832406,18.610573622120967,22.523808900009172,14.230320814284031,1.0632259151767656,-4.380252807836936
LV,2006,18.88281205491939,19.86649955373251,20.144212754321824,14.108341857144305,1.261400699402433,-5.758157696588205
LV,2007,18.637875524230687,20.91518689632601,20.02518170892234,14.673250974973634,1.3873061846916528,-6.2419359213523755
LV,2008,19.222668406054822,23.096208085239738,20.67004089819327,17.16783929047119,1.4473724921384488,-5.928368794768549
LV,2009,19.92243223965763,22.993045649072755,20.92642184310568,19.07713627596023,1.0039896034480478,-3.9159093731125267
LV,2010,20.27488041900113,21.113951561901537,20.914942528735633,18.46712643678161,0.6400621097345045,-2.6468251251199284
LV,2011,20.10472785861739,22.140543443599682,20.992714824892474,18.379706837531817,0.8879869662750828,-3.7608366060678655
LV,2012,20.092208390963577,22.76087290610112,21.08994957384639,18.41890130881365,0.9977411828828124,-4.341971597287472
LV,2013,20.42208255963434,21.523353806599054,21.40471497991545,17.18169372188539,0.9826324202811101,-4.341660084713663
LV,2014,19.6096705987091,22.091308702425994,20.64465882456669,17.442672093928863,1.0349882258575889,-4.648636608497132
LV,2015,18.346652157649537,21.27656680382222,19.21593048308245,16.907527897671553,0.8692783254329122,-4.369038906150667
LV,2016,17.89453769726069,21.211844448648613,18.7814329293429,16.78071838843543,0.8868952320822068,-4.431126060213181
LV,2017,17.725341155778587,20.846939591289537,18.671042692297675,16.006355656273605,0.9457015365190884,-4.840583935015932
LV,2018,17.98960780456192,20.801749777227435,18.930320426991436,16.00851048219952,0.9407126224295155,-4.793239295027917
LV,2019,17.991059925387347,21.10272123323736,18.96248274063846,16.00128000758523,0.9714228152511133,-5.101441225652131
LV,2020,19.930188900621847,22.34600492784231,21.033056566221976,17.227353297882267,1.1028676656001295,-5.118651629960041
LV,2021,19.95933545573718,22.65817705128548,21.056607202694337,17.299074815559457,1.0972717469571585,-5.359102235726024
LV,2022,19.662329292084728,21.289715719063544,20.25144024746715,17.058300460689992,0.5891109553824236,-4.231415258373552
ME,2006,29.05990380411019,13.336248360297331,22.77036516853932,13.531425561797752,-6.289538635570867,0.19517720150042095
ME,2007,25.712042258548074,11.724605610678848,21.526285632430884,11.850021486892993,-4.18575662611719,0.12541587621414507
ME,2008,28.155575076485018,11.004755702299095,24.979447675303714,11.095210547148554,-3.1761274011813043,0.09045484484945909
ME,2009,31.41090958494668,13.28374431084845,27.030908096280086,13.371854485776804,-4.3800014886665934,0.08811017492835482
ME,2010,30.2367941712204,12.782982045277128,26.31891713436778,13.443380653681084,-3.9178770368526195,0.6603986084039555
ME,2011,30.110004916420845,12.865658800393312,25.178504321683583,13.340849304772643,-4.931500594737262,0.47519050437933075
ME,2012,28.154083204930664,13.75346687211094,23.825733916302312,13.860087445346657,-4.3283492886283526,0.10662057323571794
ME,2013,27.834436691119457,14.078248941372934,23.835782457203454,13.988789577336766,-3.998654233916003,-0.08945936403616805
ME,2014,27.598199672667757,13.908697685293431,23.130501793177032,14.428406295385162,-4.467697879490725,0.5197086100917314
ME,2015,26.37077854765672,13.143106552457853,23.275355012183848,14.021230708904014,-3.0954235354728716,0.8781241564461606
ME,2016,26.430839478311075,12.664339885060489,22.772277227722775,13.464814223357822,-3.6585622505883,0.8004743382973327
ME,2017,25.57198558081365,12.221976997964639,22.83965910217025,12.808443167178673,-2.732326478643401,0.5864661692140345
ME,2018,24.76417254327319,12.059254510486308,21.321961620469086,12.37142388528316,-3.4422109228041045,0.31216937479685214
ME,2019,24.487434223454663,11.90200659403044,20.37020537265559,12.017196061834545,-4.117228850799073,0.11518946780410566
ME,2020,31.670503965208496,15.62775361700918,28.460107001628288,16.27994882530821,-3.2103969635802088,0.6521952082990303
ME,2021,27.041416027103644,12.980248450067991,23.29618167857226,13.542127184307887,-3.7452343485313833,0.5618787342398956
ME,2022,27.245393001420375,11.630480898710594,23.79376795258699,10.97698432898229,-3.4516250488333853,-0.6534965697283042
ME,2023,26.7568105600049,10.52019049660812,22.38949777188968,10.899674816331448,-4.367312788115221,0.3794843197233284
MT,1995,16.32324813075987,11.90227786471918,16.397017138371638,11.543325629061096,0.07376900761176941,-0.35895223565808365
MT,1996,16.256942175759555,11.638353479255144,16.330711242215667,11.283185840707963,0.07376906645611214,-0.35516763854718114
MT,1997,16.102737619194095,11.488772685327591,16.206709956709958,11.154916512059371,0.10397233751586299,-0.33385617326822015
MT,1998,15.379535532156877,11.402575485196465,15.429579794860482,11.128267343112386,0.0500442627036044,-0.27430814208407917
MT,1999,15.13180417665183,10.93118794933242,15.21036711123333,10.752096796370138,0.07856293458149999,-0.1790911529622825
MT,2000,14.623405219869182,10.925458195712713,14.644812283372746,10.67668685821645,0.02140706350356325,-0.24877133749626346
MT,2001,15.012770198716751,10.901389148445775,15.12486699630719,10.781122864117169,0.11209679759043922,-0.12026628432860598
MT,2002,15.780622255442397,11.267868821825656,15.838441671593491,11.037122320067212,0.057819416151094316,-0.23074650175844447
MT,2003,15.676280823733906,11.55171905842147,15.700539779394509,10.998005163107251,0.024258955660602766,-0.5537138953142193
MT,2004,15.45637564862336,10.942240621544219,15.4335358582704,10.4082675600477,-0.02283979035296113,-0.5339730614965195
MT,2005,14.95351996377487,10.843566044269238,15.042964554242753,10.365198711063373,0.08944459046788289,-0.4783673332058651
MT,2006,15.348068580871718,11.128898987812436,15.430590925627566,10.763473831921418,0.08252234475584785,-0.36542515589101754
MT,2007,15.635988099043496,11.040350143844204,15.566985060004898,10.607396522165075,-0.0690030390385985,-0.432953621679129
MT,2008,16.069250819005717,11.97302661469667,15.770701832602013,11.443790036839758,-0.29854898640370386,-0.5292365778569117
MT,2009,15.883360289220816,13.69517648178099,15.9528243327126,13.484219070811248,0.06946404349178437,-0.2109574109697423
MT,2010,15.215175286974251,13.632938882240836,15.225963668586617,13.553389455028796,0.010788381612366393,-0.07954942721204006
MT,2011,15.07451595590967,12.929860050365354,15.068916496693245,13.0230545769207,-0.005599459216425018,0.09319452655534555
MT,2012,14.834586913810554,13.052451924031041,14.784325338071266,13.191195341032474,-0.050261575739288133,0.13874341700143233
MT,2013,14.832962984065484,12.574782063700074,14.750607699410201,12.856846746688275,-0.08235528465528219,0.2820646829882012
MT,2014,14.789232928140548,12.028211623626323,14.657827896168465,12.606056239079134,-0.13140503197208275,0.5778446154528112
MT,2015,14.373977514010233,11.998329214382679,14.164058892935927,13.0080883736042,-0.2099186210743067,1.009759159221522
MT,2016,13.916276878554365,12.566880909916883,13.747994774008962,13.888567317710487,-0.16828210454540304,1.3216864077936048
MT,2017,13.415825464018235,12.885518909615296,13.17299974253737,14.660225052628393,-0.242825721480866,1.7747061430130966
MT,2018,12.672866848019595,12.002050902254568,12.383426131889085,13.907348816645712,-0.28944071613051037,1.9052979143911433
MT,2019,12.378007148881482,12.292327670455307,11.798827047213274,14.557961064127408,-0.5791801016682072,2.2656333936721005
MT,2020,15.253975870578559,17.161365505895258,15.489033015024606,18.122413062607954,0.23505714444604742,0.9610475567126961
MT,2021,14.179013845032792,15.630313334952634,14.11607244560884,17.98895090557011,-0.06294139942395205,2.3586375706174767
MT,2022,13.252477798684097,13.921213791781017,13.047947552367683,15.700025127349978,-0.20453024631641448,1.7788113355689603
MT,2023,12.490679370339684,11.566901408450706,12.057442028850975,14.850639585615358,-0.4332373414887094,3.2837381771646523
NL,1995,11.95399826671137,19.739880188004882,11.8899259899794,19.938197817848877,-0.06407227673197013,0.19831762984399504
NL,1996,11.725266226426319,20.117199119519306,11.669957518099682,20.314725064321188,-0.05530870832663659,0.1975259448018818
NL,1997,11.538097333548713,19.56307407799384,11.493363823872299,19.80035422832033,-0.044733509676413874,0.23728015032649097
NL,1998,11.16020782934372,19.09522748817621,11.139881496176034,19.371459894025215,-0.020326333167686172,0.27623240584900444
NL,1999,10.773016040827702,18.568050976962333,10.75132418587987,18.83829923211744,-0.021691854947832212,0.2702482551551064
NL,2000,10.459083458636432,18.47622401936215,10.493470051519859,18.852350735900366,0.03438659288342727,0.3761267165382165
NL,2001,10.627513871855784,18.6779070864386,10.635330489300333,19.360006217723967,0.007816617444548868,0.6820991312853657
NL,2002,10.505546075085324,18.623244289839853,10.497916245862378,19.25256913900351,-0.007629829222945972,0.6293248491636554
NL,2003,10.453153286956942,19.28299902457039,10.419182405126472,19.893654703827142,-0.033970881830470034,0.6106556792567517
NL,2004,10.253231596084817,19.7936486141896,10.21651491612751,20.43892942125032,-0.03671667995730665,0.6452808070607219
NL,2005,9.935754285910606,20.40708038921527,9.901979171052279,21.089213881372217,-0.033775114858327626,0.6821334921569466
NL,2006,10.119626042958147,20.742627156191475,10.074057492491653,21.40951741377059,-0.045568550466494884,0.6668902575791158
NL,2007,10.114934297683412,20.42214185971571,10.049700257638683,21.04753953266708,-0.06523404004472866,0.6253976729513724
NL,2008,10.394959681634758,20.803509823463408,10.302992336444696,21.642409182345286,-0.09196734519006178,0.8388993588818785
NL,2009,10.887276119807769,22.228369548316177,10.750308565342085,22.92091731168518,-0.13696755446568432,0.6925477633690029
NL,2010,10.880083368483735,22.636740972844986,10.754224937097929,23.363575731269652,-0.1258584313858062,0.7268347584246655
NL,2011,11.0222622928081,22.440876621124907,10.794945606465685,22.845968177560188,-0.22731668634241586,0.4050915564352806
NL,2012,11.424404304114962,23.436363258433975,11.198961730903875,23.734694923069043,-0.22544257321108674,0.298331664635068
NL,2013,11.478511361848003,24.19652815316086,11.22557427773854,24.281774459354928,-0.2529370841094636,0.08524630619406892
NL,2014,11.409527279105696,24.247944031789082,11.131688603743633,24.205304583636483,-0.2778386753620623,-0.0426394481525989
NL,2015,11.491212176118863,24.44942265561943,11.204669687343793,24.294306399858105,-0.28654248877506916,-0.1551162557613246
NL,2016,11.481623783986233,24.359342763325703,11.154546428188926,24.04349551751728,-0.32707735579730723,-0.31584724580842405
NL,2017,11.541229805729953,24.02748134415554,11.1150304806353,23.37964219171144,-0.42619932509465386,-0.6478391524440994
NL,2018,11.301407578720529,24.07379296180875,10.869902800943233,23.310806924713866,-0.43150477777729535,-0.7629860370948833
NL,2019,11.410529091732547,24.266042159937168,10.970812463986524,23.33396126058242,-0.43971662774602294,-0.932080899354748
NL,2020,13.240985576923075,26.115384615384617,12.671459572092166,25.329392329432622,-0.5695260048309088,-0.7859922859519948
NL,2021,12.683780597271113,25.53273510550589,11.98161093133879,24.399284219594623,-0.7021696659323222,-1.133450885911266
NL,2022,11.654321109667091,23.424273720517675,11.526575152886611,22.904705354304202,-0.12774595678047973,-0.5195683662134734
PL,1995,30.580958566698403,16.952856080083567,30.58094383196181,17.062078130202227,-1.4734736591748288e-05,0.10922205011866026
PL,1996,29.35050825431233,16.901546987303607,29.350486383533784,17.018971360953625,-2.1870778546428937e-05,0.11742437365001734
PL,1997,27.571980147436715,18.504564379491768,27.571980147436715,18.620495754203578,0.0,0.11593137471180981
PL,1998,25.68640181443051,18.88682136458186,25.68638827242487,19.004325455393296,-1.3542005639521904e-05,0.11750409081143687
PL,1999,23.801505134432695,19.652284265750136,23.80149953668644,19.753667703046577,-5.597746255858738e-06,0.10138343729644106
PL,2000,23.578548428889555,19.19119742537084,23.57854350975907,19.281111816967037,-4.9191304860585205e-06,0.08991439159619574
PL,2001,23.83381929967027,20.8131902661101,23.83381929967027,20.89906542499893,0.0,0.0858751588888289
PL,2002,22.69890911494491,21.364852164038634,22.698904900441022,21.450813354789343,-4.2145038889884745e-06,0.08596119075070874
PL,2003,22.1786165456723,21.643016940182687,22.1786165456723,21.71953897976931,0.0,0.0765220395866244
PL,2004,22.164602225610462,21.39835914043945,22.16460959387391,21.47233277955399,7.3682634464944385e-06,0.07397363911454136
PL,2005,22.206364605285273,22.384096561863515,22.206364605285273,22.453850455037795,0.0,0.06975389317427982
PL,2006,22.224024816885724,22.363920960192402,22.224028180208776,22.431556966825962,3.3633230529517277e-06,0.06763600663355973
PL,2007,21.772775893808472,21.890535000398987,21.772775893808472,21.95907926750382,0.0,0.06854426710483352
PL,2008,20.97343517811929,21.522725590249152,20.973437823167686,21.58626464816655,2.6450483971984795e-06,0.06353905791739933
PL,2009,20.560754996186407,23.337806299940468,20.560754996186407,23.398184216482708,0.0,0.06037791654224023
PL,2010,20.176090848246467,22.45874168087433,20.176090848246467,22.51712072276463,0.0,0.05837904189030141
PL,2011,19.709642251347663,21.99266530399316,19.709642251347663,22.052184217075347,0.0,0.059518913082186486
PL,2012,19.15604971931594,22.043051410582006,19.15604780057306,22.103057339973795,-1.9187428819122943e-06,0.060005929391788726
PL,2013,19.02874834002752,21.733020763683776,19.02874834002752,21.794258246499453,0.0,0.061237482815677424
PL,2014,17.84525876347827,21.644745251940083,17.84525703139771,21.71226856264537,-1.7320805589804422e-06,0.06752331070528683
PL,2015,17.496368995468224,21.84671365346866,17.496368995468224,21.92107474918499,0.0,0.07436109571632699
PL,2016,17.81344329280356,20.898504771221152,17.8134449168006,20.973682931790087,1.6239970399567483e-06,0.07517816056893523
PL,2017,17.82485995559641,20.05241179359828,17.82485995559641,20.125324041548513,0.0,0.07291224795023155
PL,2018,17.390790157657417,19.40173500142203,17.390790157657417,19.480296481705466,0.0,0.07856148028343668
PL,2019,17.38879716298718,19.522388855935883,17.38879847323079,19.606134172650513,1.3102436078327173e-06,0.08374531671463004
PL,2020,19.137245949637833,20.78279859377516,19.137247397196443,20.859953889304073,1.447558609868338e-06,0.07715529552891454
PL,2021,18.628077639700454,20.795694170602218,18.628077639700454,20.867921978321675,0.0,0.07222780771945736
PL,2022,18.469947557320204,20.430953473387603,18.469947557320204,20.492386873615708,0.0,0.06143340022810406
PL,2023,18.752252426825784,20.83218701570398,18.363632515495453,21.120695484830794,-0.3886199113303306,0.28850846912681405
PT,1995,18.448215700733453,12.823302719808034,18.448215700733453,13.07065175353104,0.0,0.24734903372300643
PT,1996,18.188818353359228,12.863692070264626,18.188818353359228,13.097453588125822,0.0,0.23376151786119514
PT,1997,17.47944798391621,12.68417972362807,17.47944798391621,12.895385613740359,0.0,0.2112058901122893
PT,1998,17.566848635514383,12.407898449310984,17.558394693126207,12.590075427647824,-0.008453942388175761,0.1821769783368392
PT,1999,17.121258528892337,12.196495252494314,17.11545853121478,12.357965094689936,-0.0057999976775562345,0.161469842195622
PT,2000,16.53375754569759,12.10807737439967,16.517312765800593,12.238399038978649,-0.016444779896996664,0.13032166457897887
PT,2001,17.043429137988678,12.463021247650998,17.027194814199675,12.588097215327506,-0.01623432378900347,0.12507596767650853
PT,2002,16.784231222531858,12.978510139116834,16.768568466785077,13.102524655613731,-0.015662755746781443,0.12401451649689754
PT,2003,16.85552832069265,13.695464325894363,16.839554555041172,13.81507602330434,-0.015973765651477123,0.1196116974099759
PT,2004,16.598171447419187,13.922633148292743,16.582168410025883,14.038881063406745,-0.016003037393303998,0.1162479151140019
PT,2005,15.878263900318522,14.236269109004832,15.862660628722534,14.354303002400604,-0.015603271595988844,0.11803389339577208
PT,2006,15.774838335801606,14.311075952278015,15.75961697513279,14.435019941553787,-0.015221360668816075,0.12394398927577122
PT,2007,15.729879510138446,14.451678418746026,15.715418496101055,14.582698513829834,-0.01446101403739064,0.13102009508380874
PT,2008,16.047292650784083,14.852723103430169,16.026399321369613,14.985227801535578,-0.020893329414469974,0.132504698105409
PT,2009,16.395466649460534,16.220208252316286,16.38325289941127,16.361906471278598,-0.012213750049262728,0.14169821896231127
PT,2010,15.906788754023657,16.460533786200397,15.901366638941624,16.57718534717696,-0.005422115082032164,0.11665156097656393
PT,2011,16.467297864620246,17.101180444167124,16.459609171032795,17.208270097542,-0.007688693587450501,0.10708965337487797
PT,2012,17.360509906872245,18.459676769234544,17.349837555717073,18.575306717574634,-0.010672351155172066,0.11562994834008933
PT,2013,17.843586493350163,18.87227049691587,17.83300940995236,19.030345631930366,-0.010577083397802056,0.15807513501449577
PT,2014,17.315664835141558,19.07503039597375,17.309197287023924,19.234502361319084,-0.006467548117633726,0.15947196534533248
PT,2015,17.15962448990269,18.753433347284712,17.21646871824398,18.98574295657109,0.05684422834129066,0.23230960928637856
PT,2016,16.934333487645844,18.322596844178364,16.966966966966968,18.6297874616366,0.032633479321123815,0.30719061745823595
PT,2017,16.678169195357704,17.67400217118001,16.779464570982615,17.926000085299908,0.10129537562491109,0.25199791411989736
PT,2018,16.349527228087616,17.438978280048733,16.46944553278253,17.60188807031592,0.11991830469491305,0.16290979026718588
PT,2019,16.06904487603176,17.348459579785562,16.202049618687482,17.382492550652493,0.1330047426557215,0.03403297086693158
PT,2020,18.674966823277757,20.279941365300193,18.79045621766003,20.21045310963779,0.11548939438227279,-0.06948825566240302
PT,2021,18.05392748304798,19.23729680284306,18.355212910362184,18.918959318436286,0.3012854273142054,-0.3183374844067721
PT,2022,17.330521248560846,17.314578909484073,17.827614142181115,16.78360143131739,0.49709289362026965,-0.5309774781666832
RO,1995,44.45539861598256,13.151957531519576,25.680159256801595,26.1579296615793,-18.775239359180965,13.005972130059723
RO,1996,45.74530905409803,12.392292025693248,25.684811819858037,26.15601537738464,-20.060497234239993,13.763723351691393
RO,1997,38.567801793901594,17.425854051976593,25.682456681660952,26.15718562063907,-12.885345112240643,8.731331568662476
RO,1998,36.22422036177749,19.167587891931472,25.682117433337325,26.157047197245475,-10.542102928440165,6.9894593053140035
RO,1999,33.28888334677861,21.48461258528417,25.681573529524037,26.157205351303343,-7.607309817254574,4.6725927660191715
RO,2000,33.7298352164437,22.777519401052352,25.68197776744271,26.157451736747557,-8.047857449000993,3.379932335695205
RO,2001,35.335652386946144,20.879482125246398,25.682122996503924,26.15734982919583,-9.65352939044222,5.277867703949433
RO,2002,34.57184378577986,22.51432648783642,25.682101754661495,26.157243807690104,-8.889742031118367,3.6429173198536837
RO,2003,35.05046184437174,21.195130692130725,25.682092307218028,26.15723132295195,-9.368369537153711,4.962100630821226
RO,2004,33.717977269894455,21.67181290874818,25.68198291490949,26.157284201932747,-8.035994354984965,4.485471293184567
RO,2005,29.791049054477938,20.852594705235692,25.682199680604196,26.15721260722627,-4.108849373873742,5.304617901990579
RO,2006,29.13473124597682,20.02298530002854,25.682014520803552,26.157262797877443,-3.4527167251732678,6.1342774978489025
RO,2007,27.604679367019664,22.255454049656105,25.68212308330484,26.157238998425054,-1.9225562837148225,3.901784948768949
RO,2008,27.745474073165227,21.94438072612801,25.68218607763677,26.157257990425066,-2.063287995528455,4.212877264297056
RO,2009,27.25205707182784,25.179840314794905,25.682047997071678,26.15729068960521,-1.570009074756161,0.9774503748103065
RO,2010,27.161608465422045,23.534942033645002,25.72182315453829,26.60230690971871,-1.4397853108837566,3.0673648760737073
RO,2011,28.39125483956754,23.425305970506606,26.71506211663226,26.43286504292204,-1.67619272293528,3.0075590724154324
RO,2012,29.845023795961684,21.873024942853625,26.871033739954786,25.768620944282894,-2.9739900560068975,3.8955960014292685
RO,2013,28.668996854428936,18.893778409098314,25.54876170631705,25.839605280370492,-3.120235148111888,6.945826871272178
RO,2014,27.124487509326517,19.957977636316905,25.508817608716317,26.11539861839871,-1.6156699006102002,6.157420982081806
RO,2015,26.140625113634954,20.247279036765057,24.935455348003885,26.609804030589178,-1.2051697656310694,6.36252499382412
RO,2016,25.67291774080972,19.300114692172524,23.056709321731635,26.871397533031498,-2.6162084190780845,7.571282840858974
RO,2017,24.93516204546497,20.7533850757452,25.234511583504737,25.804344742727714,0.2993495380397668,5.050959666982514
RO,2018,25.882769055432203,18.11383219985378,25.498972646044106,24.512028058746818,-0.383796409388097,6.39819585889304
RO,2019,25.216205581904642,18.43741464953775,25.13429731693353,24.74269789152978,-0.08190826497111203,6.305283241992029
RO,2020,24.954470989675272,18.391362783703727,25.197923165952385,25.499518872548826,0.24345217627711335,7.108156088845099
RO,2021,24.81787318339679,17.958313671405154,25.061689184923868,24.98957846086837,0.24381600152707605,7.031264789463215
RO,2022,24.954475564134395,18.391377540158864,24.740328613359903,23.737068423106354,-0.21414695077449153,5.3456908829474905
RS,1995,24.096179677154478,28.242812866357518,24.096179677154478,28.242812866357518,0.0,0.0
RS,1996,23.548975121987286,27.84070955936715,23.548975121987286,27.84070955936715,0.0,0.0
RS,1997,24.56895584042386,26.77515733860165,24.56895584042386,26.77515733860165,0.0,0.0
RS,1998,25.814055211606394,24.963997015000505,25.814055211606394,24.963997015000505,0.0,0.0
RS,1999,28.17319536971845,25.045184714201707,28.17319536971845,25.045184714201707,0.0,0.0
RS,2000,33.891833731305574,21.751077873199804,33.891833731305574,21.751077873199804,0.0,0.0
RS,2001,35.54777855324402,21.330781301359618,35.54777855324402,21.330781301359618,0.0,0.0
RS,2002,32.43376025357357,22.278916540299733,32.43376025357357,22.278916540299733,0.0,0.0
RS,2003,30.087861685087635,22.58274223788507,30.087861685087635,22.58274223788507,0.0,0.0
RS,2004,28.070151429459468,23.373431870340728,28.070151429459468,23.373431870340728,0.0,0.0
RS,2005,26.95368845179655,22.927971793380753,26.95368845179655,22.927971793380753,0.0,0.0
RS,2006,26.41627036840936,21.48801487257276,26.41627036840936,21.48801487257276,0.0,0.0
RS,2007,25.060134085765394,20.78979590873419,25.060134085765394,20.78979590873419,0.0,0.0
RS,2008,25.64418944037614,19.8578574117897,25.64418944037614,19.8578574117897,0.0,0.0
RS,2009,25.74545745740705,20.647403894202405,25.74545745740705,20.647403894202405,0.0,0.0
RS,2010,25.21944903229286,21.1975649237108,25.21944903229286,21.1975649237108,0.0,0.0
RS,2011,26.52197062934337,20.98629646367351,26.52197062934337,20.98629646367351,0.0,0.0
RS,2012,26.052272141379092,21.22059653529018,26.052272141379092,21.22059653529018,0.0,0.0
RS,2013,26.230138356025467,20.849403270810605,26.230138356025467,20.849403270810605,0.0,0.0
RS,2014,24.702885145235516,21.58785842946887,24.702885145235516,21.58785842946887,0.0,0.0
RS,2015,24.950726241007935,21.65216025048607,24.950726241007935,21.65216025048607,0.0,0.0
RS,2016,24.562264704815473,21.601540657508394,24.562264704815473,21.601540657508394,0.0,0.0
RS,2017,24.288680105084428,21.113184466769887,24.288680105084428,21.113184466769887,0.0,0.0
RS,2018,23.580382605183445,20.71266784784457,23.580382605183445,20.71266784784457,0.0,0.0
RS,2019,22.99369456167509,20.44007282059905,22.99369456167509,20.44007282059905,0.0,0.0
RS,2020,24.02720699721604,21.166342741008382,24.02720699721604,21.166342741008382,0.0,0.0
RS,2021,22.74596464901909,20.310080709412144,22.74596464901909,20.310080709412144,0.0,0.0
RS,2022,23.571907632333684,18.84982049956057,23.605931339552512,18.84433156853004,0.03402370721882875,-0.0054889310305270556
RS,2023,24.1199564842305,18.634115943804826,24.119706840166145,18.63391881465858,-0.0002496440643540154,-0.00019712914624747668
SE,1993,14.26929984671734,30.7599798222506,13.867872773598938,30.907140331841955,-0.401427073118402,0.1471605095913553
SE,1994,14.324866380351347,30.601087158162958,13.91592786080104,30.735491160006912,-0.4089385195503077,0.1344040018439543
SE,1995,14.015694340424103,30.25821884885814,13.601528711418823,30.389960060289727,-0.4141656290052804,0.13174121143158857
SE,1996,13.082012997593159,31.122269887596953,12.692434401872726,31.072848632586336,-0.3895785957204332,-0.04942125501061767
SE,1997,12.810424858761808,30.633099808323344,12.442354539638613,30.575068820292035,-0.3680703191231949,-0.058030988031308794
SE,1998,12.573357921845393,29.644448900352728,12.205385089501801,29.596073041271474,-0.36797283234359135,-0.04837585908125419
SE,1999,12.195453913726919,28.094295586663666,11.855561582726718,27.995872862935805,-0.33989233100020044,-0.09842272372786098
SE,2000,11.89877299493646,27.080359522340547,11.61317684950312,26.860307785007787,-0.28559614543334,-0.22005173733275996
SE,2001,12.181797826303509,27.123338631376935,11.894519367927357,26.89567196282578,-0.28727845837615185,-0.22766666855115503
SE,2002,12.441878986288184,27.149884435768655,12.15764451260708,26.935172280503867,-0.28423447368110466,-0.21471215526478815
SE,2003,12.31123316204718,27.62988108221408,12.014666410039387,27.38596930619634,-0.29656675200779326,-0.2439117760177396
SE,2004,12.08886818108342,27.19476324956181,11.792617930466765,26.97872094953972,-0.2962502506166551,-0.2160423000220888
SE,2005,11.849026748102547,26.85698405804584,11.527856115645369,26.650131669872813,-0.3211706324571786,-0.20685238817302576
SE,2006,11.876957780171224,26.43645542720614,11.565517645830385,26.26784930133297,-0.31144013434083995,-0.16860612587317192
SE,2007,11.846896102761093,26.03985667068321,11.54773705680552,25.81347907202402,-0.2991590459555731,-0.22637759865919094
SE,2008,12.160220883935896,26.312998939597048,11.814438956375332,26.20709385913566,-0.34578192756056403,-0.1059050804613868
SE,2009,12.476293511621693,26.776786710356653,12.132248819366795,26.6563866710395,-0.3440446922548972,-0.12040003931715404
SE,2010,12.091941648141827,26.747194420385988,11.750613550585394,26.620446973201233,-0.341328097556433,-0.12674744718475495
SE,2011,11.98346885554579,26.483659475606895,11.640907402274992,26.390499047663972,-0.34256145327079857,-0.09316042794292301
SE,2012,12.34374087055981,26.305948898152188,12.01511414070728,26.153496525444808,-0.3286267298525303,-0.15245237270737988
SE,2013,12.39436782472541,26.26021943990247,12.05289951935383,26.103410028156194,-0.34146830537158124,-0.15680941174627705
SE,2014,12.323464155587528,25.950148481185035,12.01225883836931,25.79079425458734,-0.311205317218219,-0.15935422659769571
SE,2015,12.343119327698828,25.629749081579817,12.01319612641268,25.3074962168742,-0.3299232012861477,-0.322252864705618
SE,2016,12.456923229942214,25.660896986288094,12.146781255263548,25.394482440047245,-0.31014197467866644,-0.26641454624084915
SE,2017,12.354206385090045,25.5423883588702,12.098874864200216,25.463224107750516,-0.255331520889829,-0.07916425111968195
SE,2018,12.482384657077734,25.835489146771252,12.289667953209099,25.632911098587158,-0.19271670386863526,-0.20257804818409397
SE,2019,12.397053460591478,25.92401940261151,12.19077455142606,25.836767480323093,-0.2062789091654178,-0.0872519222884165
SE,2020,13.321375303781913,26.47688416962707,13.166289079784695,27.003265810030253,-0.15508622399721794,0.5263816404031836
SE,2021,12.854953920229569,25.766559055226747,12.666227742387036,26.417564427813904,-0.18872617784253265,0.6510053725871572
SE,2022,12.777924524422243,25.28391521453393,12.479688585351983,25.03448014754799,-0.2982359390702598,-0.2494350669859422
SI,1995,17.769450280661044,18.01404873153752,17.173580069394518,19.432027757806882,-0.5958702112665257,1.4179790262693608
SI,1996,17.307299816314035,18.38356350772161,16.77340237089522,19.434527864831722,-0.5338974454188161,1.0509643571101108
SI,1997,17.385511669876337,18.37021426062522,16.88801562177831,19.386529854819344,-0.49749604809802506,1.016315594194122
SI,1998,17.48343633427983,18.552419130337952,17.017255454535288,19.447333400431667,-0.4661808797445417,0.8949142700937145
SI,1999,16.880874165086993,18.39339413848887,16.45778035005089,19.08316203324885,-0.4230938150361041,0.6897678947599815
SI,2000,16.628634793207418,19.106663367516198,16.293367654003205,19.431301562022576,-0.3352671392042126,0.32463819450637743
SI,2001,16.76594760279914,19.23544040252154,16.54534921794323,19.14129075048905,-0.22059838485591143,-0.09414965203249182
SI,2002,16.376809415725944,18.907360921129765,16.209877678653545,18.575830037708084,-0.1669317370723995,-0.33153088342168147
SI,2003,16.159878398452346,18.287905482433413,15.97859595654586,18.051585991868148,-0.181282441906486,-0.2363194905652648
SI,2004,15.414682449202946,18.662175983531267,15.196661119475921,18.627994822621975,-0.2180213297270246,-0.034181160909291464
SI,2005,14.647099413475281,19.108876731233675,14.470127778575398,18.928332885973074,-0.17697163489988377,-0.1805438452606012
SI,2006,14.327883067749198,19.255691300758446,14.075592368633014,19.384970486758114,-0.25229069911618396,0.1292791859996676
SI,2007,14.160316388540565,18.33220796758947,13.862291321799905,18.641738885823404,-0.2980250667406601,0.30953091823393564
SI,2008,14.510606127985056,18.671034622473233,14.239176596967198,18.84783531939344,-0.2714295310178585,0.17680069692020695
SI,2009,14.540249405599495,19.873356300645348,14.47089265178253,19.156223975889283,-0.06935675381696527,-0.717132324756065
SI,2010,14.334793842330917,19.849587967037362,14.195502225958693,19.624739667921354,-0.13929161637222442,-0.22484829911600812
SI,2011,14.88419117647059,19.556066176470587,14.580888516345347,19.691254540374405,-0.30330266012524376,0.1351883639038185
SI,2012,15.202334719764691,19.630029643587562,14.956216510635127,19.98165795341865,-0.2461182091295644,0.3516283098310886
SI,2013,15.13524636162969,20.432395525459242,15.022107449829427,20.20497036458234,-0.11313891180026303,-0.22742516087690134
SI,2014,14.979880530544174,19.729091690266426,14.772197169958016,19.82584357020681,-0.20768336058615766,0.09675187994038481
SI,2015,14.940495409256066,19.78453744673691,14.740113282172645,19.751205301939134,-0.2003821270834205,-0.03333214479777524
SI,2016,14.721589244085603,19.70372249460936,14.588757369979689,19.624500093942075,-0.13283187410591424,-0.07922240066728392
SI,2017,14.324344815385782,19.315625868735626,14.108671253180717,19.148553363205647,-0.2156735622050654,-0.16707250552997976
SI,2018,14.00842636110468,18.91981391785894,13.910804851605358,18.77662231137496,-0.09762150949932291,-0.14319160648397755
SI,2019,14.081778436014524,18.266817761920258,13.861363549944866,18.35431004981178,-0.22041488606965842,0.08749228789152141
SI,2020,15.899919629369364,20.810943871003033,15.80671545782178,20.93660273832548,-0.09320417154758509,0.12565886732244635
SI,2021,14.383075185009368,19.245757940406925,14.035197779934535,19.413763963053036,-0.3478774050748328,0.16800602264611086
SI,2022,13.969112505206821,18.85437309872133,13.826172486252068,18.94404384009606,-0.1429400189547536,0.08967074137473219
SK,1995,20.329501326463916,33.61624822176939,20.329501326463916,33.8305971010035,0.0,0.21434887923410884
SK,1996,19.712409420289855,31.783897714604237,19.712409420289855,31.99292781493869,0.0,0.20903010033445213
SK,1997,20.7364434387688,30.258533532328723,20.7364434387688,30.476786545343664,0.0,0.21825301301494093
SK,1998,20.458704226173555,28.971560629588318,20.458704226173555,29.2012043537534,0.0,0.22964372416508283
SK,1999,20.130046237192165,28.848303644072836,20.130046237192165,29.07055967508285,0.0,0.22225603101001568
SK,2000,19.406886391179338,29.470926502388135,19.406886391179338,29.672314236152364,0.0,0.20138773376422847
SK,2001,17.829160591980365,28.288983753054826,17.829160591980365,28.521307727000973,0.0,0.2323239739461478
SK,2002,17.457204861955873,29.415027686678275,17.457204861955873,29.657346944733693,0.0,0.2423192580554172
SK,2003,16.27011960175258,31.633889288674727,16.27011960175258,31.877556225576377,0.0,0.24366693690165064
SK,2004,14.851116327135522,33.61037899846991,14.851116327135522,33.84069406948706,0.0,0.2303150710171451
SK,2005,14.525651085453797,31.88394425139185,14.52602473564249,32.13727907932593,0.00037365018869373046,0.25333482793407924
SK,2006,14.684080129309201,31.767203688492007,14.684080129309201,32.03085667346777,0.0,0.26365298497576006
SK,2007,15.245645256970286,31.358943476723766,15.245645256970286,31.65135690617004,0.0,0.2924134294462739
SK,2008,15.169609140496402,31.117064196494855,15.169609140496402,31.44197355539059,0.0,0.32490935889573436
SK,2009,15.550687684345862,31.04492366865823,15.550687684345862,31.36418639324956,0.0,0.3192627245913293
SK,2010,15.19479489010553,30.919093337565133,15.19479489010553,31.232510777857126,0.0,0.3134174402919925
SK,2011,15.146483309166317,31.322013814179023,15.146483309166317,31.62838922930602,0.0,0.30637541512699684
SK,2012,15.860068378977719,30.640890228213586,15.860068378977719,30.933478167283212,0.0,0.29258793906962666
SK,2013,15.827296639260203,30.654119369826816,15.827296639260203,30.94197502074918,0.0,0.28785565092236354
SK,2014,15.064776756182221,31.455810830564623,15.064776756182221,31.743212005440807,0.0,0.2874011748761838
SK,2015,15.29861894160619,30.45869835487322,15.29861894160619,30.745414943957748,0.0,0.28671658908452713
SK,2016,15.220350479446964,30.234194975098493,15.220350479446964,30.527809782204713,0.0,0.2936148071062199
SK,2017,16.414660014242752,28.595913158427727,16.414660014242752,28.893399334902792,0.0,0.2974861764750649
SK,2018,16.599841100604724,27.94879816895205,16.599841100604724,28.2556880631975,0.0,0.306889894245451
SK,2019,16.87385379782312,28.077973973520407,16.87385379782312,28.383627887355306,0.0,0.3056539138348988
SK,2020,19.81842406370708,29.680504680504683,19.81842406370708,29.976347900876206,0.0,0.29584322037152333
SK,2021,19.677306845512742,29.83113287749867,19.65520557564629,30.09847381017617,-0.022101269866453777,0.2673409326774987
SK,2022,18.289389989897604,29.081180857830603,18.356413024769594,29.212161041480854,0.06702303487199046,0.13098018365025155
SK,2023,19.801052803585602,28.513381810542036,19.869180386427317,28.70609213003493,0.06812758284171494,0.19271031949289252
SK,2024,19.40350529155198,27.981578070023172,19.713435735535185,27.64845651585983,0.30993044398320535,-0.3331215541633412
TR,2009,22.473677969901267,19.974050050917974,22.46800987547863,21.94531313836623,-0.005668094422638603,1.971263087448257
TR,2010,22.973406766408704,18.880572291797208,22.989370740083455,20.688848580848735,0.015963973674750775,1.808276289051527
TR,2011,22.157819046377696,17.61181166789961,22.178374367869516,19.113616468634223,0.02055532149181971,1.5018048007346145
TR,2012,22.20039273488456,17.496075638439045,22.374844383743444,19.036650049060015,0.1744516488588843,1.5405744106209696
TR,2013,20.73907638440236,16.894112798018178,20.79692539584582,18.270625415499776,0.057849011443458664,1.3765126174815983
TR,2014,21.174253584842127,16.482710361378093,21.184717387156766,17.83497234426778,0.010463802314639281,1.3522619828896865
TR,2015,21.620101499475645,16.15280058265216,22.639682570736266,15.95229712378985,1.019581071260621,-0.20050345886230936
TR,2016,21.569959460954085,16.261933445268685,22.458008812180882,16.24350548744168,0.8880493512267975,-0.01842795782700435
TR,2017,20.982323912893317,15.574574457312703,21.738530489334792,15.856092156763173,0.7562065764414747,0.28151769945047
TR,2018,21.26401000001467,15.147688868256589,21.857621734491577,15.716019737158831,0.5936117344769052,0.5683308689022422
TR,2019,21.73232640791075,14.437159935553618,21.759631015799734,16.10347090012224,0.0273046078889827,1.6663109645686216
TR,2020,24.086017982015807,15.004006170576801,24.260105171711803,16.969727217290696,0.1740871896959959,1.9657210467138952
TR,2021,23.262253369976797,13.099810102446066,23.501109033627102,14.77160747777809,0.23885566365030542,1.6717973753320248
TR,2022,23.166559198227002,12.400151515011192,21.87165985232153,13.609577084482968,-1.2948993459054705,1.209425569471776
TR,2023,22.825748776323433,11.090203087342756,22.699913888346796,13.02240437894515,-0.12583488797663733,1.9322012916023947
