iso3,year,source,coicop_version,food_share,essentials_share,housing_share,tier
ALB,1995,Eurostat,1999,36.28552012077756,46.42583044750367,10.140310326726109,Higher
ALB,1996,Eurostat,1999,37.65894831259689,47.44580877929117,9.78686046669428,Higher
ALB,1997,Eurostat,1999,37.21698674730167,48.47959735266412,11.262610605362452,Higher
ALB,1998,Eurostat,1999,35.84968930041837,48.19255053236634,12.342861231947971,Higher
ALB,1999,Eurostat,1999,35.020413663287634,48.13093679311456,13.110523129826928,Higher
ALB,2000,Eurostat,1999,33.251878330752135,47.88593913151375,14.634060800761612,Higher
ALB,2001,Eurostat,1999,32.30552352639755,48.03324724075615,15.727723714358593,Higher
ALB,2002,Eurostat,1999,32.31715932680688,47.83309907229342,15.515939745486538,Higher
ALB,2003,Eurostat,1999,31.89665433687506,46.86612182013776,14.969467483262704,Higher
ALB,2004,Eurostat,1999,30.895052384805368,46.41483163789581,15.519779253090444,Higher
ALB,2005,Eurostat,1999,30.368155008808788,45.856523765567935,15.48836875675914,Higher
ALB,2006,Eurostat,1999,29.67856191839316,45.21236822459237,15.53380630619921,Higher
ALB,2007,Eurostat,1999,27.322223365189306,41.33086813380984,14.008644768620536,Moderate
ALB,2008,Eurostat,1999,27.02897235336797,40.495815419469245,13.466843066101273,Moderate
ALB,2009,Eurostat,1999,28.15679148633946,41.602994111577765,13.446202625238309,Moderate
ALB,2010,Eurostat,1999,28.32453017333489,42.01139438022393,13.686864206889044,Moderate
ALB,2011,Eurostat,1999,29.261157364858832,43.42025690828319,14.159099543424364,Moderate
ALB,2012,Eurostat,1999,29.478961346867337,43.4362112628304,13.957249915963065,Moderate
ALB,2013,Eurostat,1999,29.946268167882785,44.343152753265024,14.396884585382242,Moderate
ALB,2014,Eurostat,1999,29.54899275906597,43.5026524894078,13.953659730341824,Moderate
ALB,2015,Eurostat,1999,29.669296349743867,43.283443773236,13.614147423492124,Moderate
ALB,2016,Eurostat,1999,28.957973532044285,42.1991558005,13.24118226845571,Moderate
ALB,2017,Eurostat,1999,28.33362640367298,41.483660070229725,13.150033666556746,Moderate
ALB,2018,Eurostat,1999,28.197835144355988,41.23452748583241,13.036692341476428,Moderate
ALB,2019,Eurostat,1999,27.94526457340402,40.85627859790674,12.911014024502718,Moderate
ALB,2020,Eurostat,1999,31.496184122944072,45.70657679441739,14.21039267147331,Higher
ALB,2021,Eurostat,1999,28.897123002092385,41.77932725488888,12.882204252796498,Moderate
ALB,2022,Eurostat,1999,28.585705542909068,40.22194361685436,11.636238073945291,Moderate
ALB,2023,Eurostat,1999,28.189514648400632,39.05702529538739,10.867510646986757,Moderate
ALB,2024,Eurostat,1999,27.29821598002788,38.10745382589999,10.809237845872111,Moderate
AUS,1995,OECD,1999,11.200293310344144,31.223018255926487,20.022724945582343,Lower
AUS,1996,OECD,1999,10.981936272104882,31.160642786378297,20.17870651427341,Lower
AUS,1997,OECD,1999,10.808707790086425,30.92542544028986,20.11671765020344,Lower
AUS,1998,OECD,1999,10.648804467406592,30.563856898160395,19.915052430753803,Lower
AUS,1999,OECD,1999,10.476240427986992,30.307353403965177,19.831112975978183,Lower
AUS,2000,OECD,1999,10.28694878761221,29.96607549902552,19.67912671141331,Lower
AUS,2001,OECD,1999,10.543078751255102,30.348802933021364,19.80572418176626,Lower
AUS,2002,OECD,1999,10.438989775183046,30.23685879861089,19.797869023427843,Lower
AUS,2003,OECD,1999,10.390483745615766,30.3078930307289,19.91740928511313,Lower
AUS,2004,OECD,1999,10.203308331075617,30.28026653076149,20.07695819968588,Lower
AUS,2005,OECD,1999,10.274732021933,30.547630954647943,20.27289893271495,Lower
AUS,2006,OECD,1999,10.291337707105528,30.4674877846168,20.176150077511267,Lower
AUS,2007,OECD,1999,10.04573251392763,30.451655819367907,20.40592330544028,Lower
AUS,2008,OECD,1999,10.317248071361451,32.06282122664188,21.74557315528043,Lower
AUS,2009,OECD,1999,9.961427100803569,32.100397029376865,22.1389699285733,Lower
AUS,2010,OECD,1999,9.79291600660732,32.29906318216076,22.50614717555344,Lower
AUS,2011,OECD,1999,9.672067510131216,32.67048755943359,22.99842004930237,Lower
AUS,2012,OECD,1999,9.67424953705784,33.118279061297564,23.444029524239724,Lower
AUS,2013,OECD,1999,9.633947570969347,33.12921628107031,23.49526871010096,Lower
AUS,2014,OECD,1999,9.58117386441188,33.08942327189794,23.508249407486066,Lower
AUS,2015,OECD,1999,9.561175971042154,32.91884404047708,23.35766806943493,Lower
AUS,2016,OECD,1999,9.580021409118496,32.976853550853775,23.39683214173528,Lower
AUS,2017,OECD,1999,9.481055932426568,33.00544742527469,23.52439149284812,Lower
AUS,2018,OECD,1999,9.5497393247503,33.2161692137537,23.666429889003403,Lower
AUS,2019,OECD,1999,10.30438119952814,35.16736989076469,24.862988691236545,Moderate
AUS,2020,OECD,1999,10.45648325614836,35.49801671850919,25.041533462360828,Moderate
AUS,2021,OECD,1999,10.267739532319435,34.4190805853073,24.151341052987863,Lower
AUS,2022,OECD,1999,9.817175544963415,32.53282990812695,22.71565436316353,Lower
AUS,2023,OECD,1999,9.656525792304931,33.32486950591803,23.668343713613098,Lower
AUS,2024,OECD,1999,9.56827627653469,33.88855308603593,24.32027680950124,Lower
AUT,1995,Eurostat,2018,11.617039104424276,29.54642071604162,17.929381611617345,Lower
AUT,1996,Eurostat,2018,11.359388266878064,29.8867332949155,18.52734502803744,Lower
AUT,1997,Eurostat,2018,11.410936409500662,29.97793328200331,18.56699687250265,Lower
AUT,1998,Eurostat,2018,11.17608524102413,29.57590929170961,18.399824050685485,Lower
AUT,1999,Eurostat,2018,10.846081505566724,29.447335592933648,18.60125408736692,Lower
AUT,2000,Eurostat,2018,10.5997418980541,28.98596690808024,18.386225010026138,Lower
AUT,2001,Eurostat,2018,10.621400541738984,29.3171193223044,18.695718780565407,Lower
AUT,2002,Eurostat,2018,10.624456320667967,29.325121688987693,18.70066536831973,Lower
AUT,2003,Eurostat,2018,10.421799160907089,29.40643602795273,18.98463686704563,Lower
AUT,2004,Eurostat,2018,10.45081242494276,29.66508133475413,19.214268909811373,Lower
AUT,2005,Eurostat,2018,10.294286100308986,30.27766192417496,19.98337582386597,Lower
AUT,2006,Eurostat,2018,10.149425514887408,30.172274836618868,20.02284932173146,Lower
AUT,2007,Eurostat,2018,10.211412835594569,29.947633431296616,19.736220595702047,Lower
AUT,2008,Eurostat,2018,10.308933691079444,30.354254036959063,20.045320345879627,Lower
AUT,2009,Eurostat,2018,10.314692063442212,30.623017921555,20.30832585811279,Lower
AUT,2010,Eurostat,2018,10.149500732834278,30.644221023834262,20.494720290999982,Lower
AUT,2011,Eurostat,2018,10.099111352589182,30.565836606049995,20.46672525346081,Lower
AUT,2012,Eurostat,2018,10.21538047640231,30.911694358666963,20.69631388226465,Lower
AUT,2013,Eurostat,2018,10.394368008452853,31.543474092572417,21.149106084119563,Lower
AUT,2014,Eurostat,2018,10.395556226896913,31.65071122599915,21.25515499910224,Lower
AUT,2015,Eurostat,2018,10.35559048907232,31.696963468861178,21.34137297978886,Lower
AUT,2016,Eurostat,2018,10.09955619527408,31.549239410892387,21.449683215618307,Lower
AUT,2017,Eurostat,2018,10.136255822682102,31.61937659859327,21.483120775911164,Lower
AUT,2018,Eurostat,2018,10.075511177578454,31.55391032650991,21.47839914893145,Lower
AUT,2019,Eurostat,2018,10.013218185626991,31.76942724146104,21.75620905583405,Lower
AUT,2020,Eurostat,2018,11.752671375844956,36.2509078265012,24.49823645065624,Moderate
AUT,2021,Eurostat,2018,11.138085899918533,35.73708041807738,24.598994518158857,Moderate
AUT,2022,Eurostat,2018,10.19869748906887,32.97247648390574,22.773778994836867,Lower
AUT,2023,Eurostat,2018,10.301919912856402,33.46816167866773,23.16624176581133,Lower
AUT,2024,Eurostat,2018,10.206071159949548,32.92765644829952,22.72158528834997,Lower
BEL,1995,Eurostat,2018,14.814260907134608,36.039633940877735,21.22537303374313,Moderate
BEL,1996,Eurostat,2018,14.462226575723308,36.46086170511592,21.99863512939261,Moderate
BEL,1997,Eurostat,2018,14.186327334068508,36.10961951686317,21.92329218279466,Moderate
BEL,1998,Eurostat,2018,13.733219056378951,35.293015866379584,21.559796810000627,Moderate
BEL,1999,Eurostat,2018,13.587332268383644,35.12627979662019,21.53894752823654,Moderate
BEL,2000,Eurostat,2018,12.94375061461304,34.526655767528766,21.582905152915725,Lower
BEL,2001,Eurostat,2018,13.17370661427636,34.967479311781865,21.793772697505503,Lower
BEL,2002,Eurostat,2018,13.590924943556232,35.247196167330536,21.656271223774297,Moderate
BEL,2003,Eurostat,2018,13.951312005531646,35.76416316925507,21.812851163723423,Moderate
BEL,2004,Eurostat,2018,13.681591522886697,35.26877832567592,21.587186802789223,Moderate
BEL,2005,Eurostat,2018,13.245472633639768,35.181985763534215,21.93651312989445,Moderate
BEL,2006,Eurostat,2018,12.51040653816578,34.623744065890065,22.11333752772429,Lower
BEL,2007,Eurostat,2018,12.31178339968718,33.802178574158766,21.490395174471587,Lower
BEL,2008,Eurostat,2018,12.601455993716874,35.09366598583973,22.492209992122856,Moderate
BEL,2009,Eurostat,2018,12.751089829303565,35.74622720172192,22.99513737241836,Moderate
BEL,2010,Eurostat,2018,12.467308029725425,36.20100467134223,23.7336966416168,Moderate
BEL,2011,Eurostat,2018,12.10705191708334,36.58972724670591,24.482675329622563,Moderate
BEL,2012,Eurostat,2018,12.25477280419677,37.353166709552696,25.098393905355927,Moderate
BEL,2013,Eurostat,2018,12.299482975995996,37.29773678257204,24.99825380657604,Moderate
BEL,2014,Eurostat,2018,12.319180775937769,36.503308309732,24.184127533794232,Moderate
BEL,2015,Eurostat,2018,12.354697239977362,36.28290316494756,23.9282059249702,Moderate
BEL,2016,Eurostat,2018,12.233459785242898,36.12850704635084,23.895047261107944,Moderate
BEL,2017,Eurostat,2018,11.992854940692222,35.79498024876994,23.80212530807772,Moderate
BEL,2018,Eurostat,2018,11.879098002253206,35.61936780253087,23.740269800277662,Moderate
BEL,2019,Eurostat,2018,11.80053465865883,35.55148523142541,23.750950572766584,Moderate
BEL,2020,Eurostat,2018,13.025427893104572,38.3255245504175,25.300096657312928,Moderate
BEL,2021,Eurostat,2018,12.206620528641707,37.40023346952388,25.193612940882183,Moderate
BEL,2022,Eurostat,2018,10.986080328864116,37.100166041268935,26.11408571240481,Moderate
BEL,2023,Eurostat,2018,10.919618186471157,35.33381008203927,24.41419189556812,Moderate
BEL,2024,Eurostat,2018,10.987691912882704,35.150382313266185,24.16269040038348,Moderate
BGR,1995,Eurostat,2018,26.44218219785957,54.00678673975462,27.564604541895065,Higher
BGR,1996,Eurostat,2018,28.29314645444827,57.18018767074474,28.88704121629647,Higher
BGR,1997,Eurostat,2018,27.533366287691543,53.67956005931784,26.146193771626297,Higher
BGR,1998,Eurostat,2018,27.15715954627106,53.11844435790823,25.961284811637164,Higher
BGR,1999,Eurostat,2018,26.91438845604168,52.98626158314508,26.071873127103405,Higher
BGR,2000,Eurostat,2018,28.893979057591626,49.92463906076472,21.030660003173093,Higher
BGR,2001,Eurostat,2018,27.98048573174079,48.73608811524397,20.755602383503184,Higher
BGR,2002,Eurostat,2018,25.945667967283235,46.334873393956215,20.38920542667298,Higher
BGR,2003,Eurostat,2018,24.18273007432473,44.253429210224176,20.07069913589945,Moderate
BGR,2004,Eurostat,2018,23.91002814121288,42.25383107270036,18.343802931487485,Moderate
BGR,2005,Eurostat,2018,21.30076518991357,38.22432116064376,16.923555970730188,Moderate
BGR,2006,Eurostat,2018,17.734561547424356,35.35365146377273,17.619089916348376,Moderate
BGR,2007,Eurostat,2018,21.25090691818531,37.50032008877129,16.249413170585978,Moderate
BGR,2008,Eurostat,2018,20.36933058830869,37.721473579137815,17.35214299082912,Moderate
BGR,2009,Eurostat,2018,18.86246928771629,38.05186606026243,19.18939677254613,Moderate
BGR,2010,Eurostat,2018,19.61420888548391,38.583662664128106,18.9694537786442,Moderate
BGR,2011,Eurostat,2018,19.08994952142288,38.65488593852097,19.56493641709809,Moderate
BGR,2012,Eurostat,2018,18.495360350611406,37.66232009522779,19.16695974461638,Moderate
BGR,2013,Eurostat,2018,18.63016813769383,38.46878153470061,19.83861339700678,Moderate
BGR,2014,Eurostat,2018,19.201699044287587,38.98917969753125,19.787480653243662,Moderate
BGR,2015,Eurostat,2018,19.441568763650206,39.32495341397114,19.883384650320927,Moderate
BGR,2016,Eurostat,2018,19.6409431082642,38.79938952009497,19.158446411830766,Moderate
BGR,2017,Eurostat,2018,19.294626279297137,38.76565578647436,19.47102950717722,Moderate
BGR,2018,Eurostat,2018,19.210773779435726,39.155764022828485,19.94499024339276,Moderate
BGR,2019,Eurostat,2018,18.57241839053913,38.456572061455766,19.884153670916643,Moderate
BGR,2020,Eurostat,2018,20.77523364227723,40.81568926544305,20.040455623165816,Moderate
BGR,2021,Eurostat,2018,19.83450804838556,38.99561863034575,19.161110581960187,Moderate
BGR,2022,Eurostat,2018,20.760529614112635,39.20760920069814,18.447079586585502,Moderate
BGR,2023,Eurostat,2018,20.25226527737963,38.12040289798818,17.86813762060855,Moderate
BGR,2024,Eurostat,2018,20.14457503334041,36.774592906716535,16.630017873376126,Moderate
BIH,2000,Eurostat,2018,25.256303573304034,44.95269795361087,19.696394380306835,Moderate
BIH,2001,Eurostat,2018,26.22606417023712,45.50499612207556,19.27893195183844,Higher
BIH,2002,Eurostat,2018,27.40137130429256,45.752981633560935,18.35161032926838,Higher
BIH,2003,Eurostat,2018,28.518171474466232,46.03975637507529,17.521584900609064,Higher
BIH,2004,Eurostat,2018,28.73911232413412,45.411477988398914,16.672365664264795,Higher
BIH,2005,Eurostat,2018,28.14435486661361,44.40042443744738,16.256069570833766,Moderate
BIH,2006,Eurostat,2018,28.81163933106059,44.68579711701072,15.874157785950128,Moderate
BIH,2007,Eurostat,2018,29.026940048766527,44.22008114591457,15.193141097148049,Moderate
BIH,2008,Eurostat,2018,30.068592826592365,44.522334818180205,14.45374199158784,Moderate
BIH,2009,Eurostat,2018,29.524440383736867,44.99680219278208,15.472361809045228,Moderate
BIH,2010,Eurostat,2018,29.037482959223617,44.53952785238976,15.502044893166143,Moderate
BIH,2011,Eurostat,2018,29.450955557676128,44.657465321454296,15.206509763778165,Moderate
BIH,2012,Eurostat,2018,29.81865824970968,45.0163986030347,15.197740353325024,Higher
BIH,2013,Eurostat,2018,29.83704412653637,44.94593323930419,15.108889112767814,Moderate
BIH,2014,Eurostat,2018,29.112545181468587,43.81735958672367,14.704814405255082,Moderate
BIH,2015,Eurostat,2018,28.753959787291222,43.52305023738365,14.76909045009243,Moderate
BIH,2016,Eurostat,2018,28.169868472854954,42.97089047974868,14.801022006893728,Moderate
BIH,2017,Eurostat,2018,27.757004598752044,42.735573710923305,14.978569112171256,Moderate
BIH,2018,Eurostat,2018,27.1800508398394,42.19442272608809,15.014371886248693,Moderate
BIH,2019,Eurostat,2018,27.24959736523045,41.91599862470821,14.666401259477752,Moderate
BIH,2020,Eurostat,2018,29.865926232129347,45.75823044465069,15.892304212521353,Higher
BIH,2021,Eurostat,2018,28.62842910363513,43.45542165274329,14.826992549108152,Moderate
BIH,2022,Eurostat,2018,28.481536827322973,42.38727952517269,13.905742697849712,Moderate
BIH,2023,Eurostat,2018,29.09831983222552,42.579505775997376,13.48118594377186,Moderate
BIH,2024,Eurostat,2018,29.0245018300122,42.2890402602684,13.2645384302562,Moderate
CAN,1995,OECD,1999,10.464325460615804,35.45836351110248,24.994038050486672,Moderate
CAN,1996,OECD,1999,10.288808282931136,35.05669058790474,24.767882304973604,Moderate
CAN,1997,OECD,1999,9.993581246907372,33.943081756631884,23.949500509724512,Lower
CAN,1998,OECD,1999,9.908640905150785,33.347020089115986,23.438379183965203,Lower
CAN,1999,OECD,1999,9.711298849084598,32.76525791164311,23.05395906255852,Lower
CAN,2000,OECD,1999,9.569472784075996,32.3526174530738,22.783144668997807,Lower
CAN,2001,OECD,1999,9.694738481707674,32.406007229963464,22.711268748255787,Lower
CAN,2002,OECD,1999,9.533663530002388,31.888212713592143,22.35454918358976,Lower
CAN,2003,OECD,1999,9.5133911953424,32.1815370264381,22.668145831095703,Lower
CAN,2004,OECD,1999,9.42421840747361,32.055130237316334,22.630911829842727,Lower
CAN,2005,OECD,1999,9.256441665341978,31.855736618741844,22.599294953399863,Lower
CAN,2006,OECD,1999,9.163984893205116,31.718048811450693,22.554063918245586,Lower
CAN,2007,OECD,1999,9.033719144419187,31.718522414387284,22.684803269968096,Lower
CAN,2008,OECD,1999,9.148300293092705,32.31035517297085,23.16205487987815,Lower
CAN,2009,OECD,1999,9.677753708060822,33.44343213433896,23.765678426278143,Lower
CAN,2010,OECD,1999,9.44438958559626,33.04784788738576,23.60345830178949,Lower
CAN,2011,OECD,1999,9.350075844120871,33.019016782484115,23.66894093836324,Lower
CAN,2012,OECD,1999,9.325648720607834,33.1566157928173,23.830967072209457,Lower
CAN,2013,OECD,1999,9.24196210496603,33.289489675504655,24.04752757053863,Lower
CAN,2014,OECD,1999,9.208290287322765,33.33557921214571,24.12728892482296,Lower
CAN,2015,OECD,1999,9.270299628858512,33.50167466280438,24.231375033945863,Lower
CAN,2016,OECD,1999,9.19724776672448,33.43230762893754,24.235059862213056,Lower
CAN,2017,OECD,1999,9.078115120976667,32.99106236798388,23.912947247007217,Lower
CAN,2018,OECD,1999,9.037087488228796,32.87527559407611,23.838188105847312,Lower
CAN,2019,OECD,1999,9.082405400307367,33.321557010287925,24.23915160998055,Lower
CAN,2020,OECD,1999,10.52399368645037,37.084533675656445,26.56053998920608,Moderate
CAN,2021,OECD,1999,9.80977402536594,35.18901824965347,25.37924422428753,Moderate
CAN,2022,OECD,1999,9.43556650317625,33.70655565200167,24.27098914882541,Lower
CAN,2023,OECD,1999,9.587386002245603,34.11657078909286,24.529184786847257,Lower
CAN,2024,OECD,1999,9.46877230654876,34.998259720493415,25.52948741394465,Lower
CHE,1995,Eurostat,2018,9.87386188088669,33.193017379443354,23.31915549855666,Lower
CHE,1996,Eurostat,2018,9.617141552610695,33.246610934153736,23.629469381543046,Lower
CHE,1997,Eurostat,2018,9.46173808774515,32.636467254085325,23.17472916634017,Lower
CHE,1998,Eurostat,2018,9.402198444151251,32.153683401370174,22.75148495721892,Lower
CHE,1999,Eurostat,2018,9.32564372162416,31.96518372754048,22.639540005916324,Lower
CHE,2000,Eurostat,2018,9.22180908235015,31.87880794008925,22.6569988577391,Lower
CHE,2001,Eurostat,2018,9.443364310008576,32.33266518437187,22.88930087436329,Lower
CHE,2002,Eurostat,2018,9.618822710173555,32.93872098215975,23.3198982719862,Lower
CHE,2003,Eurostat,2018,9.667611992755614,33.009696408769315,23.34208441601369,Lower
CHE,2004,Eurostat,2018,9.429834315376082,32.846504567027424,23.41667025165134,Lower
CHE,2005,Eurostat,2018,9.3447902051049,33.055005888195886,23.71021568309099,Lower
CHE,2006,Eurostat,2018,9.255007874469827,32.99698065228346,23.74197277781363,Lower
CHE,2007,Eurostat,2018,9.072661183763811,32.47422186493371,23.40156068116989,Lower
CHE,2008,Eurostat,2018,9.294645256747826,33.37949683693922,24.08485158019139,Lower
CHE,2009,Eurostat,2018,9.421805079291254,33.583352235651866,24.16154715636061,Lower
CHE,2010,Eurostat,2018,9.099518010477276,33.53674972370669,24.43723171322941,Lower
CHE,2011,Eurostat,2018,8.944045542484933,33.641393589689486,24.69734804720456,Lower
CHE,2012,Eurostat,2018,8.714009658580482,33.71636044202692,25.00235078344644,Lower
CHE,2013,Eurostat,2018,8.83189279062219,33.86674463040791,25.03485183978572,Lower
CHE,2014,Eurostat,2018,8.980864059717213,34.11318259973466,25.13231854001745,Lower
CHE,2015,Eurostat,2018,8.959769521782611,34.260916811694266,25.30114728991165,Lower
CHE,2016,Eurostat,2018,8.987776179796688,34.66376775711968,25.67599157732299,Lower
CHE,2017,Eurostat,2018,8.933676188630402,34.41029350351507,25.47661731488467,Lower
CHE,2018,Eurostat,2018,9.003673041193592,34.50282064946266,25.49914760826907,Lower
CHE,2019,Eurostat,2018,9.093128181040864,34.91399471611965,25.820866535078785,Lower
CHE,2020,Eurostat,2018,10.20388728724687,37.56998983537647,27.3661025481296,Moderate
CHE,2021,Eurostat,2018,10.135753082083603,37.61863926479292,27.482886182709315,Moderate
CHE,2022,Eurostat,2018,9.05047242454884,35.48775271943212,26.43728029488328,Moderate
CHE,2023,Eurostat,2018,8.84357704781039,35.416630307460295,26.573053259649903,Moderate
CHE,2024,Eurostat,2018,8.85723670072297,35.82807016582744,26.97083346510447,Moderate
CHL,2018,OECD,1999,17.894738543199555,32.37900340364202,14.484264860442458,Lower
CHL,2019,OECD,1999,18.022640131017106,33.049740365474754,15.027100234457649,Lower
CHL,2020,OECD,1999,20.477479509535016,37.38318323723519,16.905703727700175,Moderate
CHL,2021,OECD,1999,19.65258190819544,35.078134555721064,15.425552647525626,Moderate
CHL,2022,OECD,1999,20.01050199781001,35.0848045914477,15.074302593637686,Moderate
CHL,2023,OECD,1999,21.198326939354363,36.73227296807361,15.533946028719248,Moderate
CHL,2024,OECD,1999,21.49090059748309,37.088788865936586,15.597888268453492,Moderate
COL,2005,OECD,1999,20.29566721711096,37.14537845229046,16.849711235179505,Moderate
COL,2006,OECD,1999,19.684975012843868,36.23565768374512,16.550682670901253,Moderate
COL,2007,OECD,1999,19.405312624285685,35.56506813472045,16.159755510434763,Moderate
COL,2008,OECD,1999,20.04450514292263,35.90909235613028,15.864587213207647,Moderate
COL,2009,OECD,1999,19.775851664600115,36.298460143567816,16.522608478967705,Moderate
COL,2010,OECD,1999,18.92722447269172,35.397122503142896,16.46989803045118,Moderate
COL,2011,OECD,1999,18.398246086001123,34.2991258086333,15.900879722632178,Lower
COL,2012,OECD,1999,17.828154322622243,33.79209505278792,15.963940730165676,Lower
COL,2013,OECD,1999,16.99844284463385,33.086963460767016,16.088520616133163,Lower
COL,2014,OECD,1999,16.710892954933477,32.76181425764263,16.050921302709146,Lower
COL,2015,OECD,1999,17.064924930893728,32.85483449461321,15.789909563719482,Lower
COL,2016,OECD,1999,18.25569783484828,34.10500994367237,15.849312108824096,Lower
COL,2017,OECD,1999,17.485310945732753,33.47900680968667,15.99369586395392,Lower
COL,2018,OECD,1999,17.666106402077197,33.873265740121575,16.207159338044374,Lower
COL,2019,OECD,1999,18.07498304952601,34.12537642582375,16.050393376297738,Lower
COL,2020,OECD,1999,21.381402183937045,38.40234215203749,17.02093996810044,Moderate
COL,2021,OECD,1999,21.470989769084323,36.50685300405818,15.035863234973853,Moderate
COL,2022,OECD,1999,22.794285393720664,35.97696205845504,13.182676664734371,Moderate
COL,2023,OECD,1999,22.55312656050602,36.12536758586251,13.572241025356488,Moderate
COL,2024,OECD,1999,22.585057551176813,36.56581400274538,13.98075645156857,Moderate
CRI,1995,OECD,1999,25.542274539950416,38.64621776205493,13.103943222104512,Moderate
CRI,1996,OECD,1999,25.434041306479845,39.44084182861848,14.006800522138631,Moderate
CRI,1997,OECD,1999,25.01381317734941,40.0080688646078,14.994255687258397,Moderate
CRI,1998,OECD,1999,24.23182844361056,40.16216702130151,15.93033857769095,Moderate
CRI,1999,OECD,1999,23.743147544475427,40.58523328612482,16.842085741649395,Moderate
CRI,2000,OECD,1999,23.52262548506758,40.31989147375364,16.797265988686057,Moderate
CRI,2001,OECD,1999,24.515222219796662,41.85941463538172,17.34419241558506,Moderate
CRI,2002,OECD,1999,24.957243656581504,41.57456408136451,16.617320424783,Moderate
CRI,2003,OECD,1999,24.602690812020107,40.86354393237858,16.260853120358476,Moderate
CRI,2004,OECD,1999,24.683726325490785,41.31781806118304,16.634091735692248,Moderate
CRI,2005,OECD,1999,25.057154743336447,41.23977733564714,16.182622592310693,Moderate
CRI,2006,OECD,1999,24.70839041313119,40.95665411071062,16.248263697579425,Moderate
CRI,2007,OECD,1999,25.169112498355044,40.90422597478436,15.735113476429314,Moderate
CRI,2008,OECD,1999,26.61233581448356,42.05961555229952,15.44727973781596,Moderate
CRI,2009,OECD,1999,25.98453263326675,42.34724340884235,16.362710775575604,Moderate
CRI,2010,OECD,1999,25.725113550975564,42.4231562400575,16.69804268908194,Moderate
CRI,2011,OECD,1999,24.9965754744624,41.62371836144288,16.627142886980486,Moderate
CRI,2012,OECD,1999,23.31285581989229,39.90282374302543,16.589967923133138,Moderate
CRI,2013,OECD,1999,23.08041905947372,39.54309971608955,16.462680656615827,Moderate
CRI,2014,OECD,1999,22.52331961871704,38.30364011473273,15.780320496015683,Moderate
CRI,2015,OECD,1999,22.49835208976342,38.26892239786196,15.770570308098542,Moderate
CRI,2016,OECD,1999,22.33286411071849,38.12878568038303,15.79592156966454,Moderate
CRI,2017,OECD,1999,21.94860934032951,37.14160459136605,15.192995251036535,Moderate
CRI,2018,OECD,1999,21.502686046787044,36.70615158254017,15.20346553575312,Moderate
CRI,2019,OECD,1999,21.5000203037082,36.62843659924814,15.128416295539948,Moderate
CRI,2020,OECD,1999,22.85033679004141,39.46370925331307,16.613372463271663,Moderate
CRI,2021,OECD,1999,22.26873968435228,37.880480478011584,15.61174079365931,Moderate
CYP,1995,Eurostat,2018,14.902514066191848,25.722007853269645,10.819493787077802,Lower
CYP,1996,Eurostat,2018,14.685636366623406,26.074027830258423,11.38839146363502,Lower
CYP,1997,Eurostat,2018,14.682040970214905,26.44841020485107,11.76636923463617,Lower
CYP,1998,Eurostat,2018,13.882263422057685,25.62372876395616,11.741465341898476,Lower
CYP,1999,Eurostat,2018,13.56384781164862,25.05252314406929,11.488675332420677,Lower
CYP,2000,Eurostat,2018,13.766628196561989,24.87153009779506,11.104901901233069,Lower
CYP,2001,Eurostat,2018,13.623014208121194,24.58469877195569,10.961684563834492,Lower
CYP,2002,Eurostat,2018,13.601646775626822,25.30680194823456,11.705155172607732,Lower
CYP,2003,Eurostat,2018,13.142212042595228,25.63203543089132,12.489823388296085,Lower
CYP,2004,Eurostat,2018,13.305515499238076,26.50057783368617,13.195062334448092,Lower
CYP,2005,Eurostat,2018,13.105303242102018,27.3809638577447,14.275660615642686,Lower
CYP,2006,Eurostat,2018,12.762635379061372,28.199458483754512,15.436823104693143,Lower
CYP,2007,Eurostat,2018,12.151622845896734,27.541618210355967,15.38999536445923,Lower
CYP,2008,Eurostat,2018,12.34432451666469,28.46711540742498,16.12279089076029,Lower
CYP,2009,Eurostat,2018,12.081895965231034,30.2547643249906,18.172868359759565,Lower
CYP,2010,Eurostat,2018,11.281665223773857,30.16674822147777,18.88508299770392,Lower
CYP,2011,Eurostat,2018,11.442042651965762,30.396053967793414,18.95401131582765,Lower
CYP,2012,Eurostat,2018,11.669042373979526,32.01661555296387,20.347573178984348,Lower
CYP,2013,Eurostat,2018,12.1580547112462,31.239530353447687,19.08147564220149,Lower
CYP,2014,Eurostat,2018,12.432639901742537,28.83703078222154,16.404390880479006,Lower
CYP,2015,Eurostat,2018,12.469982197644027,28.21559789401917,15.745615696375136,Lower
CYP,2016,Eurostat,2018,12.208634600521515,27.28487536386816,15.076240763346648,Lower
CYP,2017,Eurostat,2018,11.92811573612382,26.53788882665537,14.609773090531547,Lower
CYP,2018,Eurostat,2018,11.367972097146124,26.85713918668063,15.489167089534504,Lower
CYP,2019,Eurostat,2018,11.398639135100266,27.698004602378106,16.299365467277838,Lower
CYP,2020,Eurostat,2018,14.063379238856804,34.31289797127203,20.249518732415225,Lower
CYP,2021,Eurostat,2018,12.530280534500276,32.09411059883827,19.563830064338,Lower
CYP,2022,Eurostat,2018,12.113233466343951,30.963672837487188,18.850439371143235,Lower
CYP,2023,Eurostat,2018,12.159006186646126,29.94326850439188,17.78426231774575,Lower
CYP,2024,Eurostat,2018,12.450144312948936,30.22025238419937,17.77010807125043,Lower
CZE,1995,Eurostat,2018,18.73144095061992,39.27441862770857,20.54297767708865,Moderate
CZE,1996,Eurostat,2018,18.350598323032614,38.231701207305655,19.881102884273048,Moderate
CZE,1997,Eurostat,2018,17.811093108837888,38.45415889067005,20.64306578183216,Moderate
CZE,1998,Eurostat,2018,17.81528219308365,40.08841374816171,22.273131555078063,Moderate
CZE,1999,Eurostat,2018,17.5923155034902,40.19532353297198,22.60300802948178,Moderate
CZE,2000,Eurostat,2018,17.362792736020165,40.406367658207806,23.04357492218764,Moderate
CZE,2001,Eurostat,2018,17.113398041067235,40.64751735760836,23.534119316541123,Moderate
CZE,2002,Eurostat,2018,16.92151303154509,41.63414377357532,24.71263074203023,Moderate
CZE,2003,Eurostat,2018,16.118036584884262,41.069210320476266,24.951173735592008,Moderate
CZE,2004,Eurostat,2018,15.719303816825686,40.6485362999944,24.92923248316872,Moderate
CZE,2005,Eurostat,2018,15.077379229213264,40.02607273444717,24.94869350523391,Moderate
CZE,2006,Eurostat,2018,14.586846055124225,39.78158151462585,25.194735459501626,Moderate
CZE,2007,Eurostat,2018,14.524366857710136,39.8435486889608,25.31918183125066,Moderate
CZE,2008,Eurostat,2018,14.398107726900337,40.42585287139847,26.02774514449813,Moderate
CZE,2009,Eurostat,2018,14.368706858177584,42.18502315332354,27.81631629514596,Moderate
CZE,2010,Eurostat,2018,13.964384904743628,44.04180081892361,30.077415914179976,Moderate
CZE,2011,Eurostat,2018,14.487770162864964,44.02033507938966,29.532564916524706,Moderate
CZE,2012,Eurostat,2018,15.164261803938372,44.64013517602768,29.475873372089307,Moderate
CZE,2013,Eurostat,2018,15.377995621453575,44.82404540907457,29.446049787621,Moderate
CZE,2014,Eurostat,2018,15.788428080904238,44.30484882621937,28.51642074531513,Moderate
CZE,2015,Eurostat,2018,15.447764283893124,44.02945361752573,28.581689333632603,Moderate
CZE,2016,Eurostat,2018,15.325358917489096,43.85718912470525,28.53183020721616,Moderate
CZE,2017,Eurostat,2018,15.289459741859517,43.838503563995616,28.5490438221361,Moderate
CZE,2018,Eurostat,2018,14.850572207004738,44.11467475328842,29.26410254628368,Moderate
CZE,2019,Eurostat,2018,14.7263063502921,44.23243924680856,29.50613289651646,Moderate
CZE,2020,Eurostat,2018,16.19419086711547,49.55498414462824,33.360793277512755,Higher
CZE,2021,Eurostat,2018,15.031550424877253,48.75296514471123,33.72141471983399,Higher
CZE,2022,Eurostat,2018,14.614509343168846,47.467422019649455,32.85291267648061,Higher
CZE,2023,Eurostat,2018,14.335140259057368,46.20866998808472,31.87352972902735,Higher
CZE,2024,Eurostat,2018,13.844555730194294,45.72458762498746,31.880031894793166,Higher
DEU,1995,Eurostat,2018,11.28677923816599,34.165734750508,22.878955512342014,Lower
DEU,1996,Eurostat,2018,10.991906279983905,34.49329134296945,23.50138506298555,Lower
DEU,1997,Eurostat,2018,10.76728463203976,34.64885890396032,23.88157427192056,Lower
DEU,1998,Eurostat,2018,10.753964635986597,34.56234102847021,23.808376392483613,Lower
DEU,1999,Eurostat,2018,10.666338572954002,34.09995303110993,23.43361445815593,Lower
DEU,2000,Eurostat,2018,10.690210177569217,34.162651588786346,23.472441411217133,Lower
DEU,2001,Eurostat,2018,10.782138188892604,34.479587804359056,23.697449615466457,Lower
DEU,2002,Eurostat,2018,10.669001030210872,34.381509430488386,23.71250840027752,Lower
DEU,2003,Eurostat,2018,10.5223422287366,34.43667450029888,23.91433227156228,Lower
DEU,2004,Eurostat,2018,10.64450293490377,34.6077022699596,23.96319933505584,Lower
DEU,2005,Eurostat,2018,10.707672743554896,34.886930847493375,24.17925810393848,Lower
DEU,2006,Eurostat,2018,10.60607336125701,34.915742999119125,24.309669637862115,Lower
DEU,2007,Eurostat,2018,10.73888571637087,34.8085165932724,24.06963087690153,Lower
DEU,2008,Eurostat,2018,10.93111168797456,35.68258514799497,24.751473460020414,Moderate
DEU,2009,Eurostat,2018,10.489078134729349,35.236092109335544,24.7470139746062,Moderate
DEU,2010,Eurostat,2018,10.19229676984276,34.997336301146795,24.80503953130404,Lower
DEU,2011,Eurostat,2018,9.752277983670968,34.17595508122718,24.42367709755622,Lower
DEU,2012,Eurostat,2018,9.789339968978494,34.43346416080181,24.64412419182332,Lower
DEU,2013,Eurostat,2018,9.794138032148854,34.94575213925839,25.151614107109538,Lower
DEU,2014,Eurostat,2018,9.945895402118472,34.699741946658555,24.753846544540085,Lower
DEU,2015,Eurostat,2018,10.152977260307724,34.68802810005591,24.535050839748184,Lower
DEU,2016,Eurostat,2018,10.03780258757579,34.32962411135137,24.29182152377558,Lower
DEU,2017,Eurostat,2018,10.05411997413998,34.27228989770359,24.21816992356361,Lower
DEU,2018,Eurostat,2018,10.12979157047915,34.33628034704266,24.20648877656351,Lower
DEU,2019,Eurostat,2018,10.099463533265642,34.37454176223374,24.2750782289681,Lower
DEU,2020,Eurostat,2018,11.437466641910625,37.740258273824736,26.302791631914108,Moderate
DEU,2021,Eurostat,2018,11.301011741504604,37.64341290819751,26.34240116669291,Moderate
DEU,2022,Eurostat,2018,10.96859054714949,35.74926777975914,24.780677232609648,Moderate
DEU,2023,Eurostat,2018,10.971900260499808,35.79234972677596,24.82044946627615,Moderate
DEU,2024,Eurostat,2018,11.479819868097652,36.06596989865909,24.58615003056144,Moderate
DNK,1995,Eurostat,2018,13.010160304510435,38.86984646603239,25.85968616152196,Moderate
DNK,1996,Eurostat,2018,12.768555448009316,38.86185220644724,26.09329675843793,Moderate
DNK,1997,Eurostat,2018,12.684551091938529,38.29670171654534,25.612150624606816,Moderate
DNK,1998,Eurostat,2018,12.45007275520841,38.01799786944776,25.567925114239355,Moderate
DNK,1999,Eurostat,2018,12.025160316624593,37.73772439615868,25.712564079534094,Moderate
DNK,2000,Eurostat,2018,11.981721515982494,37.90797927140873,25.926257755426228,Moderate
DNK,2001,Eurostat,2018,12.094854074339477,38.618887405054274,26.5240333307148,Moderate
DNK,2002,Eurostat,2018,11.89985353446574,38.557291317507065,26.65743778304132,Moderate
DNK,2003,Eurostat,2018,11.705055464572297,38.88265815805912,27.17760269348683,Moderate
DNK,2004,Eurostat,2018,11.36577993964713,37.92662684631389,26.56084690666675,Moderate
DNK,2005,Eurostat,2018,10.936278473555069,37.380808530114514,26.444530056559444,Moderate
DNK,2006,Eurostat,2018,10.78562911670714,36.87862499333108,26.09299587662393,Moderate
DNK,2007,Eurostat,2018,10.820324250768312,36.77685241406858,25.95652816330027,Moderate
DNK,2008,Eurostat,2018,11.288027958597963,37.71996954198873,26.431941583390767,Moderate
DNK,2009,Eurostat,2018,11.306838910969017,39.60659473068547,28.29975581971646,Moderate
DNK,2010,Eurostat,2018,11.2218011892387,40.83898528939472,29.61718410015602,Moderate
DNK,2011,Eurostat,2018,11.20334996407367,40.85616230492696,29.65281234085329,Moderate
DNK,2012,Eurostat,2018,11.403830729662632,41.30388869926519,29.90005796960255,Moderate
DNK,2013,Eurostat,2018,11.409479222012594,41.63563998679828,30.22616076478568,Moderate
DNK,2014,Eurostat,2018,11.4130133377321,41.64613951998691,30.23312618225481,Moderate
DNK,2015,Eurostat,2018,11.302157770604236,41.22711299821123,29.924955227607004,Moderate
DNK,2016,Eurostat,2018,11.461008743230977,40.90934701936803,29.44833827613705,Moderate
DNK,2017,Eurostat,2018,11.4697067807803,40.32536259244221,28.85565581166191,Moderate
DNK,2018,Eurostat,2018,11.317891155037774,39.9950547676428,28.677163612605018,Moderate
DNK,2019,Eurostat,2018,11.299609446821764,39.94598402050394,28.64637457368218,Moderate
DNK,2020,Eurostat,2018,12.261137927148347,42.16052356372415,29.899385636575804,Moderate
DNK,2021,Eurostat,2018,12.04461695755571,41.21426170566007,29.16964474810436,Moderate
DNK,2022,Eurostat,2018,11.96633065369746,41.34338013533512,29.377049481637663,Moderate
DNK,2023,Eurostat,2018,12.114360776113578,40.819320559752015,28.70495978363844,Moderate
DNK,2024,Eurostat,2018,11.87252479557587,40.82149002001225,28.948965224436385,Moderate
ESP,1995,Eurostat,2018,16.745363788254583,31.09487586610074,14.349512077846155,Lower
ESP,1996,Eurostat,2018,16.42454914352019,31.164327435542766,14.739778292022576,Lower
ESP,1997,Eurostat,2018,15.723402546535118,30.69124651720239,14.967843970667277,Lower
ESP,1998,Eurostat,2018,14.937020254471822,30.04316621895252,15.1061459644807,Lower
ESP,1999,Eurostat,2018,14.325185053015188,29.51656420488032,15.191379151865128,Lower
ESP,2000,Eurostat,2018,14.092906621645106,29.31697991409489,15.224073292449786,Lower
ESP,2001,Eurostat,2018,14.02833217382059,29.31933905462345,15.29100688080286,Lower
ESP,2002,Eurostat,2018,14.145966990184789,30.24313209409442,16.09716510390963,Lower
ESP,2003,Eurostat,2018,13.967394686080516,30.679484786260968,16.71209010018045,Lower
ESP,2004,Eurostat,2018,13.417597317562166,30.421371427246985,17.003774109684823,Lower
ESP,2005,Eurostat,2018,12.985895152707975,30.528270017880903,17.54237486517293,Lower
ESP,2006,Eurostat,2018,12.696394636117878,30.930482321137013,18.234087685019137,Lower
ESP,2007,Eurostat,2018,12.378595479274388,31.29723465084585,18.918639171571463,Lower
ESP,2008,Eurostat,2018,12.542371847557416,32.567196451362534,20.024824603805115,Lower
ESP,2009,Eurostat,2018,12.488955709398953,34.61604214165771,22.12708643225876,Lower
ESP,2010,Eurostat,2018,12.495145706777295,35.176119216762714,22.680973509985417,Moderate
ESP,2011,Eurostat,2018,12.645284730116725,36.09335495132845,23.44807022121173,Moderate
ESP,2012,Eurostat,2018,12.889119350099389,37.0349070167582,24.14578766665881,Moderate
ESP,2013,Eurostat,2018,13.299605583982416,38.12442527722864,24.824819693246223,Moderate
ESP,2014,Eurostat,2018,13.135775133394246,37.47839665857836,24.34262152518411,Moderate
ESP,2015,Eurostat,2018,13.095671487002836,36.67565062301341,23.57997913601057,Moderate
ESP,2016,Eurostat,2018,12.734504876990876,35.70721178826947,22.972706911278586,Moderate
ESP,2017,Eurostat,2018,12.272245673160915,34.7172831226506,22.44503744948968,Lower
ESP,2018,Eurostat,2018,12.405943110785554,34.755472587182844,22.34952947639729,Lower
ESP,2019,Eurostat,2018,12.411082896241457,34.83845943232637,22.427376536084907,Lower
ESP,2020,Eurostat,2018,15.659284714267532,41.833874252259136,26.1745895379916,Moderate
ESP,2021,Eurostat,2018,14.014401970463172,38.878566183391605,24.86416421292844,Moderate
ESP,2022,Eurostat,2018,12.948633612398533,35.83227128782328,22.883637675424744,Moderate
ESP,2023,Eurostat,2018,12.809227517925311,34.260640155009725,21.45141263708441,Lower
ESP,2024,Eurostat,2018,12.38574485162245,33.24146047556103,20.85571562393857,Lower
EST,1995,Eurostat,2018,27.90791832957372,49.81780322748568,21.909884897911965,Higher
EST,1996,Eurostat,2018,24.786073825503355,45.31040268456376,20.524328859060404,Higher
EST,1997,Eurostat,2018,24.1107931316435,46.29667484328156,22.18588171163805,Higher
EST,1998,Eurostat,2018,22.15657768566921,44.71527111880974,22.55869343314052,Moderate
EST,1999,Eurostat,2018,21.3927037328332,44.14362635368141,22.750922620848204,Moderate
EST,2000,Eurostat,2018,20.79872380218934,42.46658232025964,21.6678585180703,Moderate
EST,2001,Eurostat,2018,20.346730858073773,41.73170909621417,21.384978238140395,Moderate
EST,2002,Eurostat,2018,20.005230695464547,40.389686812109055,20.384456116644508,Moderate
EST,2003,Eurostat,2018,19.250902169171592,39.13233136376254,19.88142919459096,Moderate
EST,2004,Eurostat,2018,19.337210117004133,38.53429552301548,19.19708540601135,Moderate
EST,2005,Eurostat,2018,18.91333508071355,36.79520189950508,17.881866818791533,Moderate
EST,2006,Eurostat,2018,17.85643714349699,35.56928508384819,17.7128479403512,Moderate
EST,2007,Eurostat,2018,17.190770885047872,35.22232009059815,18.03154920555028,Moderate
EST,2008,Eurostat,2018,19.699664317631104,37.57975235088811,17.880088033257007,Moderate
EST,2009,Eurostat,2018,20.27344253837224,40.53785631368502,20.264413775312786,Moderate
EST,2010,Eurostat,2018,19.82103472178461,40.77509609931313,20.954061377528514,Moderate
EST,2011,Eurostat,2018,19.862331100655897,40.38403597005586,20.52170486939996,Moderate
EST,2012,Eurostat,2018,19.2382617119631,40.33085176956205,21.092590057598954,Moderate
EST,2013,Eurostat,2018,19.75565655084787,40.87865904315105,21.12300249230318,Moderate
EST,2014,Eurostat,2018,20.26268334851555,41.1918350653455,20.92915171682995,Moderate
EST,2015,Eurostat,2018,19.92627868808352,40.83640505466319,20.91012636657967,Moderate
EST,2016,Eurostat,2018,19.47424663389613,40.520624064971145,21.04637743107501,Moderate
EST,2017,Eurostat,2018,19.24313430687289,40.290462404632045,21.047328097759152,Moderate
EST,2018,Eurostat,2018,18.855802873520435,39.94416734906574,21.0883644755453,Moderate
EST,2019,Eurostat,2018,18.60515577207092,40.02337805962106,21.418222287550133,Moderate
EST,2020,Eurostat,2018,20.42634216804185,42.30519504205788,21.87885287401604,Moderate
EST,2021,Eurostat,2018,19.243640356610623,41.40500405239352,22.161363695782896,Moderate
EST,2022,Eurostat,2018,18.449565166263103,42.33040949738886,23.88084433112576,Moderate
EST,2023,Eurostat,2018,19.072334242321705,43.39009534425446,24.317761101932764,Moderate
EST,2024,Eurostat,2018,18.626079683917578,43.58342105389647,24.9573413699789,Moderate
FIN,1995,Eurostat,2018,15.319896640826874,39.89664082687339,24.57674418604651,Moderate
FIN,1996,Eurostat,2018,13.939453702790653,38.72201952470171,24.782565821911053,Moderate
FIN,1997,Eurostat,2018,13.395052529617764,38.61113180836004,25.21607927874227,Moderate
FIN,1998,Eurostat,2018,12.856692140503402,37.70595246441842,24.849260323915026,Moderate
FIN,1999,Eurostat,2018,12.845786963434024,37.73408083005606,24.888293866622043,Moderate
FIN,2000,Eurostat,2018,12.596208892564087,37.03803829272947,24.441829400165386,Moderate
FIN,2001,Eurostat,2018,12.75728858574274,37.13557071286292,24.37828212712018,Moderate
FIN,2002,Eurostat,2018,12.510698794481598,37.1737774360611,24.663078641579503,Moderate
FIN,2003,Eurostat,2018,12.435519783152856,37.08390380173975,24.648384018586896,Moderate
FIN,2004,Eurostat,2018,12.177343052464652,36.683946109460166,24.50660305699551,Moderate
FIN,2005,Eurostat,2018,11.994936579378068,36.26355360065466,24.2686170212766,Moderate
FIN,2006,Eurostat,2018,11.87812454496918,35.88191040139785,24.003785856428674,Moderate
FIN,2007,Eurostat,2018,11.983128198036232,35.67510256764855,23.69197436961232,Moderate
FIN,2008,Eurostat,2018,12.345935314685317,36.10249125874126,23.756555944055943,Moderate
FIN,2009,Eurostat,2018,12.750631798091804,38.22628948042261,25.475657682330805,Moderate
FIN,2010,Eurostat,2018,12.104457298400815,37.82217591017353,25.71771861177271,Moderate
FIN,2011,Eurostat,2018,12.138808928553642,37.5011205514109,25.36231162285726,Moderate
FIN,2012,Eurostat,2018,12.281276497340633,38.19663917366839,25.91536267632776,Moderate
FIN,2013,Eurostat,2018,12.580306370577826,39.18288563615892,26.60257926558109,Moderate
FIN,2014,Eurostat,2018,12.525611891368326,39.775732965763886,27.25012107439556,Moderate
FIN,2015,Eurostat,2018,12.145049532246505,40.17625760444045,28.031208072193937,Moderate
FIN,2016,Eurostat,2018,11.850953984287315,40.32053872053872,28.4695847362514,Moderate
FIN,2017,Eurostat,2018,11.648007322912266,40.45732995352767,28.80932263061541,Moderate
FIN,2018,Eurostat,2018,11.559689551012724,40.48929087906352,28.9296013280508,Moderate
FIN,2019,Eurostat,2018,11.387795606687522,40.66000605510142,29.272210448413897,Moderate
FIN,2020,Eurostat,2018,12.659672725371626,43.743791715316384,31.08411898994476,Moderate
FIN,2021,Eurostat,2018,12.34630048358613,43.02183564673456,30.675535163148425,Moderate
FIN,2022,Eurostat,2018,12.212070618062642,42.52620350616826,30.31413288810561,Moderate
FIN,2023,Eurostat,2018,12.556780587172604,42.34214810904847,29.785367521875862,Moderate
FIN,2024,Eurostat,2018,12.50467605055269,41.88934447272487,29.384668422172183,Moderate
FRA,1995,Eurostat,2018,13.007685809865158,37.93977562112864,24.932089811263484,Moderate
FRA,1996,Eurostat,2018,12.728154694544196,37.91160921818194,25.18345452363775,Moderate
FRA,1997,Eurostat,2018,12.794968213390206,38.10401310099154,25.309044887601328,Moderate
FRA,1998,Eurostat,2018,12.592395438767202,37.8037596784284,25.2113642396612,Moderate
FRA,1999,Eurostat,2018,12.422599730268058,37.43696957366821,25.01436984340016,Moderate
FRA,2000,Eurostat,2018,12.202792833269775,36.51208455540113,24.30929172213136,Moderate
FRA,2001,Eurostat,2018,12.366075793594748,36.6870598204665,24.320984026871752,Moderate
FRA,2002,Eurostat,2018,12.46468451016487,36.9303213104509,24.465636800286024,Moderate
FRA,2003,Eurostat,2018,12.554190596176126,37.47141062004427,24.91722002386814,Moderate
FRA,2004,Eurostat,2018,12.22537460876554,37.287873768312295,25.06249915954676,Moderate
FRA,2005,Eurostat,2018,11.93470800523221,37.41329609296989,25.47858808773768,Moderate
FRA,2006,Eurostat,2018,11.698525065759762,37.50625586718152,25.80773080142175,Moderate
FRA,2007,Eurostat,2018,11.508512669412148,37.2715525539662,25.763039884554058,Moderate
FRA,2008,Eurostat,2018,11.703527989242009,37.724727565853165,26.02119957661116,Moderate
FRA,2009,Eurostat,2018,11.935388195394664,38.94512546492995,27.009737269535293,Moderate
FRA,2010,Eurostat,2018,11.973783823658716,39.15858316555318,27.184799341894472,Moderate
FRA,2011,Eurostat,2018,12.028406798644191,39.10899513831501,27.08058833967081,Moderate
FRA,2012,Eurostat,2018,12.291316611798338,40.0201255926428,27.72880898084446,Moderate
FRA,2013,Eurostat,2018,12.40921098150938,40.62841786346131,28.21920688195193,Moderate
FRA,2014,Eurostat,2018,12.324607844686652,40.57762243165268,28.253014586966025,Moderate
FRA,2015,Eurostat,2018,12.28415057965998,40.57729377493074,28.29314319527076,Moderate
FRA,2016,Eurostat,2018,12.316079874998575,40.62051293979663,28.30443306479805,Moderate
FRA,2017,Eurostat,2018,12.240003442150444,40.30621376964636,28.06621032749591,Moderate
FRA,2018,Eurostat,2018,12.057452244344448,39.98886701660181,27.931414772257355,Moderate
FRA,2019,Eurostat,2018,12.031515820419743,40.01345076156597,27.981934941146225,Moderate
FRA,2020,Eurostat,2018,13.617411771581208,43.78228383527303,30.16487206369182,Moderate
FRA,2021,Eurostat,2018,12.772226221363606,42.32011592414396,29.547889702780367,Moderate
FRA,2022,Eurostat,2018,12.26685758501986,40.16402304030843,27.89716545528856,Moderate
FRA,2023,Eurostat,2018,12.365825948071093,39.359673023612814,26.993847075541726,Moderate
FRA,2024,Eurostat,2018,12.168206595664056,39.6213182504019,27.45311165473784,Moderate
GBR,1995,OECD,1999,9.447650703669554,36.52536359738491,27.07771289371535,Moderate
GBR,1996,OECD,1999,9.396676869106413,35.942647082226,26.545970213119595,Moderate
GBR,1997,OECD,1999,8.85631750317662,34.84950762388818,25.993190120711564,Lower
GBR,1998,OECD,1999,8.728068659277394,34.24573157893083,25.517662919653432,Lower
GBR,1999,OECD,1999,8.564130364594986,33.892962636484725,25.32883227188974,Lower
GBR,2000,OECD,1999,8.194854667399923,33.28011004584765,25.08525537844773,Lower
GBR,2001,OECD,1999,8.158253034386952,33.194366805218095,25.036113770831143,Lower
GBR,2002,OECD,1999,8.093016283471059,33.10111385045333,25.008097566982272,Lower
GBR,2003,OECD,1999,8.174318572156228,32.85289758809481,24.67857901593859,Lower
GBR,2004,OECD,1999,8.067382378643858,32.72014489994191,24.652762521298047,Lower
GBR,2005,OECD,1999,7.920121689977738,32.75893266775858,24.83881097778084,Lower
GBR,2006,OECD,1999,7.854440580583236,33.273052602711395,25.41861202212816,Lower
GBR,2007,OECD,1999,7.869833964456325,33.09017323817006,25.220339273713737,Lower
GBR,2008,OECD,1999,8.214761687925334,34.10893343350489,25.89417174557955,Lower
GBR,2009,OECD,1999,8.747939073458683,35.76390965239751,27.015970578938823,Moderate
GBR,2010,OECD,1999,8.73591729348113,35.539658386117715,26.80374109263657,Moderate
GBR,2011,OECD,1999,8.959450467144702,35.30088137319555,26.34143090605085,Moderate
GBR,2012,OECD,1999,9.043884116679717,35.83706803636621,26.7931839196865,Moderate
GBR,2013,OECD,1999,9.096732336708213,35.83436894623341,26.7376366095252,Moderate
GBR,2014,OECD,1999,8.88526145995146,35.164492986889506,26.279231526938045,Moderate
GBR,2015,OECD,1999,8.643005263724747,35.23242276650705,26.589417502782304,Moderate
GBR,2016,OECD,1999,8.585916791517805,35.127102954987386,26.54118616346957,Moderate
GBR,2017,OECD,1999,8.703958225263248,34.77696684945204,26.073008624188788,Lower
GBR,2018,OECD,1999,8.751724665114121,34.61137041530466,25.85964575019053,Lower
GBR,2019,OECD,1999,8.53316384704451,34.37768960175136,25.844525754706847,Lower
GBR,2020,OECD,1999,10.147425137291473,39.70307740130556,29.555652264014093,Moderate
GBR,2021,OECD,1999,9.446764170221329,37.21320607122534,27.76644190100401,Moderate
GBR,2022,OECD,1999,8.993726783106036,35.14368160428535,26.14995482117931,Moderate
GBR,2023,OECD,1999,9.075906884489736,35.68706409043746,26.611157205947723,Moderate
GBR,2024,OECD,1999,9.06616765529454,36.20599699955034,27.139829344255805,Moderate
GRC,1995,Eurostat,2018,16.31409190048427,34.703738617179894,18.389646716695623,Lower
GRC,1996,Eurostat,2018,14.611733263490803,33.20843348555063,18.59670022205982,Lower
GRC,1997,Eurostat,2018,15.381032531228984,33.60505431654814,18.22402178531916,Lower
GRC,1998,Eurostat,2018,15.023239501443076,33.20842611073631,18.18518660929324,Lower
GRC,1999,Eurostat,2018,15.750085875603215,32.791585191377536,17.04149931577432,Lower
GRC,2000,Eurostat,2018,15.20583974668507,31.83561450663841,16.629774759953335,Lower
GRC,2001,Eurostat,2018,16.331504102758963,32.8006668885701,16.46916278581114,Lower
GRC,2002,Eurostat,2018,16.385797054843646,33.603001884307496,17.217204829463846,Lower
GRC,2003,Eurostat,2018,17.06061872874249,34.087657902346244,17.027039173603757,Lower
GRC,2004,Eurostat,2018,16.067284146088188,33.11416999188995,17.046885845801768,Lower
GRC,2005,Eurostat,2018,15.529713743652696,33.48823540353031,17.95852165987761,Lower
GRC,2006,Eurostat,2018,14.664280079662952,32.385820560258374,17.72154048059542,Lower
GRC,2007,Eurostat,2018,14.913777650541933,32.52686671731296,17.613089066771025,Lower
GRC,2008,Eurostat,2018,14.60858186322904,33.29301933297059,18.684437469741543,Lower
GRC,2009,Eurostat,2018,15.00232494299688,34.78058700608967,19.77826206309279,Lower
GRC,2010,Eurostat,2018,15.297506182414851,36.0581429565292,20.760636774114342,Moderate
GRC,2011,Eurostat,2018,15.859283713730338,38.49892471363104,22.6396409999007,Moderate
GRC,2012,Eurostat,2018,16.257138493976036,39.27840808910051,23.02126959512447,Moderate
GRC,2013,Eurostat,2018,15.953836538366147,38.10652883461146,22.15269229624531,Moderate
GRC,2014,Eurostat,2018,15.823326421342577,37.13263284949398,21.3093064281514,Moderate
GRC,2015,Eurostat,2018,15.86354345141008,37.41764140990298,21.554097958492903,Moderate
GRC,2016,Eurostat,2018,15.525524085488804,37.49871273110899,21.97318864562018,Moderate
GRC,2017,Eurostat,2018,15.84954463237634,37.21316072523218,21.36361609285584,Moderate
GRC,2018,Eurostat,2018,15.473908655188769,36.102757232081146,20.628848576892377,Moderate
GRC,2019,Eurostat,2018,15.533541758321944,36.33197524120836,20.79843348288641,Moderate
GRC,2020,Eurostat,2018,19.0575828102358,44.6294069561348,25.571824145899008,Moderate
GRC,2021,Eurostat,2018,17.36586516750934,41.954615025686,24.58874985817665,Moderate
GRC,2022,Eurostat,2018,16.37596747590895,38.862345352516456,22.486377876607506,Moderate
GRC,2023,Eurostat,2018,15.688691515414272,37.409863726374745,21.721172210960475,Moderate
GRC,2024,Eurostat,2018,15.826170812798908,37.60679304100158,21.780622228202667,Moderate
HRV,1995,Eurostat,2018,26.083453178707305,48.0299460440827,21.9464928653754,Higher
HRV,1996,Eurostat,2018,25.917651119975453,47.92018257134091,22.00253145136545,Higher
HRV,1997,Eurostat,2018,25.549501578849608,46.853909974614574,21.30440839576497,Higher
HRV,1998,Eurostat,2018,23.557510735617072,43.31174553440293,19.75423479878586,Moderate
HRV,1999,Eurostat,2018,22.9828604446475,44.2033902860176,21.22052984137009,Moderate
HRV,2000,Eurostat,2018,22.748929643294943,42.46945935663862,19.72052971334368,Moderate
HRV,2001,Eurostat,2018,22.834766666136783,41.40927612719305,18.57450946105627,Moderate
HRV,2002,Eurostat,2018,22.02207936072108,39.708291121862544,17.68621176114146,Moderate
HRV,2003,Eurostat,2018,20.947732446156543,38.03974785501663,17.092015408860096,Moderate
HRV,2004,Eurostat,2018,20.45413395223281,36.97759781409972,16.5234638618669,Moderate
HRV,2005,Eurostat,2018,19.190680099801984,35.12605869235166,15.935378592549682,Moderate
HRV,2006,Eurostat,2018,19.03469444306289,34.612733848219804,15.578039405156918,Lower
HRV,2007,Eurostat,2018,19.31303464324342,35.74776310183213,16.434728458588705,Moderate
HRV,2008,Eurostat,2018,19.0759818721904,35.38826572001927,16.31228384782887,Moderate
HRV,2009,Eurostat,2018,18.363013653604696,36.05715187252253,17.694138218917836,Moderate
HRV,2010,Eurostat,2018,18.391533071067823,36.1959241575432,17.804391086475373,Moderate
HRV,2011,Eurostat,2018,18.373012109140348,36.35650826772899,17.98349615858864,Moderate
HRV,2012,Eurostat,2018,18.70662986728936,36.88203953310527,18.17540966581592,Moderate
HRV,2013,Eurostat,2018,18.71377217205264,37.16757469462896,18.45380252257631,Moderate
HRV,2014,Eurostat,2018,19.04639037391088,37.34231583716957,18.295925463258687,Moderate
HRV,2015,Eurostat,2018,18.92231776763616,37.04806899044924,18.125751222813072,Moderate
HRV,2016,Eurostat,2018,18.737988468930176,36.36350155408452,17.62551308515434,Moderate
HRV,2017,Eurostat,2018,18.70062402451909,35.68383513062592,16.98321110610683,Moderate
HRV,2018,Eurostat,2018,18.31980423229089,34.93310910600132,16.613304873710426,Lower
HRV,2019,Eurostat,2018,18.08210894844753,34.22950769691997,16.14739874847243,Lower
HRV,2020,Eurostat,2018,20.78664089697872,40.2406380719918,19.45399717501308,Moderate
HRV,2021,Eurostat,2018,19.035088567918194,35.39330734180154,16.358218773883348,Moderate
HRV,2022,Eurostat,2018,18.10854442917883,33.10638599838759,14.997841569208752,Lower
HRV,2023,Eurostat,2018,17.86555749836627,32.36104487892757,14.495487380561295,Lower
HRV,2024,Eurostat,2018,17.630358819966098,31.991575430760573,14.361216610794475,Lower
HUN,1995,Eurostat,2018,23.16595439988327,40.614610268976605,17.448655869093336,Moderate
HUN,1996,Eurostat,2018,21.901835587704056,40.74539935006252,18.843563762358464,Moderate
HUN,1997,Eurostat,2018,21.615656778188686,40.78376684697965,19.16811006879097,Moderate
HUN,1998,Eurostat,2018,21.220721304344607,39.63567425247046,18.414952948125848,Moderate
HUN,1999,Eurostat,2018,19.494083993716,38.1101481095792,18.616064115863203,Moderate
HUN,2000,Eurostat,2018,18.905097691683267,37.238492855469545,18.333395163786275,Moderate
HUN,2001,Eurostat,2018,18.770317177594286,36.81283727944646,18.042520101852176,Moderate
HUN,2002,Eurostat,2018,18.150100754992383,36.3459296841778,18.19582892918541,Moderate
HUN,2003,Eurostat,2018,17.541887410722197,36.09625156191828,18.554364151196083,Moderate
HUN,2004,Eurostat,2018,17.078716549929034,35.91384088220637,18.835124332277346,Moderate
HUN,2005,Eurostat,2018,16.34928470640853,35.28968609056293,18.94040138415441,Moderate
HUN,2006,Eurostat,2018,16.485388257054257,35.80570341266661,19.32031515561236,Moderate
HUN,2007,Eurostat,2018,16.99815684600057,36.42014659834899,19.42198975234842,Moderate
HUN,2008,Eurostat,2018,17.259090669847946,37.55606511231559,20.296974442467647,Moderate
HUN,2009,Eurostat,2018,16.78141428477278,38.911518325837086,22.13010404106431,Moderate
HUN,2010,Eurostat,2018,16.553775120744813,40.36259335206018,23.808818231315367,Moderate
HUN,2011,Eurostat,2018,16.92061076562203,40.20908913487789,23.288478369255863,Moderate
HUN,2012,Eurostat,2018,17.324755739809543,40.07533043807005,22.750574698260504,Moderate
HUN,2013,Eurostat,2018,17.718850944359048,39.317657310818966,21.598806366459915,Moderate
HUN,2014,Eurostat,2018,17.903501871209095,38.011627301859015,20.10812543064992,Moderate
HUN,2015,Eurostat,2018,18.052663202008365,38.341747199000295,20.289083996991927,Moderate
HUN,2016,Eurostat,2018,17.439750466454452,37.76247416495549,20.322723698501047,Moderate
HUN,2017,Eurostat,2018,17.7109105439719,37.95200386352289,20.24109331955099,Moderate
HUN,2018,Eurostat,2018,17.377312712395003,37.86026614371915,20.482953431324148,Moderate
HUN,2019,Eurostat,2018,17.103140351464667,38.05009961714165,20.946959265676977,Moderate
HUN,2020,Eurostat,2018,18.545573156283453,41.02185969789221,22.476286541608754,Moderate
HUN,2021,Eurostat,2018,17.74011619367368,40.17076827733997,22.43065208366629,Moderate
HUN,2022,Eurostat,2018,16.620093341632998,39.04807862146906,22.42798527983606,Moderate
HUN,2023,Eurostat,2018,16.959889151097425,38.30903034951791,21.34914119842048,Moderate
HUN,2024,Eurostat,2018,16.704685032883624,38.063468556700606,21.35878352381698,Moderate
IRL,1995,Eurostat,2018,14.96970037426884,30.30840314301564,15.338702768746796,Lower
IRL,1996,Eurostat,2018,14.449930984357517,29.98084138515829,15.530910400800774,Lower
IRL,1997,Eurostat,2018,13.259564128052643,29.80764200136029,16.54807787330764,Lower
IRL,1998,Eurostat,2018,12.243196646845062,29.42605095804427,17.182854311199208,Lower
IRL,1999,Eurostat,2018,11.248584325746933,28.61218944547088,17.363605119723946,Lower
IRL,2000,Eurostat,2018,11.158795727440731,28.653580084681,17.494784357240263,Lower
IRL,2001,Eurostat,2018,11.047343150275095,29.478918871586814,18.43157572131172,Lower
IRL,2002,Eurostat,2018,10.625042312639632,29.914189966826893,19.289147654187257,Lower
IRL,2003,Eurostat,2018,10.006313231454486,30.01560859233974,20.009295360885247,Lower
IRL,2004,Eurostat,2018,9.639221525428306,29.56759417975281,19.928372654324505,Lower
IRL,2005,Eurostat,2018,9.305581133230222,29.03249926267064,19.726918129440417,Lower
IRL,2006,Eurostat,2018,9.288396561963124,28.988185086326062,19.699788524362933,Lower
IRL,2007,Eurostat,2018,9.148569949225791,29.740228239042267,20.591658289816472,Lower
IRL,2008,Eurostat,2018,9.408626714337103,31.83389682689316,22.425270112556056,Lower
IRL,2009,Eurostat,2018,9.858623890323877,31.82828019674045,21.969656306416585,Lower
IRL,2010,Eurostat,2018,9.81780848138932,32.055587755380685,22.23777927399136,Lower
IRL,2011,Eurostat,2018,10.241257495775049,33.09670922418896,22.85545172841391,Lower
IRL,2012,Eurostat,2018,10.585868077814895,33.71027661531478,23.12440853749988,Lower
IRL,2013,Eurostat,2018,10.54418232291201,33.90482527734168,23.360642954429668,Lower
IRL,2014,Eurostat,2018,9.781109370416372,33.291598269846524,23.51048889943015,Lower
IRL,2015,Eurostat,2018,9.499679113255128,33.69632900792316,24.196649894668028,Lower
IRL,2016,Eurostat,2018,9.381616090331686,33.29239274016973,23.910776649838045,Lower
IRL,2017,Eurostat,2018,9.646211524989836,34.112707239658555,24.46649571466872,Lower
IRL,2018,Eurostat,2018,9.500584436561372,34.66946978814557,25.1688853515842,Lower
IRL,2019,Eurostat,2018,9.613392202882755,34.9011443559488,25.287752153066045,Lower
IRL,2020,Eurostat,2018,11.135126472279405,39.45952443087744,28.32439795859805,Moderate
IRL,2021,Eurostat,2018,10.604372489545174,37.31157781905708,26.7072053295119,Moderate
IRL,2022,Eurostat,2018,9.772124461683257,36.184337580110906,26.412213118427648,Moderate
IRL,2023,Eurostat,2018,9.882315738841005,36.4453028732953,26.562987134454303,Moderate
IRL,2024,Eurostat,2018,9.76746763797182,35.46079936244068,25.69333172446886,Moderate
ISL,1995,Eurostat,1999,17.326597700900926,35.19275863463318,17.86616093373225,Moderate
ISL,1996,Eurostat,1999,16.98128076766807,33.815839510564764,16.834558742896697,Lower
ISL,1997,Eurostat,1999,17.03963138383354,33.51171431412623,16.472082930292682,Lower
ISL,1998,Eurostat,1999,16.334321091061156,32.40704897385249,16.072727882791334,Lower
ISL,1999,Eurostat,1999,15.472159333911426,31.398151485375504,15.925992151464074,Lower
ISL,2000,Eurostat,1999,14.633956139373009,31.705784231406074,17.071828092033066,Lower
ISL,2001,Eurostat,1999,15.125886362431247,32.46973955044372,17.343853188012474,Lower
ISL,2002,Eurostat,1999,15.126174764036223,33.52235403378063,18.396179269744408,Lower
ISL,2003,Eurostat,1999,13.521671660715596,33.06603858354786,19.544366922832253,Lower
ISL,2004,Eurostat,1999,12.992259552593438,33.08745419793894,20.0951946453455,Lower
ISL,2005,Eurostat,1999,11.704377758620964,31.58801331056344,19.88363555194248,Lower
ISL,2006,Eurostat,1999,11.788921310974068,32.09087056742605,20.301949256451984,Lower
ISL,2007,Eurostat,1999,11.448348533536098,32.776572272309856,21.32822373877376,Lower
ISL,2008,Eurostat,1999,12.527882797918224,36.25576696504426,23.727884167126028,Moderate
ISL,2009,Eurostat,1999,13.6978827379835,38.734673739912864,25.03679100192937,Moderate
ISL,2010,Eurostat,1999,13.72371960309854,39.00561696684755,25.281897363749007,Moderate
ISL,2011,Eurostat,1999,13.81071888559461,39.00460774572104,25.193888860126428,Moderate
ISL,2012,Eurostat,1999,14.026523034643636,38.58336701794608,24.55684398330244,Moderate
ISL,2013,Eurostat,1999,14.140289570604208,38.63695809133941,24.4966685207352,Moderate
ISL,2014,Eurostat,1999,14.029183531592912,38.31745114549673,24.28826761390382,Moderate
ISL,2015,Eurostat,1999,13.822410536157296,37.84780552166776,24.02539498551047,Moderate
ISL,2016,Eurostat,1999,13.1092868568219,36.09084623556131,22.98155937873941,Moderate
ISL,2017,Eurostat,1999,12.50072045991161,35.413188312401125,22.91246785248952,Moderate
ISL,2018,Eurostat,1999,12.417049675586338,35.385957650750846,22.968907975164505,Moderate
ISL,2019,Eurostat,1999,12.243461793381115,35.76512439634131,23.521662602960195,Moderate
ISL,2020,Eurostat,1999,13.676271492372836,40.39787419607604,26.7216027037032,Moderate
ISL,2021,Eurostat,1999,12.926330018149738,37.65421340045699,24.72788338230725,Moderate
ISL,2022,Eurostat,1999,12.538221648440494,35.112098513630585,22.57387686519009,Moderate
ISL,2023,Eurostat,1999,12.67185445994895,35.015382693312844,22.34352823336389,Moderate
ISL,2024,Eurostat,1999,12.944225179371458,36.89100770238207,23.94678252301061,Moderate
ISR,1995,OECD,2018,16.44886694818048,39.20594259510152,22.75707564692104,Moderate
ISR,1996,OECD,2018,16.623358486724246,38.53340646419227,21.91004797746801,Moderate
ISR,1997,OECD,2018,16.679593683940904,38.68583798490105,22.006244300960144,Moderate
ISR,1998,OECD,2018,16.191593374878085,38.93773565801645,22.74614228313837,Moderate
ISR,1999,OECD,2018,15.520922041393964,38.09597340360234,22.575051362208377,Moderate
ISR,2000,OECD,2018,15.167983542213989,37.48609302205317,22.318109479839176,Moderate
ISR,2001,OECD,2018,15.43958467905266,38.58143335986302,23.141848680810355,Moderate
ISR,2002,OECD,2018,15.39294914439856,40.02164808342586,24.628698939027306,Moderate
ISR,2003,OECD,2018,16.01458386290752,39.48370625662951,23.46912239372198,Moderate
ISR,2004,OECD,2018,15.696553388212635,38.73807356969781,23.04152018148518,Moderate
ISR,2005,OECD,2018,15.380715425234168,38.25611892189424,22.87540349666008,Moderate
ISR,2006,OECD,2018,15.509176528522053,38.037620485831845,22.5284439573098,Moderate
ISR,2007,OECD,2018,15.23539633912156,37.02137889962162,21.785982560500063,Moderate
ISR,2008,OECD,2018,16.118189669548915,37.95622308080022,21.838033411251303,Moderate
ISR,2009,OECD,2018,15.93649399696457,39.519392752357945,23.582898755393376,Moderate
ISR,2010,OECD,2018,15.595338236938602,38.9183194219821,23.322981185043503,Moderate
ISR,2011,OECD,2018,15.298599426729467,38.70798716836571,23.409387741636248,Moderate
ISR,2012,OECD,2018,15.07423288786241,39.22046515528523,24.146232267422825,Moderate
ISR,2013,OECD,2018,15.630337626809206,39.83800639340608,24.207668766596875,Moderate
ISR,2014,OECD,2018,15.389392396161147,39.9991570287234,24.609764632562246,Moderate
ISR,2015,OECD,2018,15.773166096591632,40.78113344694508,25.00796735035344,Moderate
ISR,2016,OECD,2018,15.501700393262272,40.29192318720665,24.790222793944384,Moderate
ISR,2017,OECD,2018,15.576368608782415,40.62404491532305,25.04767630654064,Moderate
ISR,2018,OECD,2018,15.44191710850833,40.63832552352943,25.196408415021104,Moderate
ISR,2019,OECD,2018,15.646923593946886,41.12554632459721,25.47862273065033,Moderate
ISR,2020,OECD,2018,17.398567156820032,46.20601986015252,28.807452703332487,Higher
ISR,2021,OECD,2018,16.417464605025426,43.09826275426814,26.68079814924271,Moderate
ISR,2022,OECD,2018,15.926440774804012,41.58182996362074,25.65538918881673,Moderate
ISR,2023,OECD,2018,16.09281285477251,42.76508019678049,26.672267342007977,Moderate
ISR,2024,OECD,2018,16.431691238623785,42.74185880364039,26.31016756501661,Moderate
ITA,1995,Eurostat,2018,16.52897668547244,34.62543014288847,18.096453457416025,Lower
ITA,1996,Eurostat,2018,16.34596152705331,34.506844328204885,18.160882801151576,Lower
ITA,1997,Eurostat,2018,15.845764441158655,33.8150085330717,17.969244091913044,Lower
ITA,1998,Eurostat,2018,15.469707932748667,33.44539550965355,17.975687576904882,Lower
ITA,1999,Eurostat,2018,15.029747616257568,33.32371279588401,18.293965179626444,Lower
ITA,2000,Eurostat,2018,14.811621877962288,33.02423868344772,18.212616805485432,Lower
ITA,2001,Eurostat,2018,14.730085298425536,33.1923780272934,18.462292728867865,Lower
ITA,2002,Eurostat,2018,14.793076329627134,33.76499503333337,18.97191870370624,Lower
ITA,2003,Eurostat,2018,14.79350464692735,34.21665050727654,19.423145860349187,Lower
ITA,2004,Eurostat,2018,14.68663126432779,34.720199645976614,20.033568381648823,Lower
ITA,2005,Eurostat,2018,14.451993572225684,34.9199091047247,20.46791553249902,Lower
ITA,2006,Eurostat,2018,14.34321491633752,35.01752796554315,20.67431304920563,Moderate
ITA,2007,Eurostat,2018,14.214706831191853,35.03401971337204,20.819312882180185,Moderate
ITA,2008,Eurostat,2018,14.09803348804998,35.446524568165884,21.348491080115902,Moderate
ITA,2009,Eurostat,2018,14.447832543658471,37.08626560049487,22.6384330568364,Moderate
ITA,2010,Eurostat,2018,14.139111592897931,36.74718825847256,22.60807666557462,Moderate
ITA,2011,Eurostat,2018,13.991376088734706,36.61830348982049,22.626927401085783,Moderate
ITA,2012,Eurostat,2018,13.998039058784093,37.70223887907267,23.70419982028858,Moderate
ITA,2013,Eurostat,2018,14.189142032414315,38.57397264978372,24.384830617369392,Moderate
ITA,2014,Eurostat,2018,14.106741629335655,38.14962468556769,24.04288305623202,Moderate
ITA,2015,Eurostat,2018,14.105271670362177,38.121500710199605,24.016229039837423,Moderate
ITA,2016,Eurostat,2018,14.03871217716645,37.757008802625045,23.7182966254586,Moderate
ITA,2017,Eurostat,2018,14.095242303401196,37.535564541872056,23.44032223847086,Moderate
ITA,2018,Eurostat,2018,13.96845549478866,37.30502274699896,23.3365672522103,Moderate
ITA,2019,Eurostat,2018,14.014859752908489,37.36090590256854,23.34604614966005,Moderate
ITA,2020,Eurostat,2018,16.174690513630978,42.27292786385256,26.09823735022157,Moderate
ITA,2021,Eurostat,2018,15.145468705373496,40.20016890560776,25.05470020023425,Moderate
ITA,2022,Eurostat,2018,14.236883878781924,38.35985414787629,24.12297026909437,Moderate
ITA,2023,Eurostat,2018,14.630904324282318,37.70715191513348,23.07624759085116,Moderate
ITA,2024,Eurostat,2018,14.646088918643068,37.35652258721988,22.71043366857681,Moderate
JPN,1995,OECD,2018,15.306315709333582,36.650623710097165,21.344308000763583,Moderate
JPN,1996,OECD,2018,14.636266270760007,36.478894108572106,21.842627837812103,Moderate
JPN,1997,OECD,2018,13.944563623502344,36.37183962354423,22.42727600004189,Moderate
JPN,1998,OECD,2018,14.32155815480749,37.37766461504672,23.056106460239228,Moderate
JPN,1999,OECD,2018,14.223875537282074,37.5886254824435,23.364749945161424,Moderate
JPN,2000,OECD,2018,13.697726873373778,37.211124913624495,23.51339804025072,Moderate
JPN,2001,OECD,2018,13.683600587719406,37.43664140767218,23.753040819952776,Moderate
JPN,2002,OECD,2018,13.67668226173545,37.71325237626375,24.036570114528296,Moderate
JPN,2003,OECD,2018,13.472219480549777,37.86778837957588,24.3955688990261,Moderate
JPN,2004,OECD,2018,13.53676556953493,38.24780946729972,24.711043897764785,Moderate
JPN,2005,OECD,2018,13.012063463739684,38.15939151963955,25.147328055899862,Moderate
JPN,2006,OECD,2018,12.820684231360598,38.33472225479178,25.51403802343118,Moderate
JPN,2007,OECD,2018,12.88481409365892,38.61515856794149,25.73034447428257,Moderate
JPN,2008,OECD,2018,13.250156973337418,39.554415851284666,26.304258877947245,Moderate
JPN,2009,OECD,2018,13.779542906562153,40.804205219201705,27.02466231263956,Moderate
JPN,2010,OECD,2018,13.973744907386534,41.01435056073315,27.040605653346617,Moderate
JPN,2011,OECD,2018,14.143648613837318,41.48394329812747,27.34029468429016,Moderate
JPN,2012,OECD,2018,14.341593921937957,41.74338541020591,27.40179148826796,Moderate
JPN,2013,OECD,2018,14.29356219833344,41.19907263501415,26.905510436680707,Moderate
JPN,2014,OECD,2018,14.26311876430785,40.91554512269441,26.652426358386567,Moderate
JPN,2015,OECD,2018,14.832003505211697,40.89519905370136,26.063195548489663,Moderate
JPN,2016,OECD,2018,15.180212473629007,41.01706051340665,25.83684803977764,Moderate
JPN,2017,OECD,2018,15.23280743039073,40.97316240643643,25.740354976045698,Moderate
JPN,2018,OECD,2018,15.273207288021688,40.94197960882398,25.668772320802287,Moderate
JPN,2019,OECD,2018,15.367453730346115,41.41806553740478,26.05061180705866,Moderate
JPN,2020,OECD,2018,17.16737045298407,45.17103685297136,28.00366639998728,Higher
JPN,2021,OECD,2018,16.83476374235621,44.93465038918836,28.09988664683215,Moderate
JPN,2022,OECD,2018,16.10913406815141,43.91314454221054,27.804010474059133,Moderate
JPN,2023,OECD,2018,15.930005475593278,42.97124615506322,27.041240679469936,Moderate
JPN,2024,OECD,2018,16.33439199217682,43.02600808479824,26.691616092621423,Moderate
KOR,1995,OECD,2018,15.139010580477605,32.569527107455905,17.4305165269783,Lower
KOR,1996,OECD,2018,13.934764469046524,31.95900379822445,18.02423932917793,Lower
KOR,1997,OECD,2018,13.347183904063298,32.8122673608419,19.465083456778604,Lower
KOR,1998,OECD,2018,14.004826718211474,36.006297669811524,22.001470951600048,Moderate
KOR,1999,OECD,2018,14.207308036615704,34.10377061876926,19.89646258215356,Lower
KOR,2000,OECD,2018,13.435503709268398,33.226934078759015,19.791430369490616,Lower
KOR,2001,OECD,2018,12.692362733737328,32.04840333580289,19.35604060206556,Lower
KOR,2002,OECD,2018,12.001240988397438,30.477769210126738,18.4765282217293,Lower
KOR,2003,OECD,2018,11.865206490740922,31.079646538420075,19.214440047679155,Lower
KOR,2004,OECD,2018,12.031154477718273,31.613568620605964,19.582414142887693,Lower
KOR,2005,OECD,2018,11.67318581533529,31.10683465039436,19.43364883505908,Lower
KOR,2006,OECD,2018,11.293790983045945,30.37556463239728,19.081773649351337,Lower
KOR,2007,OECD,2018,11.102673624825668,29.62620285154025,18.523529226714576,Lower
KOR,2008,OECD,2018,11.338446792186566,29.7125342846806,18.37408749249403,Lower
KOR,2009,OECD,2018,11.467280372402618,29.7484547336614,18.28117436125878,Lower
KOR,2010,OECD,2018,11.743068149572387,29.782893204808524,18.039825055236136,Lower
KOR,2011,OECD,2018,12.0226689906446,29.78678449481201,17.76411550416741,Lower
KOR,2012,OECD,2018,12.058709102379646,30.14939699611533,18.09068789373568,Lower
KOR,2013,OECD,2018,11.89508765847354,30.32567997960705,18.43059232113352,Lower
KOR,2014,OECD,2018,11.707075714985768,29.99967897106855,18.29260325608277,Lower
KOR,2015,OECD,2018,11.724207750475298,29.90917210710661,18.18496435663131,Lower
KOR,2016,OECD,2018,11.85019057741452,29.858372540376514,18.008181962962,Lower
KOR,2017,OECD,2018,11.828971839599,29.67127526047974,17.84230342088074,Lower
KOR,2018,OECD,2018,11.636391922165052,29.299100207755107,17.662708285590057,Lower
KOR,2019,OECD,2018,11.532307941567312,29.018337718744792,17.486029777177478,Lower
KOR,2020,OECD,2018,12.94712337295098,31.41731422136731,18.47019084841633,Lower
KOR,2021,OECD,2018,13.117049483719931,31.002358475215186,17.88530899149525,Lower
KOR,2022,OECD,2018,12.453094587038866,29.78994520437879,17.33685061733992,Lower
KOR,2023,OECD,2018,12.54362447206816,29.720325928695345,17.17670145662718,Lower
KOR,2024,OECD,2018,12.73753746388699,29.97694128209281,17.239403818205812,Lower
LTU,1995,Eurostat,1999,38.81085395051876,59.66879489225859,20.857940941739827,Higher
LTU,1996,Eurostat,1999,38.44827045504437,57.36507040486719,18.916799949822817,Higher
LTU,1997,Eurostat,1999,34.81773075819084,53.39866868960238,18.580937931411544,Higher
LTU,1998,Eurostat,1999,31.92473406197512,48.99953749908717,17.074803437112045,Higher
LTU,1999,Eurostat,1999,31.059380640926467,47.63344820310852,16.57406756218206,Higher
LTU,2000,Eurostat,1999,27.74617418476084,44.44240960545744,16.6962354206966,Moderate
LTU,2001,Eurostat,1999,27.890261511310765,43.33493769720306,15.444676185892297,Moderate
LTU,2002,Eurostat,1999,27.34024493755305,43.14801341902106,15.80776848146801,Moderate
LTU,2003,Eurostat,1999,27.389118782458965,42.24271206524657,14.853593282787603,Moderate
LTU,2004,Eurostat,1999,27.13288239144665,41.78317863676799,14.65029624532134,Moderate
LTU,2005,Eurostat,1999,25.42022049648409,40.05270188934071,14.63248139285662,Moderate
LTU,2006,Eurostat,1999,24.03805086390992,38.71610690480812,14.678056040898207,Moderate
LTU,2007,Eurostat,1999,23.818577608773523,38.00501501749745,14.186437408723926,Moderate
LTU,2008,Eurostat,1999,24.951177761168843,39.78735202642428,14.836174265255444,Moderate
LTU,2009,Eurostat,1999,25.45751051940245,41.67909700113543,16.221586481732974,Moderate
LTU,2010,Eurostat,1999,23.917477873599044,40.3607084981245,16.44323062452546,Moderate
LTU,2011,Eurostat,1999,24.07815849150384,40.84008988019426,16.76193138869042,Moderate
LTU,2012,Eurostat,1999,24.003604656826926,40.94597885917482,16.9423742023479,Moderate
LTU,2013,Eurostat,1999,23.77232456099318,40.71232774186305,16.940003180869876,Moderate
LTU,2014,Eurostat,1999,23.003911694618047,39.80171754867137,16.797805854053323,Moderate
LTU,2015,Eurostat,1999,22.62311662946429,38.53759765625001,15.914481026785715,Moderate
LTU,2016,Eurostat,1999,22.21825014133218,38.28314655315753,16.064896411825348,Moderate
LTU,2017,Eurostat,1999,21.61793402629308,37.09718799318961,15.479253966896527,Moderate
LTU,2018,Eurostat,1999,20.722056282760843,36.14161468857068,15.419558405809832,Moderate
LTU,2019,Eurostat,1999,20.144889099817146,35.39139598833071,15.246506888513562,Moderate
LTU,2020,Eurostat,1999,21.80138518761312,37.85930085077881,16.057915663165694,Moderate
LTU,2021,Eurostat,1999,20.331483354921662,36.36263358766597,16.031150232744302,Moderate
LTU,2022,Eurostat,1999,19.1894323679372,36.029835565350055,16.840403197412858,Moderate
LTU,2023,Eurostat,1999,18.923271515008963,35.47093370710739,16.547662192098425,Moderate
LUX,1995,Eurostat,2018,10.424895764757515,32.03999341672153,21.61509765196401,Lower
LUX,1996,Eurostat,2018,10.305238101500546,31.49304961927432,21.18781151777377,Lower
LUX,1997,Eurostat,2018,10.054885561736922,30.666218621264736,20.61133305952781,Lower
LUX,1998,Eurostat,2018,9.7911196271852,30.370449222908235,20.57932959572304,Lower
LUX,1999,Eurostat,2018,9.215869362228831,29.20457753360405,19.98870817137521,Lower
LUX,2000,Eurostat,2018,8.62041997419153,28.852696203026625,20.232276228835097,Lower
LUX,2001,Eurostat,2018,8.784276580629884,30.104664930144448,21.320388349514563,Lower
LUX,2002,Eurostat,2018,8.63744484432615,30.0825013927084,21.445056548382247,Lower
LUX,2003,Eurostat,2018,8.767647559108694,30.04422520836877,21.27657764926008,Lower
LUX,2004,Eurostat,2018,8.424952680117595,29.30772018847409,20.88276750835649,Lower
LUX,2005,Eurostat,2018,8.586805774443675,29.95807854756352,21.37127277311984,Lower
LUX,2006,Eurostat,2018,8.59194334715788,30.21206905702436,21.62012570986648,Lower
LUX,2007,Eurostat,2018,8.721924939026609,30.39423391940592,21.67230898037931,Lower
LUX,2008,Eurostat,2018,8.718292253399541,30.43253061139925,21.71423835799971,Lower
LUX,2009,Eurostat,2018,8.928361937491806,30.91043344443754,21.98207150694574,Lower
LUX,2010,Eurostat,2018,8.722901401589214,30.95938748773856,22.23648608614935,Lower
LUX,2011,Eurostat,2018,8.575127607909213,30.522449080727487,21.94732147281828,Lower
LUX,2012,Eurostat,2018,8.447825391465082,30.803547624549,22.35572223308391,Lower
LUX,2013,Eurostat,2018,8.588334742180896,31.78768181420701,23.19934707202612,Lower
LUX,2014,Eurostat,2018,8.444662336070596,31.96470155656331,23.52003922049271,Lower
LUX,2015,Eurostat,2018,9.040566006546104,32.81868174254196,23.77811573599585,Lower
LUX,2016,Eurostat,2018,9.111977692295484,32.658881545877364,23.54690385358188,Lower
LUX,2017,Eurostat,2018,8.908192726004055,32.124203000409565,23.21601027440551,Lower
LUX,2018,Eurostat,2018,8.733764370564492,31.335960364978867,22.60219599441437,Lower
LUX,2019,Eurostat,2018,8.60679571321758,30.796248603841857,22.18945289062428,Lower
LUX,2020,Eurostat,2018,10.31296791772012,34.499619529198064,24.186651611477945,Lower
LUX,2021,Eurostat,2018,9.640452470175532,31.771710603627245,22.13125813345172,Lower
LUX,2022,Eurostat,2018,9.571001365031522,30.859180823279704,21.288179458248184,Lower
LUX,2023,Eurostat,2018,9.60658132867364,29.965089002852352,20.35850767417871,Lower
LUX,2024,Eurostat,2018,9.32848653258866,29.248287341458724,19.919800808870058,Lower
LVA,1995,Eurostat,2018,35.57140104066294,50.9346694931586,15.363268452495666,Higher
LVA,1996,Eurostat,2018,35.258013943093495,51.81627138997298,16.55825744687948,Higher
LVA,1997,Eurostat,2018,31.46599291398037,48.20235813440204,16.736365220421675,Higher
LVA,1998,Eurostat,2018,29.363494625126503,47.08006236494434,17.71656773981783,Higher
LVA,1999,Eurostat,2018,26.56812239509177,44.7642962541096,18.19617385901784,Moderate
LVA,2000,Eurostat,2018,25.844569747487128,42.38048541309144,16.535915665604314,Moderate
LVA,2001,Eurostat,2018,25.50147158705004,41.8813674439665,16.37989585691646,Moderate
LVA,2002,Eurostat,2018,26.324303294633168,41.97227511927433,15.647971824641155,Moderate
LVA,2003,Eurostat,2018,24.73894405158832,39.81423808302495,15.07529403143663,Moderate
LVA,2004,Eurostat,2018,23.887628139917048,38.47875420611941,14.591126066202362,Moderate
LVA,2005,Eurostat,2018,22.52380890000917,36.7541297142932,14.230320814284031,Moderate
LVA,2006,Eurostat,2018,20.144212754321824,34.25255461146613,14.108341857144303,Lower
LVA,2007,Eurostat,2018,20.02518170892234,34.698432683895966,14.673250974973634,Lower
LVA,2008,Eurostat,2018,20.67004089819327,37.837880188664464,17.16783929047119,Moderate
LVA,2009,Eurostat,2018,20.92642184310568,40.00355811906591,19.07713627596023,Moderate
LVA,2010,Eurostat,2018,20.91494252873564,39.38206896551724,18.46712643678161,Moderate
LVA,2011,Eurostat,2018,20.99271482489248,39.37242166242429,18.379706837531817,Moderate
LVA,2012,Eurostat,2018,21.08994957384639,39.50885088266004,18.41890130881365,Moderate
LVA,2013,Eurostat,2018,21.40471497991545,38.58640870180084,17.18169372188539,Moderate
LVA,2014,Eurostat,2018,20.64465882456669,38.08733091849555,17.442672093928863,Moderate
LVA,2015,Eurostat,2018,19.21593048308245,36.123458380754,16.907527897671553,Moderate
LVA,2016,Eurostat,2018,18.7814329293429,35.56215131777833,16.78071838843543,Moderate
LVA,2017,Eurostat,2018,18.671042692297675,34.67739834857128,16.006355656273605,Lower
LVA,2018,Eurostat,2018,18.93032042699144,34.93883090919096,16.00851048219952,Lower
LVA,2019,Eurostat,2018,18.96248274063846,34.963762748223694,16.00128000758523,Lower
LVA,2020,Eurostat,2018,21.033056566221976,38.26040986410425,17.227353297882267,Moderate
LVA,2021,Eurostat,2018,21.056607202694337,38.35568201825379,17.299074815559457,Moderate
LVA,2022,Eurostat,2018,20.25144024746715,37.30974070815714,17.058300460689992,Moderate
LVA,2023,Eurostat,2018,20.5137518770681,36.96417734583679,16.450425468768685,Moderate
LVA,2024,Eurostat,2018,20.05827098139253,35.87120662736433,15.812935645971796,Moderate
MEX,1995,OECD,1999,22.95513726904285,42.36214479456554,19.407007525522683,Moderate
MEX,1996,OECD,1999,24.18335324907667,43.15160606502095,18.968252815944272,Moderate
MEX,1997,OECD,1999,23.2200973172975,42.18818271849012,18.968085401192614,Moderate
MEX,1998,OECD,1999,22.190110951190384,41.34960348490539,19.159492533715,Moderate
MEX,1999,OECD,1999,22.75916272141557,41.46107225132265,18.70190952990707,Moderate
MEX,2000,OECD,1999,22.485441288987573,41.114407717951565,18.628966428963984,Moderate
MEX,2001,OECD,1999,22.435637394336343,41.335043355638,18.89940596130165,Moderate
MEX,2002,OECD,1999,22.48300351110046,41.68686623134965,19.2038627202492,Moderate
MEX,2003,OECD,1999,23.18497461420091,43.16805738807791,19.983082773877,Moderate
MEX,2004,OECD,1999,23.279664434935874,43.2817995167053,20.002135081769428,Moderate
MEX,2005,OECD,1999,23.263986761087907,43.23653091298747,19.97254415189956,Moderate
MEX,2006,OECD,1999,22.153744131724395,41.55254124497393,19.39879711324954,Moderate
MEX,2007,OECD,1999,22.529698126423497,41.80921104056974,19.27951291414624,Moderate
MEX,2008,OECD,1999,22.61942735628141,42.5623629139561,19.94293555767469,Moderate
MEX,2009,OECD,1999,23.4551559767571,43.29044906851477,19.835293091757663,Moderate
MEX,2010,OECD,1999,23.02085916814024,42.25078212395159,19.22992295581135,Moderate
MEX,2011,OECD,1999,23.422192473662413,41.91038659588936,18.48819412222696,Moderate
MEX,2012,OECD,1999,23.76630628598417,41.15439186547479,17.388085579490628,Moderate
MEX,2013,OECD,1999,23.74260975903784,40.73893767846064,16.9963279194228,Moderate
MEX,2014,OECD,1999,23.67401172853358,40.72277352649096,17.048761797957372,Moderate
MEX,2015,OECD,1999,24.43538650364372,40.43990477895089,16.004518275307174,Moderate
MEX,2016,OECD,1999,24.40140654608454,40.67289737215426,16.27149082606972,Moderate
MEX,2017,OECD,1999,24.669864800254647,41.56231273602433,16.892447935769685,Moderate
MEX,2018,OECD,1999,24.31895498824712,41.20317412593775,16.884219137690625,Moderate
MEX,2019,OECD,1999,24.654009447379902,41.35125632015117,16.697246872771263,Moderate
MEX,2020,OECD,1999,27.94846279369658,46.07133584630472,18.122873052608146,Higher
MEX,2021,OECD,1999,26.450559292233887,44.78544936717929,18.3348900749454,Moderate
MEX,2022,OECD,1999,25.478959021351272,43.059699260970845,17.58074023961957,Moderate
MEX,2023,OECD,1999,25.516813883754995,41.71877445142446,16.201960567669467,Moderate
MEX,2024,OECD,1999,25.22654826387964,40.6479859983015,15.421437734421866,Moderate
MKD,2000,Eurostat,1999,27.228953907288,53.14784351632298,25.918889609034984,Higher
MKD,2001,Eurostat,1999,26.772069632235308,55.08661486083293,28.314545228597627,Higher
MKD,2002,Eurostat,1999,28.44429244527651,55.02729670434034,26.583004259063834,Higher
MKD,2003,Eurostat,1999,29.42873217299672,55.36945132099487,25.94071914799814,Higher
MKD,2004,Eurostat,1999,30.242423007731777,56.24795722144916,26.00553421371737,Higher
MKD,2005,Eurostat,1999,30.42095775265608,55.42644002315453,25.00548227049845,Higher
MKD,2006,Eurostat,1999,30.082009553359107,54.57619958290492,24.494190029545805,Higher
MKD,2007,Eurostat,1999,29.35682512763927,54.12170924071032,24.764884113071066,Higher
MKD,2008,Eurostat,1999,30.23328890899532,55.12315526917481,24.88986636017949,Higher
MKD,2009,Eurostat,1999,30.786457082327225,54.61818762598101,23.83173054365379,Higher
MKD,2010,Eurostat,1999,31.03634492832586,55.76493213853373,24.72858721020788,Higher
MKD,2011,Eurostat,1999,31.38625942992667,55.13840689574497,23.752147465818307,Higher
MKD,2012,Eurostat,1999,31.240055589166403,56.8861988671558,25.646143277989395,Higher
MKD,2013,Eurostat,1999,31.98748061830684,56.43277642309175,24.44529580478489,Higher
MKD,2014,Eurostat,1999,31.077032133826915,55.51370026324094,24.436668129414027,Higher
MKD,2015,Eurostat,1999,31.45672349751515,55.135869285618746,23.6791457881036,Higher
MKD,2016,Eurostat,1999,31.77679523208406,54.39132972088315,22.61453448879909,Higher
MKD,2017,Eurostat,1999,31.35584124553172,52.85188085473401,21.49603960920229,Higher
MKD,2018,Eurostat,1999,30.867514766015447,53.05620172648796,22.18868696047252,Higher
MKD,2019,Eurostat,1999,30.45706241812956,52.098294488096606,21.64123206996705,Higher
MKD,2020,Eurostat,1999,32.587009537253245,55.17274503547579,22.585735498222547,Higher
MKD,2021,Eurostat,1999,30.527038035757275,53.4213426820509,22.89430464629362,Higher
MKD,2022,Eurostat,1999,30.632413449800005,54.78165819456861,24.14924474476862,Higher
MKD,2023,Eurostat,1999,31.01251170823513,53.96144362337469,22.948931915139543,Higher
MLT,1995,Eurostat,2018,16.397017138371638,27.94034276743273,11.543325629061096,Lower
MLT,1996,Eurostat,2018,16.330711242215667,27.61389708292363,11.283185840707963,Lower
MLT,1997,Eurostat,2018,16.206709956709958,27.36162646876933,11.154916512059373,Lower
MLT,1998,Eurostat,2018,15.429579794860482,26.557847137972868,11.128267343112386,Lower
MLT,1999,Eurostat,2018,15.21036711123333,25.962463907603468,10.752096796370138,Lower
MLT,2000,Eurostat,2018,14.644812283372746,25.3214991415892,10.67668685821645,Lower
MLT,2001,Eurostat,2018,15.12486699630719,25.90598986042436,10.781122864117169,Lower
MLT,2002,Eurostat,2018,15.838441671593491,26.875563991660705,11.037122320067212,Lower
MLT,2003,Eurostat,2018,15.700539779394507,26.69854494250176,10.998005163107251,Lower
MLT,2004,Eurostat,2018,15.4335358582704,25.8418034183181,10.4082675600477,Lower
MLT,2005,Eurostat,2018,15.042964554242753,25.40816326530612,10.365198711063371,Lower
MLT,2006,Eurostat,2018,15.430590925627566,26.194064757548983,10.763473831921418,Lower
MLT,2007,Eurostat,2018,15.566985060004898,26.17438158216997,10.607396522165075,Lower
MLT,2008,Eurostat,2018,15.770701832602011,27.21449186944177,11.443790036839758,Lower
MLT,2009,Eurostat,2018,15.9528243327126,29.437043403523848,13.484219070811248,Lower
MLT,2010,Eurostat,2018,15.225963668586616,28.77935312361541,13.553389455028796,Lower
MLT,2011,Eurostat,2018,15.068916496693245,28.091971073613948,13.0230545769207,Lower
MLT,2012,Eurostat,2018,14.784325338071266,27.97552067910373,13.191195341032474,Lower
MLT,2013,Eurostat,2018,14.7506076994102,27.60745444609848,12.856846746688277,Lower
MLT,2014,Eurostat,2018,14.657827896168463,27.2638841352476,12.606056239079134,Lower
MLT,2015,Eurostat,2018,14.164058892935929,27.17214726654013,13.0080883736042,Lower
MLT,2016,Eurostat,2018,13.747994774008962,27.63656209171945,13.888567317710487,Lower
MLT,2017,Eurostat,2018,13.17299974253737,27.83322479516576,14.660225052628393,Lower
MLT,2018,Eurostat,2018,12.383426131889085,26.2907749485348,13.907348816645712,Lower
MLT,2019,Eurostat,2018,11.798827047213274,26.356788111340684,14.557961064127408,Lower
MLT,2020,Eurostat,2018,15.489033015024606,33.611446077632564,18.122413062607954,Lower
MLT,2021,Eurostat,2018,14.11607244560884,32.10502335117895,17.98895090557011,Lower
MLT,2022,Eurostat,2018,13.047947552367685,28.74797267971766,15.700025127349978,Lower
MLT,2023,Eurostat,2018,12.057442028850977,26.90808161446633,14.850639585615358,Lower
MLT,2024,Eurostat,2018,11.58223962567821,26.56423700409829,14.981997378420084,Lower
MNE,2006,Eurostat,2018,22.77036516853932,36.30179073033708,13.531425561797752,Moderate
MNE,2007,Eurostat,2018,21.526285632430884,33.37630711932388,11.850021486892992,Lower
MNE,2008,Eurostat,2018,24.97944767530372,36.07465822245227,11.095210547148554,Moderate
MNE,2009,Eurostat,2018,27.030908096280086,40.40276258205689,13.371854485776804,Moderate
MNE,2010,Eurostat,2018,26.31891713436778,39.76229778804886,13.443380653681084,Moderate
MNE,2011,Eurostat,2018,25.178504321683583,38.51935362645622,13.340849304772645,Moderate
MNE,2012,Eurostat,2018,23.825733916302312,37.68582136164897,13.860087445346656,Moderate
MNE,2013,Eurostat,2018,23.83578245720345,37.82457203454023,13.988789577336766,Moderate
MNE,2014,Eurostat,2018,23.130501793177032,37.5589080885622,14.428406295385162,Moderate
MNE,2015,Eurostat,2018,23.275355012183848,37.29658572108786,14.021230708904014,Moderate
MNE,2016,Eurostat,2018,22.77227722772277,36.2370914510806,13.464814223357822,Moderate
MNE,2017,Eurostat,2018,22.83965910217025,35.648102269348925,12.808443167178671,Moderate
MNE,2018,Eurostat,2018,21.32196162046909,33.693385505752246,12.37142388528316,Lower
MNE,2019,Eurostat,2018,20.37020537265559,32.38740143449014,12.017196061834545,Lower
MNE,2020,Eurostat,2018,28.460107001628288,44.74005582693649,16.27994882530821,Moderate
MNE,2021,Eurostat,2018,23.29618167857226,36.83830886288015,13.542127184307889,Moderate
MNE,2022,Eurostat,2018,23.79376795258699,34.77075228156928,10.97698432898229,Lower
MNE,2023,Eurostat,2018,22.38949777188968,33.28917258822112,10.899674816331448,Lower
MNE,2024,Eurostat,2018,22.82337797496782,33.71812779010215,10.894749815134336,Lower
NLD,1995,Eurostat,2018,11.8899259899794,31.82812380782828,19.93819781784888,Lower
NLD,1996,Eurostat,2018,11.669957518099682,31.98468258242087,20.314725064321188,Lower
NLD,1997,Eurostat,2018,11.4933638238723,31.293718052192627,19.80035422832033,Lower
NLD,1998,Eurostat,2018,11.139881496176034,30.511341390201245,19.37145989402521,Lower
NLD,1999,Eurostat,2018,10.75132418587987,29.589623417997306,18.83829923211744,Lower
NLD,2000,Eurostat,2018,10.49347005151986,29.345820787420223,18.85235073590037,Lower
NLD,2001,Eurostat,2018,10.635330489300332,29.9953367070243,19.360006217723967,Lower
NLD,2002,Eurostat,2018,10.497916245862378,29.75048538486589,19.25256913900351,Lower
NLD,2003,Eurostat,2018,10.419182405126472,30.312837108953616,19.893654703827146,Lower
NLD,2004,Eurostat,2018,10.21651491612751,30.65544433737783,20.43892942125032,Lower
NLD,2005,Eurostat,2018,9.90197917105228,30.99119305242449,21.089213881372217,Lower
NLD,2006,Eurostat,2018,10.074057492491653,31.48357490626224,21.40951741377059,Lower
NLD,2007,Eurostat,2018,10.049700257638683,31.097239790305764,21.04753953266708,Lower
NLD,2008,Eurostat,2018,10.302992336444696,31.94540151878998,21.64240918234529,Lower
NLD,2009,Eurostat,2018,10.750308565342085,33.67122587702727,22.92091731168518,Lower
NLD,2010,Eurostat,2018,10.754224937097929,34.11780066836758,23.36357573126965,Lower
NLD,2011,Eurostat,2018,10.794945606465683,33.64091378402587,22.845968177560188,Lower
NLD,2012,Eurostat,2018,11.198961730903877,34.93365665397292,23.734694923069043,Lower
NLD,2013,Eurostat,2018,11.22557427773854,35.507348737093466,24.281774459354928,Moderate
NLD,2014,Eurostat,2018,11.131688603743632,35.33699318738012,24.205304583636483,Moderate
NLD,2015,Eurostat,2018,11.204669687343792,35.498976087201896,24.294306399858105,Moderate
NLD,2016,Eurostat,2018,11.154546428188926,35.1980419457062,24.04349551751728,Moderate
NLD,2017,Eurostat,2018,11.1150304806353,34.49467267234674,23.37964219171144,Lower
NLD,2018,Eurostat,2018,10.869902800943231,34.180709725657096,23.310806924713862,Lower
NLD,2019,Eurostat,2018,10.970812463986524,34.304773724568946,23.33396126058242,Lower
NLD,2020,Eurostat,2018,12.671459572092166,38.00085190152479,25.329392329432626,Moderate
NLD,2021,Eurostat,2018,11.98161093133879,36.38089515093341,24.399284219594623,Moderate
NLD,2022,Eurostat,2018,11.526575152886611,34.43128050719081,22.9047053543042,Lower
NLD,2023,Eurostat,2018,11.50440753697482,33.51676422707908,22.01235669010425,Lower
NLD,2024,Eurostat,2018,11.520713184012877,33.56755465396996,22.046841469957084,Lower
NOR,1995,Eurostat,1999,15.928194931459611,37.738861347341455,21.810666415881844,Moderate
NOR,1996,Eurostat,1999,15.18574051853038,36.473685633418526,21.28794511488815,Moderate
NOR,1997,Eurostat,1999,15.08097146044253,35.91676011675184,20.835788656309308,Moderate
NOR,1998,Eurostat,1999,15.13352837653709,35.31244084512058,20.178912468583487,Moderate
NOR,1999,Eurostat,1999,14.99826484794402,34.68940778197992,19.69114293403589,Lower
NOR,2000,Eurostat,1999,14.670212343981383,34.34458959170721,19.67437724772583,Lower
NOR,2001,Eurostat,1999,14.323161375033616,35.10069131349564,20.777529938462024,Moderate
NOR,2002,Eurostat,1999,14.043547952137253,35.22666327300494,21.18311532086769,Moderate
NOR,2003,Eurostat,1999,13.941412178632204,35.794853516074134,21.85344133744193,Moderate
NOR,2004,Eurostat,1999,13.52507718770857,34.627301387479584,21.10222419977101,Lower
NOR,2005,Eurostat,1999,12.988968390170076,34.002099660257926,21.013131270087847,Lower
NOR,2006,Eurostat,1999,12.314246662983104,33.59021335582245,21.275966692839347,Lower
NOR,2007,Eurostat,1999,12.090228937064964,32.50469021896752,20.41446128190255,Lower
NOR,2008,Eurostat,1999,12.27170418354043,33.30205425694536,21.03035007340493,Lower
NOR,2009,Eurostat,1999,12.701088420285492,34.23881873920689,21.5377303189214,Lower
NOR,2010,Eurostat,1999,12.250808726276034,34.61487896992973,22.36407024365369,Lower
NOR,2011,Eurostat,1999,12.296253544258688,34.09363815249221,21.797384608233525,Lower
NOR,2012,Eurostat,1999,12.433953130995553,33.601841089862766,21.16788795886721,Lower
NOR,2013,Eurostat,1999,12.38549471816213,34.34488964109925,21.95939492293712,Lower
NOR,2014,Eurostat,1999,12.454304520613858,34.310236045609834,21.85593152499597,Lower
NOR,2015,Eurostat,1999,12.198695151550568,34.57371027492023,22.37501512336966,Lower
NOR,2016,Eurostat,1999,12.153695788628912,34.613291497634535,22.459595709005622,Lower
NOR,2017,Eurostat,1999,11.68750468316098,34.09636374783061,22.408859064669628,Lower
NOR,2018,Eurostat,1999,11.597853179295916,34.44337305558082,22.845519876284907,Lower
NOR,2019,Eurostat,1999,11.41749964803604,34.374067295508944,22.95656764747289,Lower
NOR,2020,Eurostat,1999,13.403218540251713,36.420927924999575,23.01770938474786,Moderate
NOR,2021,Eurostat,1999,12.56047065352691,36.2023015835963,23.64183093006939,Moderate
NOR,2022,Eurostat,1999,11.397830757215605,34.320128753172,22.92229799595639,Lower
NOR,2023,Eurostat,1999,11.70253229540024,34.823670381571084,23.12113808617085,Lower
NZL,1995,OECD,1999,13.233964109755028,37.50642820010746,24.27246409035244,Moderate
NZL,1996,OECD,1999,13.169323198824326,37.81613452419212,24.6468113253678,Moderate
NZL,1997,OECD,1999,13.257249057553858,38.75404801025355,25.496798952699688,Moderate
NZL,1998,OECD,1999,13.258637543447971,38.81058943002353,25.55195188657556,Moderate
NZL,1999,OECD,1999,13.171527154444044,38.01310331798188,24.841576163537844,Moderate
NZL,2000,OECD,1999,13.31926961402421,37.7028503222942,24.383580708269985,Moderate
NZL,2001,OECD,1999,13.380874533875156,36.72459648978676,23.343721955911604,Moderate
NZL,2002,OECD,1999,13.48370850676469,36.33901165005668,22.85530314329199,Moderate
NZL,2003,OECD,1999,13.450857832037116,36.34537455577097,22.894516723733847,Moderate
NZL,2004,OECD,1999,13.22972009354599,36.403312182363294,23.17359208881731,Moderate
NZL,2005,OECD,1999,13.287424266447578,36.5297125778438,23.24228831139622,Moderate
NZL,2006,OECD,1999,13.354690179037313,36.856864544309815,23.502174365272506,Moderate
NZL,2007,OECD,1999,13.505554806777363,37.42034059598798,23.91478578921061,Moderate
NZL,2008,OECD,1999,13.822253226533288,38.55906493103573,24.73681170450244,Moderate
NZL,2009,OECD,1999,14.32891887017712,39.34611391897229,25.01719504879517,Moderate
NZL,2010,OECD,1999,14.255148834419758,39.49895428467836,25.2438054502586,Moderate
NZL,2011,OECD,1999,14.200884525127528,39.27090759064112,25.070023065513595,Moderate
NZL,2012,OECD,1999,13.911966589752604,39.49138750728532,25.579420917532715,Moderate
NZL,2013,OECD,1999,13.68185548389633,39.24532230907105,25.563466825174725,Moderate
NZL,2014,OECD,1999,13.370846816024272,38.8968815251675,25.526034709143232,Moderate
NZL,2015,OECD,1999,13.084415535204656,38.27002081974011,25.185605284535463,Moderate
NZL,2016,OECD,1999,12.763493428836036,37.598528236491,24.835034807654967,Moderate
NZL,2017,OECD,1999,12.768751196054914,37.64239922676287,24.873648030707955,Moderate
NZL,2018,OECD,1999,12.44988692992844,37.3162184055885,24.866331475660058,Moderate
NZL,2019,OECD,1999,12.331260234480094,37.60378174185944,25.27252150737934,Moderate
NZL,2020,OECD,1999,13.118141376283656,40.07908293466188,26.960941558378227,Moderate
NZL,2021,OECD,1999,12.870161424451048,39.103702640681846,26.2335412162308,Moderate
NZL,2022,OECD,1999,12.430965977100987,37.869498779100766,25.43853280199978,Moderate
NZL,2023,OECD,1999,12.26919988244,37.73979202713892,25.47059214469892,Moderate
NZL,2024,OECD,1999,12.189769613474285,38.493356793520775,26.30358718004649,Moderate
POL,1995,Eurostat,2018,30.58094383196181,47.64302196216404,17.062078130202227,Higher
POL,1996,Eurostat,2018,29.350486383533784,46.36945774448741,17.018971360953625,Higher
POL,1997,Eurostat,2018,27.571980147436715,46.19247590164029,18.62049575420357,Higher
POL,1998,Eurostat,2018,25.68638827242487,44.69071372781817,19.004325455393296,Moderate
POL,1999,Eurostat,2018,23.80149953668644,43.555167239733024,19.753667703046577,Moderate
POL,2000,Eurostat,2018,23.57854350975907,42.93133969020922,19.35279618045016,Moderate
POL,2001,Eurostat,2018,23.83381929967027,44.80247526241391,20.96865596274364,Moderate
POL,2002,Eurostat,2018,22.698904900441025,44.20608763284448,21.50718273240346,Moderate
POL,2003,Eurostat,2018,22.1786165456723,43.97057719377151,21.791960648099213,Moderate
POL,2004,Eurostat,2018,22.16460959387391,43.7166600041388,21.552050410264894,Moderate
POL,2005,Eurostat,2018,22.20636460528528,44.77369958756104,22.567334982275767,Moderate
POL,2006,Eurostat,2018,22.224028180208776,44.78360133648962,22.559573156280845,Moderate
POL,2007,Eurostat,2018,21.772775893808472,43.84759498331723,22.07481908950876,Moderate
POL,2008,Eurostat,2018,20.97343782316769,42.79030232100609,21.8168644978384,Moderate
POL,2009,Eurostat,2018,20.560754996186407,44.08468790358934,23.523932907402937,Moderate
POL,2010,Eurostat,2018,20.176090848246467,42.69321157101111,22.51712072276463,Moderate
POL,2011,Eurostat,2018,19.709642251347663,41.76182646842301,22.052184217075347,Moderate
POL,2012,Eurostat,2018,19.15604780057306,41.25910514054685,22.103057339973795,Moderate
POL,2013,Eurostat,2018,19.02874834002752,40.82300658652697,21.794258246499453,Moderate
POL,2014,Eurostat,2018,17.84525703139771,39.557525594043085,21.71226856264537,Moderate
POL,2015,Eurostat,2018,17.496368995468224,39.41744374465321,21.92107474918499,Moderate
POL,2016,Eurostat,2018,17.8134449168006,38.787127848590686,20.973682931790087,Moderate
POL,2017,Eurostat,2018,17.82485995559641,37.95018399714492,20.12532404154852,Moderate
POL,2018,Eurostat,2018,17.390790157657417,36.87108663936288,19.480296481705462,Moderate
POL,2019,Eurostat,2018,17.38879847323079,36.994932645881306,19.60613417265052,Moderate
POL,2020,Eurostat,2018,19.137247397196443,39.99720128650051,20.85995388930408,Moderate
POL,2021,Eurostat,2018,18.628077639700454,39.495999618022125,20.867921978321675,Moderate
POL,2022,Eurostat,2018,18.469947557320204,38.96233443093591,20.492386873615708,Moderate
POL,2023,Eurostat,2018,18.363632515495453,39.48432800032624,21.1206954848308,Moderate
POL,2024,Eurostat,2018,17.950793297147577,38.50365402649344,20.55286072934586,Moderate
PRT,1995,Eurostat,2018,18.448215700733453,31.51886745426449,13.07065175353104,Lower
PRT,1996,Eurostat,2018,18.188818353359228,31.28627194148505,13.097453588125822,Lower
PRT,1997,Eurostat,2018,17.47944798391621,30.374833597656565,12.89538561374036,Lower
PRT,1998,Eurostat,2018,17.558394693126207,30.14847012077403,12.590075427647824,Lower
PRT,1999,Eurostat,2018,17.11545853121478,29.473423625904715,12.357965094689936,Lower
PRT,2000,Eurostat,2018,16.517312765800593,28.75571180477924,12.238399038978647,Lower
PRT,2001,Eurostat,2018,17.027194814199675,29.61529202952718,12.588097215327506,Lower
PRT,2002,Eurostat,2018,16.768568466785077,29.871093122398808,13.102524655613731,Lower
PRT,2003,Eurostat,2018,16.839554555041172,30.65463057834551,13.81507602330434,Lower
PRT,2004,Eurostat,2018,16.582168410025883,30.621049473432628,14.038881063406745,Lower
PRT,2005,Eurostat,2018,15.862660628722534,30.21696363112314,14.354303002400604,Lower
PRT,2006,Eurostat,2018,15.75961697513279,30.194636916686573,14.435019941553788,Lower
PRT,2007,Eurostat,2018,15.715418496101057,30.298117009930888,14.582698513829834,Lower
PRT,2008,Eurostat,2018,16.026399321369613,31.01162712290519,14.985227801535578,Lower
PRT,2009,Eurostat,2018,16.38325289941127,32.74515937068987,16.361906471278598,Lower
PRT,2010,Eurostat,2018,15.901366638941624,32.47855198611859,16.57718534717696,Lower
PRT,2011,Eurostat,2018,16.459609171032795,33.667879268574794,17.208270097542,Lower
PRT,2012,Eurostat,2018,17.349837555717073,35.92514427329171,18.57530671757464,Moderate
PRT,2013,Eurostat,2018,17.83300940995236,36.86335504188273,19.030345631930366,Moderate
PRT,2014,Eurostat,2018,17.309197287023924,36.54369964834301,19.234502361319084,Moderate
PRT,2015,Eurostat,2018,17.21646871824398,36.20221167481508,18.98574295657109,Moderate
PRT,2016,Eurostat,2018,16.966966966966968,35.59675442860357,18.6297874616366,Moderate
PRT,2017,Eurostat,2018,16.779464570982615,34.70546465628252,17.926000085299908,Lower
PRT,2018,Eurostat,2018,16.46944553278253,34.07133360309844,17.60188807031592,Lower
PRT,2019,Eurostat,2018,16.202049618687482,33.584542169339976,17.382492550652493,Lower
PRT,2020,Eurostat,2018,18.79045621766003,39.00090932729782,20.21045310963779,Moderate
PRT,2021,Eurostat,2018,18.355212910362184,37.27417222879847,18.918959318436286,Moderate
PRT,2022,Eurostat,2018,17.827614142181115,34.611215573498505,16.78360143131739,Lower
PRT,2023,Eurostat,2018,18.362694814043955,34.22461188610003,15.861917072056077,Lower
PRT,2024,Eurostat,2018,18.174963541499555,34.193260585385346,16.018297043885788,Lower
ROU,2010,Eurostat,2018,25.72182315453829,52.324130064257005,26.60230690971871,Higher
ROU,2011,Eurostat,2018,26.71506211663226,53.1479271595543,26.43286504292204,Higher
ROU,2012,Eurostat,2018,26.871033739954783,52.63965468423768,25.76862094428289,Higher
ROU,2013,Eurostat,2018,25.54876170631705,51.38836698668755,25.83960528037049,Higher
ROU,2014,Eurostat,2018,25.50881760871632,51.62421622711503,26.11539861839871,Higher
ROU,2015,Eurostat,2018,24.935455348003885,51.545259378593066,26.60980403058917,Higher
ROU,2016,Eurostat,2018,23.056709321731635,49.92810685476313,26.87139753303149,Higher
ROU,2017,Eurostat,2018,25.234511583504737,51.03885632623245,25.804344742727714,Higher
ROU,2018,Eurostat,2018,25.498972646044106,50.01100070479092,24.51202805874681,Higher
ROU,2019,Eurostat,2018,25.13429731693353,49.876995208463306,24.74269789152978,Higher
ROU,2020,Eurostat,2018,25.197923165952385,50.697442038501215,25.499518872548823,Higher
ROU,2021,Eurostat,2018,25.061689184923868,50.05126764579224,24.98957846086837,Higher
ROU,2022,Eurostat,2018,24.740328613359903,48.47739703646626,23.737068423106354,Higher
ROU,2023,Eurostat,2018,23.048412409056738,50.06946121393771,27.02104880488096,Higher
ROU,2024,Eurostat,2018,23.10916255849011,50.20146267123342,27.09230011274332,Higher
SRB,1995,Eurostat,2018,24.09617967715448,52.338992543512,28.24281286635752,Higher
SRB,1996,Eurostat,2018,23.548975121987286,51.38968468135443,27.84070955936715,Higher
SRB,1997,Eurostat,2018,24.56895584042386,51.34411317902551,26.77515733860165,Higher
SRB,1998,Eurostat,2018,25.814055211606394,50.77805222660691,24.963997015000505,Higher
SRB,1999,Eurostat,2018,28.17319536971845,53.21838008392016,25.045184714201707,Higher
SRB,2000,Eurostat,2018,33.891833731305574,55.642911604505386,21.751077873199804,Higher
SRB,2001,Eurostat,2018,35.54777855324402,56.87855985460363,21.33078130135961,Higher
SRB,2002,Eurostat,2018,32.43376025357357,54.71267679387329,22.278916540299733,Higher
SRB,2003,Eurostat,2018,30.087861685087635,52.6706039229727,22.58274223788507,Higher
SRB,2004,Eurostat,2018,28.070151429459468,51.4435832998002,23.373431870340728,Higher
SRB,2005,Eurostat,2018,26.95368845179655,49.88166024517731,22.92797179338076,Higher
SRB,2006,Eurostat,2018,26.41627036840936,47.90428524098212,21.48801487257276,Higher
SRB,2007,Eurostat,2018,25.060134085765394,45.84992999449959,20.78979590873419,Higher
SRB,2008,Eurostat,2018,25.64418944037614,45.50204685216584,19.8578574117897,Higher
SRB,2009,Eurostat,2018,25.74545745740705,46.39286135160946,20.647403894202405,Higher
SRB,2010,Eurostat,2018,25.21944903229286,46.41701395600367,21.1975649237108,Higher
SRB,2011,Eurostat,2018,26.52197062934337,47.50826709301688,20.98629646367351,Higher
SRB,2012,Eurostat,2018,26.05227214137909,47.27286867666927,21.22059653529018,Higher
SRB,2013,Eurostat,2018,26.230138356025467,47.07954162683607,20.849403270810605,Higher
SRB,2014,Eurostat,2018,24.70288514523552,46.29074357470439,21.58785842946887,Higher
SRB,2015,Eurostat,2018,24.95072624100793,46.602886491494,21.65216025048607,Higher
SRB,2016,Eurostat,2018,24.56226470481548,46.16380536232387,21.601540657508394,Higher
SRB,2017,Eurostat,2018,24.288680105084428,45.40186457185431,21.113184466769887,Higher
SRB,2018,Eurostat,2018,23.580382605183445,44.293050453028016,20.71266784784457,Moderate
SRB,2019,Eurostat,2018,22.99369456167509,43.43376738227413,20.44007282059905,Moderate
SRB,2020,Eurostat,2018,24.02720699721604,45.19354973822443,21.166342741008386,Higher
SRB,2021,Eurostat,2018,22.74596464901909,43.056045358431234,20.310080709412144,Moderate
SRB,2022,Eurostat,2018,23.605931339552512,42.45026290808255,18.84433156853004,Moderate
SRB,2023,Eurostat,2018,24.119706840166145,42.75362565482473,18.63391881465858,Moderate
SRB,2024,Eurostat,2018,23.578072769001803,41.81729866751917,18.23922589851736,Moderate
SVK,1995,Eurostat,2018,20.32950132646392,54.16009842746742,33.8305971010035,Higher
SVK,1996,Eurostat,2018,19.71240942028985,51.70533723522854,31.99292781493869,Higher
SVK,1997,Eurostat,2018,20.7364434387688,51.21322998411246,30.476786545343664,Higher
SVK,1998,Eurostat,2018,20.458704226173555,49.65990857992696,29.2012043537534,Higher
SVK,1999,Eurostat,2018,20.130046237192165,49.200605912275016,29.07055967508285,Higher
SVK,2000,Eurostat,2018,19.40688639117933,49.0792006273317,29.672314236152364,Higher
SVK,2001,Eurostat,2018,17.829160591980365,46.35046831898134,28.521307727000973,Higher
SVK,2002,Eurostat,2018,17.457204861955873,47.11455180668957,29.657346944733693,Higher
SVK,2003,Eurostat,2018,16.27011960175258,48.14767582732896,31.877556225576377,Higher
SVK,2004,Eurostat,2018,14.851116327135522,48.69181039662258,33.84069406948706,Higher
SVK,2005,Eurostat,2018,14.52602473564249,46.66330381496843,32.13727907932593,Higher
SVK,2006,Eurostat,2018,14.6840801293092,46.71493680277696,32.03085667346777,Higher
SVK,2007,Eurostat,2018,15.245645256970286,46.89700216314033,31.65135690617004,Higher
SVK,2008,Eurostat,2018,15.169609140496402,46.611582695887,31.44197355539059,Higher
SVK,2009,Eurostat,2018,15.550687684345862,46.91487407759543,31.36418639324956,Higher
SVK,2010,Eurostat,2018,15.19479489010553,46.427305667962656,31.23251077785713,Higher
SVK,2011,Eurostat,2018,15.146483309166316,46.77487253847234,31.62838922930602,Higher
SVK,2012,Eurostat,2018,15.86006837897772,46.79354654626093,30.93347816728321,Higher
SVK,2013,Eurostat,2018,15.827296639260204,46.76927166000937,30.94197502074918,Higher
SVK,2014,Eurostat,2018,15.06477675618222,46.80798876162303,31.743212005440807,Higher
SVK,2015,Eurostat,2018,15.29861894160619,46.04403388556395,30.745414943957748,Higher
SVK,2016,Eurostat,2018,15.220350479446964,45.74816026165168,30.52780978220472,Higher
SVK,2017,Eurostat,2018,16.414660014242752,45.30805934914554,28.893399334902792,Higher
SVK,2018,Eurostat,2018,16.599841100604724,44.855529163802224,28.2556880631975,Moderate
SVK,2019,Eurostat,2018,16.87385379782312,45.25748168517842,28.383627887355303,Higher
SVK,2020,Eurostat,2018,19.81842406370708,49.79477196458329,29.97634790087621,Higher
SVK,2021,Eurostat,2018,19.65520557564629,49.75367938582246,30.09847381017617,Higher
SVK,2022,Eurostat,2018,18.356413024769594,47.56857406625045,29.21216104148085,Higher
SVK,2023,Eurostat,2018,19.86918038642732,48.57527251646224,28.70609213003493,Higher
SVK,2024,Eurostat,2018,19.713435735535185,47.36189225139502,27.64845651585983,Higher
SVN,1995,Eurostat,2018,17.173580069394518,36.6056078272014,19.43202775780688,Moderate
SVN,1996,Eurostat,2018,16.77340237089522,36.20793023572694,19.43452786483172,Moderate
SVN,1997,Eurostat,2018,16.88801562177831,36.27454547659766,19.386529854819344,Moderate
SVN,1998,Eurostat,2018,17.017255454535288,36.46458885496695,19.447333400431667,Moderate
SVN,1999,Eurostat,2018,16.45778035005089,35.540942383299736,19.08316203324885,Moderate
SVN,2000,Eurostat,2018,16.293367654003205,35.72466921602578,19.431301562022576,Moderate
SVN,2001,Eurostat,2018,16.54534921794323,35.68663996843228,19.14129075048905,Moderate
SVN,2002,Eurostat,2018,16.209877678653545,34.78570771636163,18.575830037708084,Lower
SVN,2003,Eurostat,2018,15.97859595654586,34.03018194841401,18.051585991868148,Lower
SVN,2004,Eurostat,2018,15.19666111947592,33.8246559420979,18.62799482262197,Lower
SVN,2005,Eurostat,2018,14.470127778575398,33.398460664548466,18.92833288597308,Lower
SVN,2006,Eurostat,2018,14.075592368633014,33.46056285539113,19.38497048675812,Lower
SVN,2007,Eurostat,2018,13.862291321799905,32.50403020762332,18.641738885823404,Lower
SVN,2008,Eurostat,2018,14.239176596967198,33.087011916360645,18.84783531939344,Lower
SVN,2009,Eurostat,2018,14.47089265178253,33.62711662767181,19.156223975889283,Lower
SVN,2010,Eurostat,2018,14.195502225958691,33.82024189388005,19.62473966792136,Lower
SVN,2011,Eurostat,2018,14.580888516345349,34.27214305671976,19.691254540374405,Lower
SVN,2012,Eurostat,2018,14.956216510635128,34.93787446405378,19.98165795341865,Lower
SVN,2013,Eurostat,2018,15.022107449829427,35.227077814411764,20.20497036458234,Moderate
SVN,2014,Eurostat,2018,14.772197169958016,34.598040740164826,19.82584357020681,Lower
SVN,2015,Eurostat,2018,14.740113282172643,34.49131858411178,19.75120530193913,Lower
SVN,2016,Eurostat,2018,14.588757369979689,34.213257463921764,19.624500093942075,Lower
SVN,2017,Eurostat,2018,14.108671253180717,33.25722461638637,19.148553363205647,Lower
SVN,2018,Eurostat,2018,13.910804851605358,32.68742716298032,18.77662231137496,Lower
SVN,2019,Eurostat,2018,13.861363549944866,32.21567359975664,18.35431004981178,Lower
SVN,2020,Eurostat,2018,15.80671545782178,36.743318196147264,20.93660273832548,Moderate
SVN,2021,Eurostat,2018,14.035197779934537,33.44896174298757,19.41376396305304,Lower
SVN,2022,Eurostat,2018,13.826172486252068,32.77021632634813,18.94404384009606,Lower
SVN,2023,Eurostat,2018,14.04676993114708,32.3608715212294,18.31410159008232,Lower
SVN,2024,Eurostat,2018,14.624544019319124,32.63928845755943,18.014744438240303,Lower
SWE,1995,Eurostat,2018,13.601528711418824,43.99148877170855,30.389960060289727,Moderate
SWE,1996,Eurostat,2018,12.692434401872726,43.76528303445906,31.072848632586336,Moderate
SWE,1997,Eurostat,2018,12.442354539638613,43.01742335993065,30.575068820292035,Moderate
SWE,1998,Eurostat,2018,12.2053850895018,41.80145813077328,29.59607304127148,Moderate
SWE,1999,Eurostat,2018,11.855561582726718,39.85143444566253,27.995872862935805,Moderate
SWE,2000,Eurostat,2018,11.61317684950312,38.47348463451091,26.860307785007787,Moderate
SWE,2001,Eurostat,2018,11.894519367927357,38.79019133075314,26.89567196282578,Moderate
SWE,2002,Eurostat,2018,12.15764451260708,39.09281679311095,26.935172280503867,Moderate
SWE,2003,Eurostat,2018,12.014666410039387,39.400635716235726,27.38596930619634,Moderate
SWE,2004,Eurostat,2018,11.792617930466765,38.77133888000648,26.97872094953972,Moderate
SWE,2005,Eurostat,2018,11.527856115645369,38.17798778551818,26.650131669872813,Moderate
SWE,2006,Eurostat,2018,11.565517645830385,37.83336694716335,26.26784930133297,Moderate
SWE,2007,Eurostat,2018,11.54773705680552,37.36121612882955,25.81347907202402,Moderate
SWE,2008,Eurostat,2018,11.814438956375332,38.021532815510994,26.20709385913566,Moderate
SWE,2009,Eurostat,2018,12.132248819366795,38.7886354904063,26.6563866710395,Moderate
SWE,2010,Eurostat,2018,11.750613550585394,38.37106052378663,26.62044697320124,Moderate
SWE,2011,Eurostat,2018,11.640907402274992,38.03140644993897,26.39049904766397,Moderate
SWE,2012,Eurostat,2018,12.01511414070728,38.16861066615209,26.153496525444808,Moderate
SWE,2013,Eurostat,2018,12.05289951935383,38.15630954751003,26.1034100281562,Moderate
SWE,2014,Eurostat,2018,12.01225883836931,37.803053092956645,25.79079425458734,Moderate
SWE,2015,Eurostat,2018,12.01319612641268,37.32069234328688,25.3074962168742,Moderate
SWE,2016,Eurostat,2018,12.146781255263548,37.54126369531079,25.394482440047245,Moderate
SWE,2017,Eurostat,2018,12.098874864200216,37.56209897195073,25.46322410775052,Moderate
SWE,2018,Eurostat,2018,12.2896679532091,37.92257905179625,25.63291109858716,Moderate
SWE,2019,Eurostat,2018,12.19077455142606,38.02754203174915,25.836767480323093,Moderate
SWE,2020,Eurostat,2018,13.166289079784695,40.16955488981495,27.003265810030253,Moderate
SWE,2021,Eurostat,2018,12.666227742387036,39.08379217020094,26.417564427813904,Moderate
SWE,2022,Eurostat,2018,12.479688585351983,37.514168732899975,25.03448014754799,Moderate
SWE,2023,Eurostat,2018,12.896438678801522,37.464356720194765,24.567918041393245,Moderate
SWE,2024,Eurostat,2018,12.931945419587976,37.7798348008753,24.84788938128732,Moderate
TUR,2009,Eurostat,2018,22.46800987547863,44.41332301384486,21.94531313836623,Moderate
TUR,2010,Eurostat,2018,22.98937074008345,43.678219320932186,20.68884858084873,Moderate
TUR,2011,Eurostat,2018,22.17837436786952,41.291990836503736,19.113616468634223,Moderate
TUR,2012,Eurostat,2018,22.374844383743444,41.41149443280346,19.03665004906001,Moderate
TUR,2013,Eurostat,2018,20.79692539584582,39.0675508113456,18.270625415499776,Moderate
TUR,2014,Eurostat,2018,21.18471738715677,39.01968973142454,17.83497234426778,Moderate
TUR,2015,Eurostat,2018,22.639682570736262,38.59197969452611,15.95229712378985,Moderate
TUR,2016,Eurostat,2018,22.45800881218088,38.701514299622566,16.24350548744168,Moderate
TUR,2017,Eurostat,2018,21.738530489334792,37.59462264609796,15.856092156763172,Moderate
TUR,2018,Eurostat,2018,21.857621734491577,37.57364147165041,15.716019737158833,Moderate
TUR,2019,Eurostat,2018,21.759631015799734,37.86310191592197,16.10347090012224,Moderate
TUR,2020,Eurostat,2018,24.260105171711803,41.229832389002496,16.969727217290696,Moderate
TUR,2021,Eurostat,2018,23.501109033627102,38.27271651140519,14.77160747777809,Moderate
TUR,2022,Eurostat,2018,21.87165985232153,35.4812369368045,13.609577084482968,Moderate
TUR,2023,Eurostat,2018,22.6999138883468,35.72231826729195,13.02240437894515,Moderate
TUR,2024,Eurostat,2018,21.608140312247983,36.78390900493484,15.175768692686855,Moderate
USA,1995,OECD,1999,7.962578154203813,26.94336028511882,18.98078213091501,Lower
USA,1996,OECD,1999,7.8144296090255985,26.743542871672982,18.92911326264738,Lower
USA,1997,OECD,1999,7.576060120155967,26.33483963771684,18.75877951756087,Lower
USA,1998,OECD,1999,7.320936677308941,25.98488986423821,18.66395318692928,Lower
USA,1999,OECD,1999,7.220891881781013,25.633935102701432,18.41304322092042,Lower
USA,2000,OECD,1999,6.989834309240249,25.30685526910552,18.31702095986527,Lower
USA,2001,OECD,1999,6.986526891918307,25.85313515822396,18.866608266305647,Lower
USA,2002,OECD,1999,6.8565237081888055,25.6345293638518,18.77800565566299,Lower
USA,2003,OECD,1999,6.820688420268231,25.516831544912417,18.696143124644184,Lower
USA,2004,OECD,1999,6.772259580328932,25.293987872291364,18.521728291962432,Lower
USA,2005,OECD,1999,6.726855644726576,25.452010367723243,18.72515472299667,Lower
USA,2006,OECD,1999,6.665956551350805,25.37225414849995,18.706297597149145,Lower
USA,2007,OECD,1999,6.68816594884801,25.4872326424309,18.79906669358289,Lower
USA,2008,OECD,1999,6.821707029765259,26.30609042622908,19.48438339646382,Lower
USA,2009,OECD,1999,6.972408157110175,27.00189761027744,20.02948945316727,Lower
USA,2010,OECD,1999,6.804759405902093,26.57375050662044,19.76899110071835,Lower
USA,2011,OECD,1999,6.818266788547518,26.13927152323609,19.32100473468857,Lower
USA,2012,OECD,1999,6.823491402473167,25.828533056451107,19.00504165397794,Lower
USA,2013,OECD,1999,6.7951162813987205,25.846561116268223,19.051444834869503,Lower
USA,2014,OECD,1999,6.795455176253419,25.591312240168342,18.795857063914923,Lower
USA,2015,OECD,1999,6.755206860478477,25.25892136478944,18.50371450431096,Lower
USA,2016,OECD,1999,6.697848181537239,25.16926594721624,18.471417765679,Lower
USA,2017,OECD,1999,6.673951660738908,25.015215738680613,18.3412640779417,Lower
USA,2018,OECD,1999,6.570695082410409,24.921120384162105,18.35042530175169,Lower
USA,2019,OECD,1999,6.563068430101766,24.992967066771136,18.429898636669368,Lower
USA,2020,OECD,1999,7.35626003618476,27.03077157825136,19.6745115420666,Lower
USA,2021,OECD,1999,6.944745794499073,25.248778965751296,18.30403317125222,Lower
USA,2022,OECD,1999,6.893415534599434,25.2852047421362,18.39178920753677,Lower
USA,2023,OECD,1999,6.676629992145251,25.35582913264515,18.679199140499904,Lower
USA,2024,OECD,1999,6.508955519014216,25.39777907291385,18.88882355389963,Lower
XKX,2008,Eurostat,1999,41.873538906824,61.85016141600801,19.97662250918401,Higher
XKX,2009,Eurostat,1999,41.22946618833112,60.7719903973242,19.54252420899307,Higher
XKX,2010,Eurostat,1999,40.6413612565445,59.56504228755537,18.923681031010872,Higher
XKX,2011,Eurostat,1999,41.90672625186204,59.6929070700126,17.78618081815057,Higher
XKX,2012,Eurostat,1999,40.43869756326548,58.43468612640294,17.995988563137455,Higher
XKX,2013,Eurostat,1999,41.76453912198283,59.624574761056216,17.860035639073384,Higher
XKX,2014,Eurostat,1999,35.71145012193047,52.052023667744194,16.340573545813722,Higher
XKX,2015,Eurostat,1999,34.17921120665945,50.42630044555272,16.24708923889327,Higher
XKX,2016,Eurostat,1999,35.751092001092005,51.26433251433251,15.513240513240516,Higher
XKX,2017,Eurostat,1999,35.26786433577701,50.29565777813583,15.02779344235882,Higher
